break_type,priority,stage_detected,confidence_score,account_id,currency,amount_bank,amount_internal,transaction_date_bank,transaction_date_internal,reference_id_bank,reference_id_internal,raw_reference_bank,raw_reference_internal,bank_transaction_id,ledger_transaction_id,description_bank,description_internal,recommended_review_action,exception_explanation,recommended_next_step,risk_control_consideration,draft_analyst_note
Duplicate Bank Transaction,High,duplicate_detection,1.0,ACC1001,CAD,10126.09,,2026-03-08,,REF000469,,REF000469,,BK-S000469-B1,,Withdrawal - North Ridge Treasury,,Review duplicate records detected on the bank side before reconciliation is finalized.,Duplicate transaction details were detected on the bank side.,"Confirm whether this is a true repeated posting, file-load duplication, or bank-feed issue.",Duplicate bank records may overstate activity if not removed or corrected before sign-off.,"Duplicate Bank Transaction flagged for account ACC1001. Review bank/internal records, confirm root cause, and document resolution before reconciliation sign-off."
Duplicate Bank Transaction,High,duplicate_detection,1.0,ACC1001,CAD,12945.74,,2026-03-08,,REF000472,,REF000472,,BK-S000472-B1,,Fee - Lakeview Partners,,Review duplicate records detected on the bank side before reconciliation is finalized.,Duplicate transaction details were detected on the bank side.,"Confirm whether this is a true repeated posting, file-load duplication, or bank-feed issue.",Duplicate bank records may overstate activity if not removed or corrected before sign-off.,"Duplicate Bank Transaction flagged for account ACC1001. Review bank/internal records, confirm root cause, and document resolution before reconciliation sign-off."
Duplicate Bank Transaction,High,duplicate_detection,1.0,ACC1002,CAD,251.89,,2026-03-26,,REF000466,,REF000466,,BK-S000466-B1,,Wire Out - Evergreen Custody,,Review duplicate records detected on the bank side before reconciliation is finalized.,Duplicate transaction details were detected on the bank side.,"Confirm whether this is a true repeated posting, file-load duplication, or bank-feed issue.",Duplicate bank records may overstate activity if not removed or corrected before sign-off.,"Duplicate Bank Transaction flagged for account ACC1002. Review bank/internal records, confirm root cause, and document resolution before reconciliation sign-off."
Duplicate Bank Transaction,High,duplicate_detection,1.0,ACC1002,CAD,701.22,,2026-04-02,,REF000475,,REF000475,,BK-S000475-B1,,Wire In - North Ridge Treasury,,Review duplicate records detected on the bank side before reconciliation is finalized.,Duplicate transaction details were detected on the bank side.,"Confirm whether this is a true repeated posting, file-load duplication, or bank-feed issue.",Duplicate bank records may overstate activity if not removed or corrected before sign-off.,"Duplicate Bank Transaction flagged for account ACC1002. Review bank/internal records, confirm root cause, and document resolution before reconciliation sign-off."
Duplicate Bank Transaction,High,duplicate_detection,1.0,ACC1002,CAD,4848.97,,2026-04-15,,REF000473,,REF000473,,BK-S000473-B1,,Fee - Summit Client Account,,Review duplicate records detected on the bank side before reconciliation is finalized.,Duplicate transaction details were detected on the bank side.,"Confirm whether this is a true repeated posting, file-load duplication, or bank-feed issue.",Duplicate bank records may overstate activity if not removed or corrected before sign-off.,"Duplicate Bank Transaction flagged for account ACC1002. Review bank/internal records, confirm root cause, and document resolution before reconciliation sign-off."
Duplicate Bank Transaction,High,duplicate_detection,1.0,ACC1002,CAD,8226.79,,2026-04-13,,REF000470,,REF000470,,BK-S000470-B1,,Withdrawal - Cedar Prime LP,,Review duplicate records detected on the bank side before reconciliation is finalized.,Duplicate transaction details were detected on the bank side.,"Confirm whether this is a true repeated posting, file-load duplication, or bank-feed issue.",Duplicate bank records may overstate activity if not removed or corrected before sign-off.,"Duplicate Bank Transaction flagged for account ACC1002. Review bank/internal records, confirm root cause, and document resolution before reconciliation sign-off."
Duplicate Bank Transaction,High,duplicate_detection,1.0,ACC1002,CAD,8490.21,,2026-04-14,,REF000463,,REF000463,,BK-S000463-B1,,Wire Out - Cedar Prime LP,,Review duplicate records detected on the bank side before reconciliation is finalized.,Duplicate transaction details were detected on the bank side.,"Confirm whether this is a true repeated posting, file-load duplication, or bank-feed issue.",Duplicate bank records may overstate activity if not removed or corrected before sign-off.,"Duplicate Bank Transaction flagged for account ACC1002. Review bank/internal records, confirm root cause, and document resolution before reconciliation sign-off."
Duplicate Bank Transaction,High,duplicate_detection,1.0,ACC1002,CAD,10681.44,,2026-03-28,,REF000461,,REF000461,,BK-S000461-B1,,Deposit - Summit Client Account,,Review duplicate records detected on the bank side before reconciliation is finalized.,Duplicate transaction details were detected on the bank side.,"Confirm whether this is a true repeated posting, file-load duplication, or bank-feed issue.",Duplicate bank records may overstate activity if not removed or corrected before sign-off.,"Duplicate Bank Transaction flagged for account ACC1002. Review bank/internal records, confirm root cause, and document resolution before reconciliation sign-off."
Duplicate Bank Transaction,High,duplicate_detection,1.0,ACC1002,CAD,23922.14,,2026-03-23,,REF000478,,REF000478,,BK-S000478-B1,,Fee - North Ridge Treasury,,Review duplicate records detected on the bank side before reconciliation is finalized.,Duplicate transaction details were detected on the bank side.,"Confirm whether this is a true repeated posting, file-load duplication, or bank-feed issue.",Duplicate bank records may overstate activity if not removed or corrected before sign-off.,"Duplicate Bank Transaction flagged for account ACC1002. Review bank/internal records, confirm root cause, and document resolution before reconciliation sign-off."
Duplicate Bank Transaction,High,duplicate_detection,1.0,ACC2001,USD,130.1,,2026-03-01,,REF000474,,REF000474,,BK-S000474-B1,,Wire Out - Cedar Prime LP,,Review duplicate records detected on the bank side before reconciliation is finalized.,Duplicate transaction details were detected on the bank side.,"Confirm whether this is a true repeated posting, file-load duplication, or bank-feed issue.",Duplicate bank records may overstate activity if not removed or corrected before sign-off.,"Duplicate Bank Transaction flagged for account ACC2001. Review bank/internal records, confirm root cause, and document resolution before reconciliation sign-off."
Duplicate Bank Transaction,High,duplicate_detection,1.0,ACC2001,USD,732.38,,2026-03-08,,REF000477,,REF000477,,BK-S000477-B1,,Interest - Bluewater Holdings,,Review duplicate records detected on the bank side before reconciliation is finalized.,Duplicate transaction details were detected on the bank side.,"Confirm whether this is a true repeated posting, file-load duplication, or bank-feed issue.",Duplicate bank records may overstate activity if not removed or corrected before sign-off.,"Duplicate Bank Transaction flagged for account ACC2001. Review bank/internal records, confirm root cause, and document resolution before reconciliation sign-off."
Duplicate Bank Transaction,High,duplicate_detection,1.0,ACC2001,USD,781.86,,2026-03-30,,REF000476,,REF000476,,BK-S000476-B1,,Fee - Bluewater Holdings,,Review duplicate records detected on the bank side before reconciliation is finalized.,Duplicate transaction details were detected on the bank side.,"Confirm whether this is a true repeated posting, file-load duplication, or bank-feed issue.",Duplicate bank records may overstate activity if not removed or corrected before sign-off.,"Duplicate Bank Transaction flagged for account ACC2001. Review bank/internal records, confirm root cause, and document resolution before reconciliation sign-off."
Duplicate Bank Transaction,High,duplicate_detection,1.0,ACC2001,USD,945.21,,2026-04-09,,REF000468,,REF000468,,BK-S000468-B1,,Deposit - Cedar Prime LP,,Review duplicate records detected on the bank side before reconciliation is finalized.,Duplicate transaction details were detected on the bank side.,"Confirm whether this is a true repeated posting, file-load duplication, or bank-feed issue.",Duplicate bank records may overstate activity if not removed or corrected before sign-off.,"Duplicate Bank Transaction flagged for account ACC2001. Review bank/internal records, confirm root cause, and document resolution before reconciliation sign-off."
Duplicate Bank Transaction,High,duplicate_detection,1.0,ACC2001,USD,8156.85,,2026-03-05,,REF000464,,REF000464,,BK-S000464-B1,,Wire Out - North Ridge Treasury,,Review duplicate records detected on the bank side before reconciliation is finalized.,Duplicate transaction details were detected on the bank side.,"Confirm whether this is a true repeated posting, file-load duplication, or bank-feed issue.",Duplicate bank records may overstate activity if not removed or corrected before sign-off.,"Duplicate Bank Transaction flagged for account ACC2001. Review bank/internal records, confirm root cause, and document resolution before reconciliation sign-off."
Duplicate Bank Transaction,High,duplicate_detection,1.0,ACC2001,USD,24095.44,,2026-03-08,,REF000479,,REF000479,,BK-S000479-B1,,Wire Out - North Ridge Treasury,,Review duplicate records detected on the bank side before reconciliation is finalized.,Duplicate transaction details were detected on the bank side.,"Confirm whether this is a true repeated posting, file-load duplication, or bank-feed issue.",Duplicate bank records may overstate activity if not removed or corrected before sign-off.,"Duplicate Bank Transaction flagged for account ACC2001. Review bank/internal records, confirm root cause, and document resolution before reconciliation sign-off."
Duplicate Bank Transaction,High,duplicate_detection,1.0,ACC2002,USD,676.55,,2026-03-11,,REF000480,,REF000480,,BK-S000480-B1,,Withdrawal - Bluewater Holdings,,Review duplicate records detected on the bank side before reconciliation is finalized.,Duplicate transaction details were detected on the bank side.,"Confirm whether this is a true repeated posting, file-load duplication, or bank-feed issue.",Duplicate bank records may overstate activity if not removed or corrected before sign-off.,"Duplicate Bank Transaction flagged for account ACC2002. Review bank/internal records, confirm root cause, and document resolution before reconciliation sign-off."
Duplicate Bank Transaction,High,duplicate_detection,1.0,ACC3001,CAD,690.0,,2026-03-11,,REF000467,,REF000467,,BK-S000467-B1,,Deposit - Bluewater Holdings,,Review duplicate records detected on the bank side before reconciliation is finalized.,Duplicate transaction details were detected on the bank side.,"Confirm whether this is a true repeated posting, file-load duplication, or bank-feed issue.",Duplicate bank records may overstate activity if not removed or corrected before sign-off.,"Duplicate Bank Transaction flagged for account ACC3001. Review bank/internal records, confirm root cause, and document resolution before reconciliation sign-off."
Duplicate Bank Transaction,High,duplicate_detection,1.0,ACC3001,CAD,797.59,,2026-04-14,,REF000471,,REF000471,,BK-S000471-B1,,Deposit - Cedar Prime LP,,Review duplicate records detected on the bank side before reconciliation is finalized.,Duplicate transaction details were detected on the bank side.,"Confirm whether this is a true repeated posting, file-load duplication, or bank-feed issue.",Duplicate bank records may overstate activity if not removed or corrected before sign-off.,"Duplicate Bank Transaction flagged for account ACC3001. Review bank/internal records, confirm root cause, and document resolution before reconciliation sign-off."
Duplicate Bank Transaction,High,duplicate_detection,1.0,ACC3001,CAD,17482.72,,2026-03-22,,REF000465,,REF000465,,BK-S000465-B1,,Deposit - Evergreen Custody,,Review duplicate records detected on the bank side before reconciliation is finalized.,Duplicate transaction details were detected on the bank side.,"Confirm whether this is a true repeated posting, file-load duplication, or bank-feed issue.",Duplicate bank records may overstate activity if not removed or corrected before sign-off.,"Duplicate Bank Transaction flagged for account ACC3001. Review bank/internal records, confirm root cause, and document resolution before reconciliation sign-off."
Duplicate Bank Transaction,High,duplicate_detection,1.0,ACC3001,CAD,22408.15,,2026-03-24,,REF000462,,REF000462,,BK-S000462-B1,,Wire Out - Lakeview Partners,,Review duplicate records detected on the bank side before reconciliation is finalized.,Duplicate transaction details were detected on the bank side.,"Confirm whether this is a true repeated posting, file-load duplication, or bank-feed issue.",Duplicate bank records may overstate activity if not removed or corrected before sign-off.,"Duplicate Bank Transaction flagged for account ACC3001. Review bank/internal records, confirm root cause, and document resolution before reconciliation sign-off."
Duplicate Ledger Transaction,High,duplicate_detection,1.0,ACC1001,CAD,,14371.14,,2026-03-26,,REF000489,,REF000489,,LD-S000489-L1,,Wire In - Bluewater Holdings,Review duplicate records detected on the ledger side before reconciliation is finalized.,Duplicate transaction details were detected in the internal ledger.,"Review batch upload, manual entry, and journal posting history for duplicate booking.",Duplicate internal records may overstate ledger activity and should be controlled before reporting.,"Duplicate Ledger Transaction flagged for account ACC1001. Review bank/internal records, confirm root cause, and document resolution before reconciliation sign-off."
Duplicate Ledger Transaction,High,duplicate_detection,1.0,ACC1002,CAD,,420.16,,2026-04-01,,REF000482,,REF000482,,LD-S000482-L1,,Interest - Bluewater Holdings,Review duplicate records detected on the ledger side before reconciliation is finalized.,Duplicate transaction details were detected in the internal ledger.,"Review batch upload, manual entry, and journal posting history for duplicate booking.",Duplicate internal records may overstate ledger activity and should be controlled before reporting.,"Duplicate Ledger Transaction flagged for account ACC1002. Review bank/internal records, confirm root cause, and document resolution before reconciliation sign-off."
Duplicate Ledger Transaction,High,duplicate_detection,1.0,ACC1002,CAD,,15874.19,,2026-03-22,,REF000491,,REF000491,,LD-S000491-L1,,Interest - Summit Client Account,Review duplicate records detected on the ledger side before reconciliation is finalized.,Duplicate transaction details were detected in the internal ledger.,"Review batch upload, manual entry, and journal posting history for duplicate booking.",Duplicate internal records may overstate ledger activity and should be controlled before reporting.,"Duplicate Ledger Transaction flagged for account ACC1002. Review bank/internal records, confirm root cause, and document resolution before reconciliation sign-off."
Duplicate Ledger Transaction,High,duplicate_detection,1.0,ACC2001,USD,,592.27,,2026-03-09,,REF000499,,REF000499,,LD-S000499-L1,,Interest - North Ridge Treasury,Review duplicate records detected on the ledger side before reconciliation is finalized.,Duplicate transaction details were detected in the internal ledger.,"Review batch upload, manual entry, and journal posting history for duplicate booking.",Duplicate internal records may overstate ledger activity and should be controlled before reporting.,"Duplicate Ledger Transaction flagged for account ACC2001. Review bank/internal records, confirm root cause, and document resolution before reconciliation sign-off."
Duplicate Ledger Transaction,High,duplicate_detection,1.0,ACC2001,USD,,619.92,,2026-03-27,,REF000495,,REF000495,,LD-S000495-L1,,Wire In - Cedar Prime LP,Review duplicate records detected on the ledger side before reconciliation is finalized.,Duplicate transaction details were detected in the internal ledger.,"Review batch upload, manual entry, and journal posting history for duplicate booking.",Duplicate internal records may overstate ledger activity and should be controlled before reporting.,"Duplicate Ledger Transaction flagged for account ACC2001. Review bank/internal records, confirm root cause, and document resolution before reconciliation sign-off."
Duplicate Ledger Transaction,High,duplicate_detection,1.0,ACC2001,USD,,3551.73,,2026-04-03,,REF000493,,REF000493,,LD-S000493-L1,,Deposit - Evergreen Custody,Review duplicate records detected on the ledger side before reconciliation is finalized.,Duplicate transaction details were detected in the internal ledger.,"Review batch upload, manual entry, and journal posting history for duplicate booking.",Duplicate internal records may overstate ledger activity and should be controlled before reporting.,"Duplicate Ledger Transaction flagged for account ACC2001. Review bank/internal records, confirm root cause, and document resolution before reconciliation sign-off."
Duplicate Ledger Transaction,High,duplicate_detection,1.0,ACC2001,USD,,13595.63,,2026-04-15,,REF000483,,REF000483,,LD-S000483-L1,,Wire In - Lakeview Partners,Review duplicate records detected on the ledger side before reconciliation is finalized.,Duplicate transaction details were detected in the internal ledger.,"Review batch upload, manual entry, and journal posting history for duplicate booking.",Duplicate internal records may overstate ledger activity and should be controlled before reporting.,"Duplicate Ledger Transaction flagged for account ACC2001. Review bank/internal records, confirm root cause, and document resolution before reconciliation sign-off."
Duplicate Ledger Transaction,High,duplicate_detection,1.0,ACC2002,USD,,492.48,,2026-03-11,,REF000486,,REF000486,,LD-S000486-L1,,Interest - Lakeview Partners,Review duplicate records detected on the ledger side before reconciliation is finalized.,Duplicate transaction details were detected in the internal ledger.,"Review batch upload, manual entry, and journal posting history for duplicate booking.",Duplicate internal records may overstate ledger activity and should be controlled before reporting.,"Duplicate Ledger Transaction flagged for account ACC2002. Review bank/internal records, confirm root cause, and document resolution before reconciliation sign-off."
Duplicate Ledger Transaction,High,duplicate_detection,1.0,ACC2002,USD,,5167.61,,2026-03-12,,REF000497,,REF000497,,LD-S000497-L1,,Deposit - Evergreen Custody,Review duplicate records detected on the ledger side before reconciliation is finalized.,Duplicate transaction details were detected in the internal ledger.,"Review batch upload, manual entry, and journal posting history for duplicate booking.",Duplicate internal records may overstate ledger activity and should be controlled before reporting.,"Duplicate Ledger Transaction flagged for account ACC2002. Review bank/internal records, confirm root cause, and document resolution before reconciliation sign-off."
Duplicate Ledger Transaction,High,duplicate_detection,1.0,ACC2002,USD,,5501.04,,2026-03-17,,REF000494,,REF000494,,LD-S000494-L1,,Wire In - RBC Banking Services,Review duplicate records detected on the ledger side before reconciliation is finalized.,Duplicate transaction details were detected in the internal ledger.,"Review batch upload, manual entry, and journal posting history for duplicate booking.",Duplicate internal records may overstate ledger activity and should be controlled before reporting.,"Duplicate Ledger Transaction flagged for account ACC2002. Review bank/internal records, confirm root cause, and document resolution before reconciliation sign-off."
Duplicate Ledger Transaction,High,duplicate_detection,1.0,ACC2002,USD,,6321.93,,2026-03-07,,REF000492,,REF000492,,LD-S000492-L1,,Wire In - Pinebridge Vendor Services,Review duplicate records detected on the ledger side before reconciliation is finalized.,Duplicate transaction details were detected in the internal ledger.,"Review batch upload, manual entry, and journal posting history for duplicate booking.",Duplicate internal records may overstate ledger activity and should be controlled before reporting.,"Duplicate Ledger Transaction flagged for account ACC2002. Review bank/internal records, confirm root cause, and document resolution before reconciliation sign-off."
Duplicate Ledger Transaction,High,duplicate_detection,1.0,ACC2002,USD,,15709.94,,2026-04-05,,REF000485,,REF000485,,LD-S000485-L1,,Wire Out - Bluewater Holdings,Review duplicate records detected on the ledger side before reconciliation is finalized.,Duplicate transaction details were detected in the internal ledger.,"Review batch upload, manual entry, and journal posting history for duplicate booking.",Duplicate internal records may overstate ledger activity and should be controlled before reporting.,"Duplicate Ledger Transaction flagged for account ACC2002. Review bank/internal records, confirm root cause, and document resolution before reconciliation sign-off."
Duplicate Ledger Transaction,High,duplicate_detection,1.0,ACC3001,CAD,,1104.1,,2026-03-09,,REF000496,,REF000496,,LD-S000496-L1,,Deposit - Bluewater Holdings,Review duplicate records detected on the ledger side before reconciliation is finalized.,Duplicate transaction details were detected in the internal ledger.,"Review batch upload, manual entry, and journal posting history for duplicate booking.",Duplicate internal records may overstate ledger activity and should be controlled before reporting.,"Duplicate Ledger Transaction flagged for account ACC3001. Review bank/internal records, confirm root cause, and document resolution before reconciliation sign-off."
Duplicate Ledger Transaction,High,duplicate_detection,1.0,ACC3001,CAD,,3285.81,,2026-04-14,,REF000484,,REF000484,,LD-S000484-L1,,Deposit - Lakeview Partners,Review duplicate records detected on the ledger side before reconciliation is finalized.,Duplicate transaction details were detected in the internal ledger.,"Review batch upload, manual entry, and journal posting history for duplicate booking.",Duplicate internal records may overstate ledger activity and should be controlled before reporting.,"Duplicate Ledger Transaction flagged for account ACC3001. Review bank/internal records, confirm root cause, and document resolution before reconciliation sign-off."
Duplicate Ledger Transaction,High,duplicate_detection,1.0,ACC3001,CAD,,5350.25,,2026-04-06,,REF000481,,REF000481,,LD-S000481-L1,,Interest - RBC Banking Services,Review duplicate records detected on the ledger side before reconciliation is finalized.,Duplicate transaction details were detected in the internal ledger.,"Review batch upload, manual entry, and journal posting history for duplicate booking.",Duplicate internal records may overstate ledger activity and should be controlled before reporting.,"Duplicate Ledger Transaction flagged for account ACC3001. Review bank/internal records, confirm root cause, and document resolution before reconciliation sign-off."
Duplicate Ledger Transaction,High,duplicate_detection,1.0,ACC3001,CAD,,10231.9,,2026-03-21,,REF000498,,REF000498,,LD-S000498-L1,,Deposit - Lakeview Partners,Review duplicate records detected on the ledger side before reconciliation is finalized.,Duplicate transaction details were detected in the internal ledger.,"Review batch upload, manual entry, and journal posting history for duplicate booking.",Duplicate internal records may overstate ledger activity and should be controlled before reporting.,"Duplicate Ledger Transaction flagged for account ACC3001. Review bank/internal records, confirm root cause, and document resolution before reconciliation sign-off."
Duplicate Ledger Transaction,High,duplicate_detection,1.0,ACC3001,CAD,,10678.65,,2026-04-05,,REF000487,,REF000487,,LD-S000487-L1,,Wire Out - Lakeview Partners,Review duplicate records detected on the ledger side before reconciliation is finalized.,Duplicate transaction details were detected in the internal ledger.,"Review batch upload, manual entry, and journal posting history for duplicate booking.",Duplicate internal records may overstate ledger activity and should be controlled before reporting.,"Duplicate Ledger Transaction flagged for account ACC3001. Review bank/internal records, confirm root cause, and document resolution before reconciliation sign-off."
Duplicate Ledger Transaction,High,duplicate_detection,1.0,ACC3001,CAD,,11729.63,,2026-03-06,,REF000488,,REF000488,,LD-S000488-L1,,Interest - Cedar Prime LP,Review duplicate records detected on the ledger side before reconciliation is finalized.,Duplicate transaction details were detected in the internal ledger.,"Review batch upload, manual entry, and journal posting history for duplicate booking.",Duplicate internal records may overstate ledger activity and should be controlled before reporting.,"Duplicate Ledger Transaction flagged for account ACC3001. Review bank/internal records, confirm root cause, and document resolution before reconciliation sign-off."
Duplicate Ledger Transaction,High,duplicate_detection,1.0,ACC3001,CAD,,14495.98,,2026-03-20,,REF000490,,REF000490,,LD-S000490-L1,,Withdrawal - Summit Client Account,Review duplicate records detected on the ledger side before reconciliation is finalized.,Duplicate transaction details were detected in the internal ledger.,"Review batch upload, manual entry, and journal posting history for duplicate booking.",Duplicate internal records may overstate ledger activity and should be controlled before reporting.,"Duplicate Ledger Transaction flagged for account ACC3001. Review bank/internal records, confirm root cause, and document resolution before reconciliation sign-off."
Duplicate Ledger Transaction,High,duplicate_detection,1.0,ACC3001,CAD,,15980.02,,2026-03-14,,REF000500,,REF000500,,LD-S000500-L1,,Withdrawal - North Ridge Treasury,Review duplicate records detected on the ledger side before reconciliation is finalized.,Duplicate transaction details were detected in the internal ledger.,"Review batch upload, manual entry, and journal posting history for duplicate booking.",Duplicate internal records may overstate ledger activity and should be controlled before reporting.,"Duplicate Ledger Transaction flagged for account ACC3001. Review bank/internal records, confirm root cause, and document resolution before reconciliation sign-off."
Potential Timing Difference,Medium,timing_tolerance_match,0.95,ACC1002,CAD,9502.89,9502.89,2026-04-04,2026-04-06,REF000251,REF000251,REF000251,REF000251,BK-S000251-B1,LD-S000251-L1,Interest - North Ridge Treasury,Interest - North Ridge Treasury,Confirm whether the date difference reflects expected posting or settlement timing.,"The transaction appears to align across sources, but the posting dates differ. This may reflect settlement timing rather than a true unresolved break.",Confirm expected posting cycle and review adjacent bank statement dates before escalation.,Timing differences should be monitored so routine delays are separated from aged or unresolved exceptions.,"Potential Timing Difference flagged for account ACC1002. Review bank/internal records, confirm root cause, and document resolution before reconciliation sign-off."
Potential Timing Difference,Medium,timing_tolerance_match,0.95,ACC2001,USD,24349.86,24349.86,2026-03-20,2026-03-21,REF000252,REF000252,REF000252,REF000252,BK-S000252-B1,LD-S000252-L1,Deposit - North Ridge Treasury,Deposit - North Ridge Treasury,Confirm whether the date difference reflects expected posting or settlement timing.,"The transaction appears to align across sources, but the posting dates differ. This may reflect settlement timing rather than a true unresolved break.",Confirm expected posting cycle and review adjacent bank statement dates before escalation.,Timing differences should be monitored so routine delays are separated from aged or unresolved exceptions.,"Potential Timing Difference flagged for account ACC2001. Review bank/internal records, confirm root cause, and document resolution before reconciliation sign-off."
Potential Timing Difference,Medium,timing_tolerance_match,0.95,ACC2002,USD,23408.81,23408.81,2026-03-31,2026-04-01,REF000253,REF000253,REF000253,REF000253,BK-S000253-B1,LD-S000253-L1,Fee - North Ridge Treasury,Fee - North Ridge Treasury,Confirm whether the date difference reflects expected posting or settlement timing.,"The transaction appears to align across sources, but the posting dates differ. This may reflect settlement timing rather than a true unresolved break.",Confirm expected posting cycle and review adjacent bank statement dates before escalation.,Timing differences should be monitored so routine delays are separated from aged or unresolved exceptions.,"Potential Timing Difference flagged for account ACC2002. Review bank/internal records, confirm root cause, and document resolution before reconciliation sign-off."
Potential Timing Difference,Medium,timing_tolerance_match,0.95,ACC3001,CAD,23910.61,23910.61,2026-03-26,2026-03-27,REF000254,REF000254,REF000254,REF000254,BK-S000254-B1,LD-S000254-L1,Interest - Evergreen Custody,Interest - Evergreen Custody,Confirm whether the date difference reflects expected posting or settlement timing.,"The transaction appears to align across sources, but the posting dates differ. This may reflect settlement timing rather than a true unresolved break.",Confirm expected posting cycle and review adjacent bank statement dates before escalation.,Timing differences should be monitored so routine delays are separated from aged or unresolved exceptions.,"Potential Timing Difference flagged for account ACC3001. Review bank/internal records, confirm root cause, and document resolution before reconciliation sign-off."
Potential Timing Difference,Medium,timing_tolerance_match,0.95,ACC1001,CAD,18936.12,18936.12,2026-03-29,2026-03-31,REF000255,REF000255,REF000255,REF000255,BK-S000255-B1,LD-S000255-L1,Fee - Lakeview Partners,Fee - Lakeview Partners,Confirm whether the date difference reflects expected posting or settlement timing.,"The transaction appears to align across sources, but the posting dates differ. This may reflect settlement timing rather than a true unresolved break.",Confirm expected posting cycle and review adjacent bank statement dates before escalation.,Timing differences should be monitored so routine delays are separated from aged or unresolved exceptions.,"Potential Timing Difference flagged for account ACC1001. Review bank/internal records, confirm root cause, and document resolution before reconciliation sign-off."
Potential Timing Difference,Medium,timing_tolerance_match,0.95,ACC2001,USD,15083.93,15083.93,2026-03-07,2026-03-08,REF000256,REF000256,REF000256,REF000256,BK-S000256-B1,LD-S000256-L1,Wire Out - Lakeview Partners,Wire Out - Lakeview Partners,Confirm whether the date difference reflects expected posting or settlement timing.,"The transaction appears to align across sources, but the posting dates differ. This may reflect settlement timing rather than a true unresolved break.",Confirm expected posting cycle and review adjacent bank statement dates before escalation.,Timing differences should be monitored so routine delays are separated from aged or unresolved exceptions.,"Potential Timing Difference flagged for account ACC2001. Review bank/internal records, confirm root cause, and document resolution before reconciliation sign-off."
Potential Timing Difference,Medium,timing_tolerance_match,0.95,ACC1001,CAD,12337.69,12337.69,2026-03-27,2026-03-28,REF000257,REF000257,REF000257,REF000257,BK-S000257-B1,LD-S000257-L1,Wire In - Evergreen Custody,Wire In - Evergreen Custody,Confirm whether the date difference reflects expected posting or settlement timing.,"The transaction appears to align across sources, but the posting dates differ. This may reflect settlement timing rather than a true unresolved break.",Confirm expected posting cycle and review adjacent bank statement dates before escalation.,Timing differences should be monitored so routine delays are separated from aged or unresolved exceptions.,"Potential Timing Difference flagged for account ACC1001. Review bank/internal records, confirm root cause, and document resolution before reconciliation sign-off."
Potential Timing Difference,Medium,timing_tolerance_match,0.95,ACC2002,USD,24133.94,24133.94,2026-04-11,2026-04-12,REF000258,REF000258,REF000258,REF000258,BK-S000258-B1,LD-S000258-L1,Interest - Pinebridge Vendor Services,Interest - Pinebridge Vendor Services,Confirm whether the date difference reflects expected posting or settlement timing.,"The transaction appears to align across sources, but the posting dates differ. This may reflect settlement timing rather than a true unresolved break.",Confirm expected posting cycle and review adjacent bank statement dates before escalation.,Timing differences should be monitored so routine delays are separated from aged or unresolved exceptions.,"Potential Timing Difference flagged for account ACC2002. Review bank/internal records, confirm root cause, and document resolution before reconciliation sign-off."
Potential Timing Difference,Medium,timing_tolerance_match,0.95,ACC3001,CAD,21407.99,21407.99,2026-04-04,2026-04-06,REF000259,REF000259,REF000259,REF000259,BK-S000259-B1,LD-S000259-L1,Wire Out - Bluewater Holdings,Wire Out - Bluewater Holdings,Confirm whether the date difference reflects expected posting or settlement timing.,"The transaction appears to align across sources, but the posting dates differ. This may reflect settlement timing rather than a true unresolved break.",Confirm expected posting cycle and review adjacent bank statement dates before escalation.,Timing differences should be monitored so routine delays are separated from aged or unresolved exceptions.,"Potential Timing Difference flagged for account ACC3001. Review bank/internal records, confirm root cause, and document resolution before reconciliation sign-off."
Potential Timing Difference,Medium,timing_tolerance_match,0.95,ACC1001,CAD,18976.08,18976.08,2026-04-01,2026-04-02,REF000260,REF000260,REF000260,REF000260,BK-S000260-B1,LD-S000260-L1,Interest - North Ridge Treasury,Interest - North Ridge Treasury,Confirm whether the date difference reflects expected posting or settlement timing.,"The transaction appears to align across sources, but the posting dates differ. This may reflect settlement timing rather than a true unresolved break.",Confirm expected posting cycle and review adjacent bank statement dates before escalation.,Timing differences should be monitored so routine delays are separated from aged or unresolved exceptions.,"Potential Timing Difference flagged for account ACC1001. Review bank/internal records, confirm root cause, and document resolution before reconciliation sign-off."
Potential Timing Difference,Medium,timing_tolerance_match,0.95,ACC3001,CAD,24738.39,24738.39,2026-03-22,2026-03-24,REF000261,REF000261,REF000261,REF000261,BK-S000261-B1,LD-S000261-L1,Wire In - Summit Client Account,Wire In - Summit Client Account,Confirm whether the date difference reflects expected posting or settlement timing.,"The transaction appears to align across sources, but the posting dates differ. This may reflect settlement timing rather than a true unresolved break.",Confirm expected posting cycle and review adjacent bank statement dates before escalation.,Timing differences should be monitored so routine delays are separated from aged or unresolved exceptions.,"Potential Timing Difference flagged for account ACC3001. Review bank/internal records, confirm root cause, and document resolution before reconciliation sign-off."
Potential Timing Difference,Medium,timing_tolerance_match,0.95,ACC1001,CAD,16558.85,16558.85,2026-03-11,2026-03-13,REF000262,REF000262,REF000262,REF000262,BK-S000262-B1,LD-S000262-L1,Fee - Evergreen Custody,Fee - Evergreen Custody,Confirm whether the date difference reflects expected posting or settlement timing.,"The transaction appears to align across sources, but the posting dates differ. This may reflect settlement timing rather than a true unresolved break.",Confirm expected posting cycle and review adjacent bank statement dates before escalation.,Timing differences should be monitored so routine delays are separated from aged or unresolved exceptions.,"Potential Timing Difference flagged for account ACC1001. Review bank/internal records, confirm root cause, and document resolution before reconciliation sign-off."
Potential Timing Difference,Medium,timing_tolerance_match,0.95,ACC3001,CAD,21547.52,21547.52,2026-03-13,2026-03-15,REF000263,REF000263,REF000263,REF000263,BK-S000263-B1,LD-S000263-L1,Withdrawal - RBC Banking Services,Withdrawal - RBC Banking Services,Confirm whether the date difference reflects expected posting or settlement timing.,"The transaction appears to align across sources, but the posting dates differ. This may reflect settlement timing rather than a true unresolved break.",Confirm expected posting cycle and review adjacent bank statement dates before escalation.,Timing differences should be monitored so routine delays are separated from aged or unresolved exceptions.,"Potential Timing Difference flagged for account ACC3001. Review bank/internal records, confirm root cause, and document resolution before reconciliation sign-off."
Potential Timing Difference,Medium,timing_tolerance_match,0.95,ACC1001,CAD,23459.81,23459.81,2026-03-09,2026-03-11,REF000264,REF000264,REF000264,REF000264,BK-S000264-B1,LD-S000264-L1,Wire Out - Bluewater Holdings,Wire Out - Bluewater Holdings,Confirm whether the date difference reflects expected posting or settlement timing.,"The transaction appears to align across sources, but the posting dates differ. This may reflect settlement timing rather than a true unresolved break.",Confirm expected posting cycle and review adjacent bank statement dates before escalation.,Timing differences should be monitored so routine delays are separated from aged or unresolved exceptions.,"Potential Timing Difference flagged for account ACC1001. Review bank/internal records, confirm root cause, and document resolution before reconciliation sign-off."
Potential Timing Difference,Medium,timing_tolerance_match,0.95,ACC2001,USD,14749.06,14749.06,2026-03-20,2026-03-22,REF000265,REF000265,REF000265,REF000265,BK-S000265-B1,LD-S000265-L1,Fee - North Ridge Treasury,Fee - North Ridge Treasury,Confirm whether the date difference reflects expected posting or settlement timing.,"The transaction appears to align across sources, but the posting dates differ. This may reflect settlement timing rather than a true unresolved break.",Confirm expected posting cycle and review adjacent bank statement dates before escalation.,Timing differences should be monitored so routine delays are separated from aged or unresolved exceptions.,"Potential Timing Difference flagged for account ACC2001. Review bank/internal records, confirm root cause, and document resolution before reconciliation sign-off."
Potential Timing Difference,Medium,timing_tolerance_match,0.95,ACC1001,CAD,4833.2,4833.2,2026-03-08,2026-03-09,REF000266,REF000266,REF000266,REF000266,BK-S000266-B1,LD-S000266-L1,Withdrawal - North Ridge Treasury,Withdrawal - North Ridge Treasury,Confirm whether the date difference reflects expected posting or settlement timing.,"The transaction appears to align across sources, but the posting dates differ. This may reflect settlement timing rather than a true unresolved break.",Confirm expected posting cycle and review adjacent bank statement dates before escalation.,Timing differences should be monitored so routine delays are separated from aged or unresolved exceptions.,"Potential Timing Difference flagged for account ACC1001. Review bank/internal records, confirm root cause, and document resolution before reconciliation sign-off."
Potential Timing Difference,Medium,timing_tolerance_match,0.95,ACC2001,USD,4205.65,4205.65,2026-03-15,2026-03-17,REF000267,REF000267,REF000267,REF000267,BK-S000267-B1,LD-S000267-L1,Deposit - Evergreen Custody,Deposit - Evergreen Custody,Confirm whether the date difference reflects expected posting or settlement timing.,"The transaction appears to align across sources, but the posting dates differ. This may reflect settlement timing rather than a true unresolved break.",Confirm expected posting cycle and review adjacent bank statement dates before escalation.,Timing differences should be monitored so routine delays are separated from aged or unresolved exceptions.,"Potential Timing Difference flagged for account ACC2001. Review bank/internal records, confirm root cause, and document resolution before reconciliation sign-off."
Potential Timing Difference,Medium,timing_tolerance_match,0.95,ACC3001,CAD,20814.48,20814.48,2026-04-04,2026-04-05,REF000268,REF000268,REF000268,REF000268,BK-S000268-B1,LD-S000268-L1,Interest - Lakeview Partners,Interest - Lakeview Partners,Confirm whether the date difference reflects expected posting or settlement timing.,"The transaction appears to align across sources, but the posting dates differ. This may reflect settlement timing rather than a true unresolved break.",Confirm expected posting cycle and review adjacent bank statement dates before escalation.,Timing differences should be monitored so routine delays are separated from aged or unresolved exceptions.,"Potential Timing Difference flagged for account ACC3001. Review bank/internal records, confirm root cause, and document resolution before reconciliation sign-off."
Potential Timing Difference,Medium,timing_tolerance_match,0.95,ACC3001,CAD,557.75,557.75,2026-03-24,2026-03-25,REF000269,REF000269,REF000269,REF000269,BK-S000269-B1,LD-S000269-L1,Withdrawal - Bluewater Holdings,Withdrawal - Bluewater Holdings,Confirm whether the date difference reflects expected posting or settlement timing.,"The transaction appears to align across sources, but the posting dates differ. This may reflect settlement timing rather than a true unresolved break.",Confirm expected posting cycle and review adjacent bank statement dates before escalation.,Timing differences should be monitored so routine delays are separated from aged or unresolved exceptions.,"Potential Timing Difference flagged for account ACC3001. Review bank/internal records, confirm root cause, and document resolution before reconciliation sign-off."
Potential Timing Difference,Medium,timing_tolerance_match,0.95,ACC1002,CAD,11604.17,11604.17,2026-03-21,2026-03-23,REF000270,REF000270,REF000270,REF000270,BK-S000270-B1,LD-S000270-L1,Wire Out - Lakeview Partners,Wire Out - Lakeview Partners,Confirm whether the date difference reflects expected posting or settlement timing.,"The transaction appears to align across sources, but the posting dates differ. This may reflect settlement timing rather than a true unresolved break.",Confirm expected posting cycle and review adjacent bank statement dates before escalation.,Timing differences should be monitored so routine delays are separated from aged or unresolved exceptions.,"Potential Timing Difference flagged for account ACC1002. Review bank/internal records, confirm root cause, and document resolution before reconciliation sign-off."
Potential Timing Difference,Medium,timing_tolerance_match,0.95,ACC2002,USD,423.88,423.88,2026-03-30,2026-04-01,REF000271,REF000271,REF000271,REF000271,BK-S000271-B1,LD-S000271-L1,Wire In - Bluewater Holdings,Wire In - Bluewater Holdings,Confirm whether the date difference reflects expected posting or settlement timing.,"The transaction appears to align across sources, but the posting dates differ. This may reflect settlement timing rather than a true unresolved break.",Confirm expected posting cycle and review adjacent bank statement dates before escalation.,Timing differences should be monitored so routine delays are separated from aged or unresolved exceptions.,"Potential Timing Difference flagged for account ACC2002. Review bank/internal records, confirm root cause, and document resolution before reconciliation sign-off."
Potential Timing Difference,Medium,timing_tolerance_match,0.95,ACC1001,CAD,18899.31,18899.31,2026-03-17,2026-03-19,REF000272,REF000272,REF000272,REF000272,BK-S000272-B1,LD-S000272-L1,Interest - Cedar Prime LP,Interest - Cedar Prime LP,Confirm whether the date difference reflects expected posting or settlement timing.,"The transaction appears to align across sources, but the posting dates differ. This may reflect settlement timing rather than a true unresolved break.",Confirm expected posting cycle and review adjacent bank statement dates before escalation.,Timing differences should be monitored so routine delays are separated from aged or unresolved exceptions.,"Potential Timing Difference flagged for account ACC1001. Review bank/internal records, confirm root cause, and document resolution before reconciliation sign-off."
Potential Timing Difference,Medium,timing_tolerance_match,0.95,ACC1001,CAD,2656.46,2656.46,2026-03-04,2026-03-06,REF000273,REF000273,REF000273,REF000273,BK-S000273-B1,LD-S000273-L1,Deposit - Summit Client Account,Deposit - Summit Client Account,Confirm whether the date difference reflects expected posting or settlement timing.,"The transaction appears to align across sources, but the posting dates differ. This may reflect settlement timing rather than a true unresolved break.",Confirm expected posting cycle and review adjacent bank statement dates before escalation.,Timing differences should be monitored so routine delays are separated from aged or unresolved exceptions.,"Potential Timing Difference flagged for account ACC1001. Review bank/internal records, confirm root cause, and document resolution before reconciliation sign-off."
Potential Timing Difference,Medium,timing_tolerance_match,0.95,ACC1002,CAD,9987.06,9987.06,2026-04-11,2026-04-13,REF000274,REF000274,REF000274,REF000274,BK-S000274-B1,LD-S000274-L1,Withdrawal - RBC Banking Services,Withdrawal - RBC Banking Services,Confirm whether the date difference reflects expected posting or settlement timing.,"The transaction appears to align across sources, but the posting dates differ. This may reflect settlement timing rather than a true unresolved break.",Confirm expected posting cycle and review adjacent bank statement dates before escalation.,Timing differences should be monitored so routine delays are separated from aged or unresolved exceptions.,"Potential Timing Difference flagged for account ACC1002. Review bank/internal records, confirm root cause, and document resolution before reconciliation sign-off."
Potential Timing Difference,Medium,timing_tolerance_match,0.95,ACC3001,CAD,3847.2,3847.2,2026-04-11,2026-04-12,REF000275,REF000275,REF000275,REF000275,BK-S000275-B1,LD-S000275-L1,Wire Out - RBC Banking Services,Wire Out - RBC Banking Services,Confirm whether the date difference reflects expected posting or settlement timing.,"The transaction appears to align across sources, but the posting dates differ. This may reflect settlement timing rather than a true unresolved break.",Confirm expected posting cycle and review adjacent bank statement dates before escalation.,Timing differences should be monitored so routine delays are separated from aged or unresolved exceptions.,"Potential Timing Difference flagged for account ACC3001. Review bank/internal records, confirm root cause, and document resolution before reconciliation sign-off."
Potential Timing Difference,Medium,timing_tolerance_match,0.95,ACC1001,CAD,18258.26,18258.26,2026-03-20,2026-03-22,REF000276,REF000276,REF000276,REF000276,BK-S000276-B1,LD-S000276-L1,Wire In - RBC Banking Services,Wire In - RBC Banking Services,Confirm whether the date difference reflects expected posting or settlement timing.,"The transaction appears to align across sources, but the posting dates differ. This may reflect settlement timing rather than a true unresolved break.",Confirm expected posting cycle and review adjacent bank statement dates before escalation.,Timing differences should be monitored so routine delays are separated from aged or unresolved exceptions.,"Potential Timing Difference flagged for account ACC1001. Review bank/internal records, confirm root cause, and document resolution before reconciliation sign-off."
Potential Timing Difference,Medium,timing_tolerance_match,0.95,ACC1002,CAD,5523.53,5523.53,2026-03-23,2026-03-25,REF000277,REF000277,REF000277,REF000277,BK-S000277-B1,LD-S000277-L1,Interest - Cedar Prime LP,Interest - Cedar Prime LP,Confirm whether the date difference reflects expected posting or settlement timing.,"The transaction appears to align across sources, but the posting dates differ. This may reflect settlement timing rather than a true unresolved break.",Confirm expected posting cycle and review adjacent bank statement dates before escalation.,Timing differences should be monitored so routine delays are separated from aged or unresolved exceptions.,"Potential Timing Difference flagged for account ACC1002. Review bank/internal records, confirm root cause, and document resolution before reconciliation sign-off."
Potential Timing Difference,Medium,timing_tolerance_match,0.95,ACC1002,CAD,80.22,80.22,2026-03-05,2026-03-06,REF000278,REF000278,REF000278,REF000278,BK-S000278-B1,LD-S000278-L1,Wire Out - Bluewater Holdings,Wire Out - Bluewater Holdings,Confirm whether the date difference reflects expected posting or settlement timing.,"The transaction appears to align across sources, but the posting dates differ. This may reflect settlement timing rather than a true unresolved break.",Confirm expected posting cycle and review adjacent bank statement dates before escalation.,Timing differences should be monitored so routine delays are separated from aged or unresolved exceptions.,"Potential Timing Difference flagged for account ACC1002. Review bank/internal records, confirm root cause, and document resolution before reconciliation sign-off."
Potential Timing Difference,Medium,timing_tolerance_match,0.95,ACC1002,CAD,19625.53,19625.53,2026-03-14,2026-03-16,REF000279,REF000279,REF000279,REF000279,BK-S000279-B1,LD-S000279-L1,Deposit - Evergreen Custody,Deposit - Evergreen Custody,Confirm whether the date difference reflects expected posting or settlement timing.,"The transaction appears to align across sources, but the posting dates differ. This may reflect settlement timing rather than a true unresolved break.",Confirm expected posting cycle and review adjacent bank statement dates before escalation.,Timing differences should be monitored so routine delays are separated from aged or unresolved exceptions.,"Potential Timing Difference flagged for account ACC1002. Review bank/internal records, confirm root cause, and document resolution before reconciliation sign-off."
Potential Timing Difference,Medium,timing_tolerance_match,0.95,ACC3001,CAD,17140.77,17140.77,2026-04-06,2026-04-08,REF000280,REF000280,REF000280,REF000280,BK-S000280-B1,LD-S000280-L1,Fee - Pinebridge Vendor Services,Fee - Pinebridge Vendor Services,Confirm whether the date difference reflects expected posting or settlement timing.,"The transaction appears to align across sources, but the posting dates differ. This may reflect settlement timing rather than a true unresolved break.",Confirm expected posting cycle and review adjacent bank statement dates before escalation.,Timing differences should be monitored so routine delays are separated from aged or unresolved exceptions.,"Potential Timing Difference flagged for account ACC3001. Review bank/internal records, confirm root cause, and document resolution before reconciliation sign-off."
Potential Timing Difference,Medium,timing_tolerance_match,0.95,ACC3001,CAD,2462.98,2462.98,2026-03-27,2026-03-29,REF000281,REF000281,REF000281,REF000281,BK-S000281-B1,LD-S000281-L1,Wire Out - Evergreen Custody,Wire Out - Evergreen Custody,Confirm whether the date difference reflects expected posting or settlement timing.,"The transaction appears to align across sources, but the posting dates differ. This may reflect settlement timing rather than a true unresolved break.",Confirm expected posting cycle and review adjacent bank statement dates before escalation.,Timing differences should be monitored so routine delays are separated from aged or unresolved exceptions.,"Potential Timing Difference flagged for account ACC3001. Review bank/internal records, confirm root cause, and document resolution before reconciliation sign-off."
Potential Timing Difference,Medium,timing_tolerance_match,0.95,ACC1001,CAD,19859.31,19859.31,2026-04-11,2026-04-13,REF000282,REF000282,REF000282,REF000282,BK-S000282-B1,LD-S000282-L1,Fee - Pinebridge Vendor Services,Fee - Pinebridge Vendor Services,Confirm whether the date difference reflects expected posting or settlement timing.,"The transaction appears to align across sources, but the posting dates differ. This may reflect settlement timing rather than a true unresolved break.",Confirm expected posting cycle and review adjacent bank statement dates before escalation.,Timing differences should be monitored so routine delays are separated from aged or unresolved exceptions.,"Potential Timing Difference flagged for account ACC1001. Review bank/internal records, confirm root cause, and document resolution before reconciliation sign-off."
Potential Timing Difference,Medium,timing_tolerance_match,0.95,ACC2001,USD,12364.45,12364.45,2026-03-12,2026-03-13,REF000283,REF000283,REF000283,REF000283,BK-S000283-B1,LD-S000283-L1,Interest - Lakeview Partners,Interest - Lakeview Partners,Confirm whether the date difference reflects expected posting or settlement timing.,"The transaction appears to align across sources, but the posting dates differ. This may reflect settlement timing rather than a true unresolved break.",Confirm expected posting cycle and review adjacent bank statement dates before escalation.,Timing differences should be monitored so routine delays are separated from aged or unresolved exceptions.,"Potential Timing Difference flagged for account ACC2001. Review bank/internal records, confirm root cause, and document resolution before reconciliation sign-off."
Potential Timing Difference,Medium,timing_tolerance_match,0.95,ACC1001,CAD,14374.88,14374.88,2026-03-27,2026-03-28,REF000284,REF000284,REF000284,REF000284,BK-S000284-B1,LD-S000284-L1,Deposit - Evergreen Custody,Deposit - Evergreen Custody,Confirm whether the date difference reflects expected posting or settlement timing.,"The transaction appears to align across sources, but the posting dates differ. This may reflect settlement timing rather than a true unresolved break.",Confirm expected posting cycle and review adjacent bank statement dates before escalation.,Timing differences should be monitored so routine delays are separated from aged or unresolved exceptions.,"Potential Timing Difference flagged for account ACC1001. Review bank/internal records, confirm root cause, and document resolution before reconciliation sign-off."
Potential Timing Difference,Medium,timing_tolerance_match,0.95,ACC2001,USD,21331.2,21331.2,2026-03-06,2026-03-07,REF000285,REF000285,REF000285,REF000285,BK-S000285-B1,LD-S000285-L1,Withdrawal - Cedar Prime LP,Withdrawal - Cedar Prime LP,Confirm whether the date difference reflects expected posting or settlement timing.,"The transaction appears to align across sources, but the posting dates differ. This may reflect settlement timing rather than a true unresolved break.",Confirm expected posting cycle and review adjacent bank statement dates before escalation.,Timing differences should be monitored so routine delays are separated from aged or unresolved exceptions.,"Potential Timing Difference flagged for account ACC2001. Review bank/internal records, confirm root cause, and document resolution before reconciliation sign-off."
Potential Timing Difference,Medium,timing_tolerance_match,0.95,ACC2002,USD,21966.89,21966.89,2026-04-08,2026-04-09,REF000286,REF000286,REF000286,REF000286,BK-S000286-B1,LD-S000286-L1,Withdrawal - Lakeview Partners,Withdrawal - Lakeview Partners,Confirm whether the date difference reflects expected posting or settlement timing.,"The transaction appears to align across sources, but the posting dates differ. This may reflect settlement timing rather than a true unresolved break.",Confirm expected posting cycle and review adjacent bank statement dates before escalation.,Timing differences should be monitored so routine delays are separated from aged or unresolved exceptions.,"Potential Timing Difference flagged for account ACC2002. Review bank/internal records, confirm root cause, and document resolution before reconciliation sign-off."
Potential Timing Difference,Medium,timing_tolerance_match,0.95,ACC2001,USD,5560.57,5560.57,2026-03-01,2026-03-03,REF000287,REF000287,REF000287,REF000287,BK-S000287-B1,LD-S000287-L1,Fee - Cedar Prime LP,Fee - Cedar Prime LP,Confirm whether the date difference reflects expected posting or settlement timing.,"The transaction appears to align across sources, but the posting dates differ. This may reflect settlement timing rather than a true unresolved break.",Confirm expected posting cycle and review adjacent bank statement dates before escalation.,Timing differences should be monitored so routine delays are separated from aged or unresolved exceptions.,"Potential Timing Difference flagged for account ACC2001. Review bank/internal records, confirm root cause, and document resolution before reconciliation sign-off."
Potential Timing Difference,Medium,timing_tolerance_match,0.95,ACC3001,CAD,6743.94,6743.94,2026-03-14,2026-03-16,REF000288,REF000288,REF000288,REF000288,BK-S000288-B1,LD-S000288-L1,Withdrawal - Pinebridge Vendor Services,Withdrawal - Pinebridge Vendor Services,Confirm whether the date difference reflects expected posting or settlement timing.,"The transaction appears to align across sources, but the posting dates differ. This may reflect settlement timing rather than a true unresolved break.",Confirm expected posting cycle and review adjacent bank statement dates before escalation.,Timing differences should be monitored so routine delays are separated from aged or unresolved exceptions.,"Potential Timing Difference flagged for account ACC3001. Review bank/internal records, confirm root cause, and document resolution before reconciliation sign-off."
Potential Timing Difference,Medium,timing_tolerance_match,0.95,ACC2001,USD,22187.49,22187.49,2026-03-17,2026-03-19,REF000289,REF000289,REF000289,REF000289,BK-S000289-B1,LD-S000289-L1,Fee - Summit Client Account,Fee - Summit Client Account,Confirm whether the date difference reflects expected posting or settlement timing.,"The transaction appears to align across sources, but the posting dates differ. This may reflect settlement timing rather than a true unresolved break.",Confirm expected posting cycle and review adjacent bank statement dates before escalation.,Timing differences should be monitored so routine delays are separated from aged or unresolved exceptions.,"Potential Timing Difference flagged for account ACC2001. Review bank/internal records, confirm root cause, and document resolution before reconciliation sign-off."
Potential Timing Difference,Medium,timing_tolerance_match,0.95,ACC1002,CAD,14500.59,14500.59,2026-03-21,2026-03-22,REF000290,REF000290,REF000290,REF000290,BK-S000290-B1,LD-S000290-L1,Fee - Lakeview Partners,Fee - Lakeview Partners,Confirm whether the date difference reflects expected posting or settlement timing.,"The transaction appears to align across sources, but the posting dates differ. This may reflect settlement timing rather than a true unresolved break.",Confirm expected posting cycle and review adjacent bank statement dates before escalation.,Timing differences should be monitored so routine delays are separated from aged or unresolved exceptions.,"Potential Timing Difference flagged for account ACC1002. Review bank/internal records, confirm root cause, and document resolution before reconciliation sign-off."
Potential Timing Difference,Medium,timing_tolerance_match,0.95,ACC3001,CAD,8084.61,8084.61,2026-04-07,2026-04-08,REF000291,REF000291,REF000291,REF000291,BK-S000291-B1,LD-S000291-L1,Deposit - Lakeview Partners,Deposit - Lakeview Partners,Confirm whether the date difference reflects expected posting or settlement timing.,"The transaction appears to align across sources, but the posting dates differ. This may reflect settlement timing rather than a true unresolved break.",Confirm expected posting cycle and review adjacent bank statement dates before escalation.,Timing differences should be monitored so routine delays are separated from aged or unresolved exceptions.,"Potential Timing Difference flagged for account ACC3001. Review bank/internal records, confirm root cause, and document resolution before reconciliation sign-off."
Potential Timing Difference,Medium,timing_tolerance_match,0.95,ACC1002,CAD,17436.32,17436.32,2026-04-05,2026-04-07,REF000292,REF000292,REF000292,REF000292,BK-S000292-B1,LD-S000292-L1,Interest - North Ridge Treasury,Interest - North Ridge Treasury,Confirm whether the date difference reflects expected posting or settlement timing.,"The transaction appears to align across sources, but the posting dates differ. This may reflect settlement timing rather than a true unresolved break.",Confirm expected posting cycle and review adjacent bank statement dates before escalation.,Timing differences should be monitored so routine delays are separated from aged or unresolved exceptions.,"Potential Timing Difference flagged for account ACC1002. Review bank/internal records, confirm root cause, and document resolution before reconciliation sign-off."
Potential Timing Difference,Medium,timing_tolerance_match,0.95,ACC2001,USD,12719.59,12719.59,2026-03-09,2026-03-10,REF000293,REF000293,REF000293,REF000293,BK-S000293-B1,LD-S000293-L1,Wire Out - Bluewater Holdings,Wire Out - Bluewater Holdings,Confirm whether the date difference reflects expected posting or settlement timing.,"The transaction appears to align across sources, but the posting dates differ. This may reflect settlement timing rather than a true unresolved break.",Confirm expected posting cycle and review adjacent bank statement dates before escalation.,Timing differences should be monitored so routine delays are separated from aged or unresolved exceptions.,"Potential Timing Difference flagged for account ACC2001. Review bank/internal records, confirm root cause, and document resolution before reconciliation sign-off."
Potential Timing Difference,Medium,timing_tolerance_match,0.95,ACC1001,CAD,617.63,617.63,2026-03-27,2026-03-28,REF000294,REF000294,REF000294,REF000294,BK-S000294-B1,LD-S000294-L1,Wire In - Cedar Prime LP,Wire In - Cedar Prime LP,Confirm whether the date difference reflects expected posting or settlement timing.,"The transaction appears to align across sources, but the posting dates differ. This may reflect settlement timing rather than a true unresolved break.",Confirm expected posting cycle and review adjacent bank statement dates before escalation.,Timing differences should be monitored so routine delays are separated from aged or unresolved exceptions.,"Potential Timing Difference flagged for account ACC1001. Review bank/internal records, confirm root cause, and document resolution before reconciliation sign-off."
Potential Timing Difference,Medium,timing_tolerance_match,0.95,ACC3001,CAD,623.96,623.96,2026-03-24,2026-03-26,REF000295,REF000295,REF000295,REF000295,BK-S000295-B1,LD-S000295-L1,Interest - Summit Client Account,Interest - Summit Client Account,Confirm whether the date difference reflects expected posting or settlement timing.,"The transaction appears to align across sources, but the posting dates differ. This may reflect settlement timing rather than a true unresolved break.",Confirm expected posting cycle and review adjacent bank statement dates before escalation.,Timing differences should be monitored so routine delays are separated from aged or unresolved exceptions.,"Potential Timing Difference flagged for account ACC3001. Review bank/internal records, confirm root cause, and document resolution before reconciliation sign-off."
Potential Timing Difference,Medium,timing_tolerance_match,0.95,ACC3001,CAD,526.48,526.48,2026-03-27,2026-03-29,REF000296,REF000296,REF000296,REF000296,BK-S000296-B1,LD-S000296-L1,Deposit - North Ridge Treasury,Deposit - North Ridge Treasury,Confirm whether the date difference reflects expected posting or settlement timing.,"The transaction appears to align across sources, but the posting dates differ. This may reflect settlement timing rather than a true unresolved break.",Confirm expected posting cycle and review adjacent bank statement dates before escalation.,Timing differences should be monitored so routine delays are separated from aged or unresolved exceptions.,"Potential Timing Difference flagged for account ACC3001. Review bank/internal records, confirm root cause, and document resolution before reconciliation sign-off."
Potential Timing Difference,Medium,timing_tolerance_match,0.95,ACC2002,USD,13585.25,13585.25,2026-03-07,2026-03-09,REF000297,REF000297,REF000297,REF000297,BK-S000297-B1,LD-S000297-L1,Wire Out - Lakeview Partners,Wire Out - Lakeview Partners,Confirm whether the date difference reflects expected posting or settlement timing.,"The transaction appears to align across sources, but the posting dates differ. This may reflect settlement timing rather than a true unresolved break.",Confirm expected posting cycle and review adjacent bank statement dates before escalation.,Timing differences should be monitored so routine delays are separated from aged or unresolved exceptions.,"Potential Timing Difference flagged for account ACC2002. Review bank/internal records, confirm root cause, and document resolution before reconciliation sign-off."
Potential Timing Difference,Medium,timing_tolerance_match,0.95,ACC2001,USD,10744.66,10744.66,2026-03-06,2026-03-07,REF000298,REF000298,REF000298,REF000298,BK-S000298-B1,LD-S000298-L1,Interest - Lakeview Partners,Interest - Lakeview Partners,Confirm whether the date difference reflects expected posting or settlement timing.,"The transaction appears to align across sources, but the posting dates differ. This may reflect settlement timing rather than a true unresolved break.",Confirm expected posting cycle and review adjacent bank statement dates before escalation.,Timing differences should be monitored so routine delays are separated from aged or unresolved exceptions.,"Potential Timing Difference flagged for account ACC2001. Review bank/internal records, confirm root cause, and document resolution before reconciliation sign-off."
Potential Timing Difference,Medium,timing_tolerance_match,0.95,ACC1001,CAD,3244.01,3244.01,2026-04-11,2026-04-13,REF000299,REF000299,REF000299,REF000299,BK-S000299-B1,LD-S000299-L1,Withdrawal - RBC Banking Services,Withdrawal - RBC Banking Services,Confirm whether the date difference reflects expected posting or settlement timing.,"The transaction appears to align across sources, but the posting dates differ. This may reflect settlement timing rather than a true unresolved break.",Confirm expected posting cycle and review adjacent bank statement dates before escalation.,Timing differences should be monitored so routine delays are separated from aged or unresolved exceptions.,"Potential Timing Difference flagged for account ACC1001. Review bank/internal records, confirm root cause, and document resolution before reconciliation sign-off."
Potential Timing Difference,Medium,timing_tolerance_match,0.95,ACC1001,CAD,810.8,810.8,2026-03-11,2026-03-12,REF000300,REF000300,REF000300,REF000300,BK-S000300-B1,LD-S000300-L1,Withdrawal - Pinebridge Vendor Services,Withdrawal - Pinebridge Vendor Services,Confirm whether the date difference reflects expected posting or settlement timing.,"The transaction appears to align across sources, but the posting dates differ. This may reflect settlement timing rather than a true unresolved break.",Confirm expected posting cycle and review adjacent bank statement dates before escalation.,Timing differences should be monitored so routine delays are separated from aged or unresolved exceptions.,"Potential Timing Difference flagged for account ACC1001. Review bank/internal records, confirm root cause, and document resolution before reconciliation sign-off."
Potential Timing Difference,Medium,timing_tolerance_match,0.95,ACC1002,CAD,12412.01,12412.01,2026-04-14,2026-04-16,REF000301,REF000301,REF000301,REF000301,BK-S000301-B1,LD-S000301-L1,Wire Out - Bluewater Holdings,Wire Out - Bluewater Holdings,Confirm whether the date difference reflects expected posting or settlement timing.,"The transaction appears to align across sources, but the posting dates differ. This may reflect settlement timing rather than a true unresolved break.",Confirm expected posting cycle and review adjacent bank statement dates before escalation.,Timing differences should be monitored so routine delays are separated from aged or unresolved exceptions.,"Potential Timing Difference flagged for account ACC1002. Review bank/internal records, confirm root cause, and document resolution before reconciliation sign-off."
Potential Timing Difference,Medium,timing_tolerance_match,0.95,ACC1001,CAD,236.44,236.44,2026-03-21,2026-03-23,REF000302,REF000302,REF000302,REF000302,BK-S000302-B1,LD-S000302-L1,Wire Out - Evergreen Custody,Wire Out - Evergreen Custody,Confirm whether the date difference reflects expected posting or settlement timing.,"The transaction appears to align across sources, but the posting dates differ. This may reflect settlement timing rather than a true unresolved break.",Confirm expected posting cycle and review adjacent bank statement dates before escalation.,Timing differences should be monitored so routine delays are separated from aged or unresolved exceptions.,"Potential Timing Difference flagged for account ACC1001. Review bank/internal records, confirm root cause, and document resolution before reconciliation sign-off."
Potential Timing Difference,Medium,timing_tolerance_match,0.95,ACC1002,CAD,21386.62,21386.62,2026-03-16,2026-03-17,REF000303,REF000303,REF000303,REF000303,BK-S000303-B1,LD-S000303-L1,Deposit - Pinebridge Vendor Services,Deposit - Pinebridge Vendor Services,Confirm whether the date difference reflects expected posting or settlement timing.,"The transaction appears to align across sources, but the posting dates differ. This may reflect settlement timing rather than a true unresolved break.",Confirm expected posting cycle and review adjacent bank statement dates before escalation.,Timing differences should be monitored so routine delays are separated from aged or unresolved exceptions.,"Potential Timing Difference flagged for account ACC1002. Review bank/internal records, confirm root cause, and document resolution before reconciliation sign-off."
Potential Timing Difference,Medium,timing_tolerance_match,0.95,ACC1001,CAD,443.38,443.38,2026-03-23,2026-03-25,REF000304,REF000304,REF000304,REF000304,BK-S000304-B1,LD-S000304-L1,Deposit - Cedar Prime LP,Deposit - Cedar Prime LP,Confirm whether the date difference reflects expected posting or settlement timing.,"The transaction appears to align across sources, but the posting dates differ. This may reflect settlement timing rather than a true unresolved break.",Confirm expected posting cycle and review adjacent bank statement dates before escalation.,Timing differences should be monitored so routine delays are separated from aged or unresolved exceptions.,"Potential Timing Difference flagged for account ACC1001. Review bank/internal records, confirm root cause, and document resolution before reconciliation sign-off."
Potential Timing Difference,Medium,timing_tolerance_match,0.95,ACC1001,CAD,11813.2,11813.2,2026-03-18,2026-03-20,REF000305,REF000305,REF000305,REF000305,BK-S000305-B1,LD-S000305-L1,Withdrawal - Lakeview Partners,Withdrawal - Lakeview Partners,Confirm whether the date difference reflects expected posting or settlement timing.,"The transaction appears to align across sources, but the posting dates differ. This may reflect settlement timing rather than a true unresolved break.",Confirm expected posting cycle and review adjacent bank statement dates before escalation.,Timing differences should be monitored so routine delays are separated from aged or unresolved exceptions.,"Potential Timing Difference flagged for account ACC1001. Review bank/internal records, confirm root cause, and document resolution before reconciliation sign-off."
Potential Timing Difference,Medium,timing_tolerance_match,0.95,ACC3001,CAD,606.75,606.75,2026-03-25,2026-03-26,REF000306,REF000306,REF000306,REF000306,BK-S000306-B1,LD-S000306-L1,Withdrawal - Lakeview Partners,Withdrawal - Lakeview Partners,Confirm whether the date difference reflects expected posting or settlement timing.,"The transaction appears to align across sources, but the posting dates differ. This may reflect settlement timing rather than a true unresolved break.",Confirm expected posting cycle and review adjacent bank statement dates before escalation.,Timing differences should be monitored so routine delays are separated from aged or unresolved exceptions.,"Potential Timing Difference flagged for account ACC3001. Review bank/internal records, confirm root cause, and document resolution before reconciliation sign-off."
Potential Timing Difference,Medium,timing_tolerance_match,0.95,ACC1002,CAD,4702.65,4702.65,2026-04-15,2026-04-17,REF000307,REF000307,REF000307,REF000307,BK-S000307-B1,LD-S000307-L1,Interest - RBC Banking Services,Interest - RBC Banking Services,Confirm whether the date difference reflects expected posting or settlement timing.,"The transaction appears to align across sources, but the posting dates differ. This may reflect settlement timing rather than a true unresolved break.",Confirm expected posting cycle and review adjacent bank statement dates before escalation.,Timing differences should be monitored so routine delays are separated from aged or unresolved exceptions.,"Potential Timing Difference flagged for account ACC1002. Review bank/internal records, confirm root cause, and document resolution before reconciliation sign-off."
Potential Timing Difference,Medium,timing_tolerance_match,0.95,ACC1001,CAD,7474.39,7474.39,2026-03-29,2026-03-30,REF000308,REF000308,REF000308,REF000308,BK-S000308-B1,LD-S000308-L1,Fee - Evergreen Custody,Fee - Evergreen Custody,Confirm whether the date difference reflects expected posting or settlement timing.,"The transaction appears to align across sources, but the posting dates differ. This may reflect settlement timing rather than a true unresolved break.",Confirm expected posting cycle and review adjacent bank statement dates before escalation.,Timing differences should be monitored so routine delays are separated from aged or unresolved exceptions.,"Potential Timing Difference flagged for account ACC1001. Review bank/internal records, confirm root cause, and document resolution before reconciliation sign-off."
Potential Timing Difference,Medium,timing_tolerance_match,0.95,ACC3001,CAD,1630.29,1630.29,2026-04-02,2026-04-03,REF000309,REF000309,REF000309,REF000309,BK-S000309-B1,LD-S000309-L1,Deposit - Pinebridge Vendor Services,Deposit - Pinebridge Vendor Services,Confirm whether the date difference reflects expected posting or settlement timing.,"The transaction appears to align across sources, but the posting dates differ. This may reflect settlement timing rather than a true unresolved break.",Confirm expected posting cycle and review adjacent bank statement dates before escalation.,Timing differences should be monitored so routine delays are separated from aged or unresolved exceptions.,"Potential Timing Difference flagged for account ACC3001. Review bank/internal records, confirm root cause, and document resolution before reconciliation sign-off."
Potential Timing Difference,Medium,timing_tolerance_match,0.95,ACC2001,USD,10307.19,10307.19,2026-03-01,2026-03-02,REF000310,REF000310,REF000310,REF000310,BK-S000310-B1,LD-S000310-L1,Interest - Cedar Prime LP,Interest - Cedar Prime LP,Confirm whether the date difference reflects expected posting or settlement timing.,"The transaction appears to align across sources, but the posting dates differ. This may reflect settlement timing rather than a true unresolved break.",Confirm expected posting cycle and review adjacent bank statement dates before escalation.,Timing differences should be monitored so routine delays are separated from aged or unresolved exceptions.,"Potential Timing Difference flagged for account ACC2001. Review bank/internal records, confirm root cause, and document resolution before reconciliation sign-off."
Potential Timing Difference,Medium,timing_tolerance_match,0.95,ACC1002,CAD,7454.06,7454.06,2026-03-25,2026-03-26,REF000311,REF000311,REF000311,REF000311,BK-S000311-B1,LD-S000311-L1,Withdrawal - North Ridge Treasury,Withdrawal - North Ridge Treasury,Confirm whether the date difference reflects expected posting or settlement timing.,"The transaction appears to align across sources, but the posting dates differ. This may reflect settlement timing rather than a true unresolved break.",Confirm expected posting cycle and review adjacent bank statement dates before escalation.,Timing differences should be monitored so routine delays are separated from aged or unresolved exceptions.,"Potential Timing Difference flagged for account ACC1002. Review bank/internal records, confirm root cause, and document resolution before reconciliation sign-off."
Potential Timing Difference,Medium,timing_tolerance_match,0.95,ACC2002,USD,19784.0,19784.0,2026-03-27,2026-03-28,REF000312,REF000312,REF000312,REF000312,BK-S000312-B1,LD-S000312-L1,Fee - Pinebridge Vendor Services,Fee - Pinebridge Vendor Services,Confirm whether the date difference reflects expected posting or settlement timing.,"The transaction appears to align across sources, but the posting dates differ. This may reflect settlement timing rather than a true unresolved break.",Confirm expected posting cycle and review adjacent bank statement dates before escalation.,Timing differences should be monitored so routine delays are separated from aged or unresolved exceptions.,"Potential Timing Difference flagged for account ACC2002. Review bank/internal records, confirm root cause, and document resolution before reconciliation sign-off."
Potential Timing Difference,Medium,timing_tolerance_match,0.95,ACC2002,USD,3567.34,3567.34,2026-04-09,2026-04-11,REF000313,REF000313,REF000313,REF000313,BK-S000313-B1,LD-S000313-L1,Deposit - North Ridge Treasury,Deposit - North Ridge Treasury,Confirm whether the date difference reflects expected posting or settlement timing.,"The transaction appears to align across sources, but the posting dates differ. This may reflect settlement timing rather than a true unresolved break.",Confirm expected posting cycle and review adjacent bank statement dates before escalation.,Timing differences should be monitored so routine delays are separated from aged or unresolved exceptions.,"Potential Timing Difference flagged for account ACC2002. Review bank/internal records, confirm root cause, and document resolution before reconciliation sign-off."
Potential Timing Difference,Medium,timing_tolerance_match,0.95,ACC2002,USD,20571.41,20571.41,2026-03-29,2026-03-31,REF000314,REF000314,REF000314,REF000314,BK-S000314-B1,LD-S000314-L1,Fee - Evergreen Custody,Fee - Evergreen Custody,Confirm whether the date difference reflects expected posting or settlement timing.,"The transaction appears to align across sources, but the posting dates differ. This may reflect settlement timing rather than a true unresolved break.",Confirm expected posting cycle and review adjacent bank statement dates before escalation.,Timing differences should be monitored so routine delays are separated from aged or unresolved exceptions.,"Potential Timing Difference flagged for account ACC2002. Review bank/internal records, confirm root cause, and document resolution before reconciliation sign-off."
Potential Timing Difference,Medium,timing_tolerance_match,0.95,ACC1002,CAD,10557.75,10557.75,2026-03-21,2026-03-23,REF000315,REF000315,REF000315,REF000315,BK-S000315-B1,LD-S000315-L1,Interest - Pinebridge Vendor Services,Interest - Pinebridge Vendor Services,Confirm whether the date difference reflects expected posting or settlement timing.,"The transaction appears to align across sources, but the posting dates differ. This may reflect settlement timing rather than a true unresolved break.",Confirm expected posting cycle and review adjacent bank statement dates before escalation.,Timing differences should be monitored so routine delays are separated from aged or unresolved exceptions.,"Potential Timing Difference flagged for account ACC1002. Review bank/internal records, confirm root cause, and document resolution before reconciliation sign-off."
Potential Timing Difference,Medium,timing_tolerance_match,0.95,ACC2001,USD,10430.44,10430.44,2026-03-18,2026-03-19,REF000316,REF000316,REF000316,REF000316,BK-S000316-B1,LD-S000316-L1,Interest - Cedar Prime LP,Interest - Cedar Prime LP,Confirm whether the date difference reflects expected posting or settlement timing.,"The transaction appears to align across sources, but the posting dates differ. This may reflect settlement timing rather than a true unresolved break.",Confirm expected posting cycle and review adjacent bank statement dates before escalation.,Timing differences should be monitored so routine delays are separated from aged or unresolved exceptions.,"Potential Timing Difference flagged for account ACC2001. Review bank/internal records, confirm root cause, and document resolution before reconciliation sign-off."
Potential Timing Difference,Medium,timing_tolerance_match,0.95,ACC1002,CAD,704.49,704.49,2026-04-05,2026-04-07,REF000317,REF000317,REF000317,REF000317,BK-S000317-B1,LD-S000317-L1,Withdrawal - Lakeview Partners,Withdrawal - Lakeview Partners,Confirm whether the date difference reflects expected posting or settlement timing.,"The transaction appears to align across sources, but the posting dates differ. This may reflect settlement timing rather than a true unresolved break.",Confirm expected posting cycle and review adjacent bank statement dates before escalation.,Timing differences should be monitored so routine delays are separated from aged or unresolved exceptions.,"Potential Timing Difference flagged for account ACC1002. Review bank/internal records, confirm root cause, and document resolution before reconciliation sign-off."
Potential Timing Difference,Medium,timing_tolerance_match,0.95,ACC1001,CAD,16200.06,16200.06,2026-04-13,2026-04-14,REF000318,REF000318,REF000318,REF000318,BK-S000318-B1,LD-S000318-L1,Interest - Lakeview Partners,Interest - Lakeview Partners,Confirm whether the date difference reflects expected posting or settlement timing.,"The transaction appears to align across sources, but the posting dates differ. This may reflect settlement timing rather than a true unresolved break.",Confirm expected posting cycle and review adjacent bank statement dates before escalation.,Timing differences should be monitored so routine delays are separated from aged or unresolved exceptions.,"Potential Timing Difference flagged for account ACC1001. Review bank/internal records, confirm root cause, and document resolution before reconciliation sign-off."
Potential Timing Difference,Medium,timing_tolerance_match,0.95,ACC2002,USD,12501.63,12501.63,2026-03-29,2026-03-31,REF000319,REF000319,REF000319,REF000319,BK-S000319-B1,LD-S000319-L1,Wire In - RBC Banking Services,Wire In - RBC Banking Services,Confirm whether the date difference reflects expected posting or settlement timing.,"The transaction appears to align across sources, but the posting dates differ. This may reflect settlement timing rather than a true unresolved break.",Confirm expected posting cycle and review adjacent bank statement dates before escalation.,Timing differences should be monitored so routine delays are separated from aged or unresolved exceptions.,"Potential Timing Difference flagged for account ACC2002. Review bank/internal records, confirm root cause, and document resolution before reconciliation sign-off."
Potential Timing Difference,Medium,timing_tolerance_match,0.95,ACC2001,USD,22945.63,22945.63,2026-04-04,2026-04-06,REF000320,REF000320,REF000320,REF000320,BK-S000320-B1,LD-S000320-L1,Withdrawal - Cedar Prime LP,Withdrawal - Cedar Prime LP,Confirm whether the date difference reflects expected posting or settlement timing.,"The transaction appears to align across sources, but the posting dates differ. This may reflect settlement timing rather than a true unresolved break.",Confirm expected posting cycle and review adjacent bank statement dates before escalation.,Timing differences should be monitored so routine delays are separated from aged or unresolved exceptions.,"Potential Timing Difference flagged for account ACC2001. Review bank/internal records, confirm root cause, and document resolution before reconciliation sign-off."
Potential Timing Difference,Medium,timing_tolerance_match,0.95,ACC3001,CAD,17259.33,17259.33,2026-04-06,2026-04-08,REF000321,REF000321,REF000321,REF000321,BK-S000321-B1,LD-S000321-L1,Wire In - RBC Banking Services,Wire In - RBC Banking Services,Confirm whether the date difference reflects expected posting or settlement timing.,"The transaction appears to align across sources, but the posting dates differ. This may reflect settlement timing rather than a true unresolved break.",Confirm expected posting cycle and review adjacent bank statement dates before escalation.,Timing differences should be monitored so routine delays are separated from aged or unresolved exceptions.,"Potential Timing Difference flagged for account ACC3001. Review bank/internal records, confirm root cause, and document resolution before reconciliation sign-off."
Potential Timing Difference,Medium,timing_tolerance_match,0.95,ACC1001,CAD,13451.15,13451.15,2026-03-15,2026-03-17,REF000322,REF000322,REF000322,REF000322,BK-S000322-B1,LD-S000322-L1,Fee - Lakeview Partners,Fee - Lakeview Partners,Confirm whether the date difference reflects expected posting or settlement timing.,"The transaction appears to align across sources, but the posting dates differ. This may reflect settlement timing rather than a true unresolved break.",Confirm expected posting cycle and review adjacent bank statement dates before escalation.,Timing differences should be monitored so routine delays are separated from aged or unresolved exceptions.,"Potential Timing Difference flagged for account ACC1001. Review bank/internal records, confirm root cause, and document resolution before reconciliation sign-off."
Potential Timing Difference,Medium,timing_tolerance_match,0.95,ACC3001,CAD,24944.87,24944.87,2026-04-02,2026-04-04,REF000323,REF000323,REF000323,REF000323,BK-S000323-B1,LD-S000323-L1,Withdrawal - Summit Client Account,Withdrawal - Summit Client Account,Confirm whether the date difference reflects expected posting or settlement timing.,"The transaction appears to align across sources, but the posting dates differ. This may reflect settlement timing rather than a true unresolved break.",Confirm expected posting cycle and review adjacent bank statement dates before escalation.,Timing differences should be monitored so routine delays are separated from aged or unresolved exceptions.,"Potential Timing Difference flagged for account ACC3001. Review bank/internal records, confirm root cause, and document resolution before reconciliation sign-off."
Potential Timing Difference,Medium,timing_tolerance_match,0.95,ACC1001,CAD,9233.6,9233.6,2026-03-10,2026-03-12,REF000324,REF000324,REF000324,REF000324,BK-S000324-B1,LD-S000324-L1,Withdrawal - Lakeview Partners,Withdrawal - Lakeview Partners,Confirm whether the date difference reflects expected posting or settlement timing.,"The transaction appears to align across sources, but the posting dates differ. This may reflect settlement timing rather than a true unresolved break.",Confirm expected posting cycle and review adjacent bank statement dates before escalation.,Timing differences should be monitored so routine delays are separated from aged or unresolved exceptions.,"Potential Timing Difference flagged for account ACC1001. Review bank/internal records, confirm root cause, and document resolution before reconciliation sign-off."
Potential Timing Difference,Medium,timing_tolerance_match,0.95,ACC1001,CAD,2612.18,2612.18,2026-04-14,2026-04-15,REF000325,REF000325,REF000325,REF000325,BK-S000325-B1,LD-S000325-L1,Interest - Bluewater Holdings,Interest - Bluewater Holdings,Confirm whether the date difference reflects expected posting or settlement timing.,"The transaction appears to align across sources, but the posting dates differ. This may reflect settlement timing rather than a true unresolved break.",Confirm expected posting cycle and review adjacent bank statement dates before escalation.,Timing differences should be monitored so routine delays are separated from aged or unresolved exceptions.,"Potential Timing Difference flagged for account ACC1001. Review bank/internal records, confirm root cause, and document resolution before reconciliation sign-off."
Potential Timing Difference,Medium,timing_tolerance_match,0.95,ACC1001,CAD,18771.75,18771.75,2026-03-11,2026-03-12,REF000326,REF000326,REF000326,REF000326,BK-S000326-B1,LD-S000326-L1,Withdrawal - Evergreen Custody,Withdrawal - Evergreen Custody,Confirm whether the date difference reflects expected posting or settlement timing.,"The transaction appears to align across sources, but the posting dates differ. This may reflect settlement timing rather than a true unresolved break.",Confirm expected posting cycle and review adjacent bank statement dates before escalation.,Timing differences should be monitored so routine delays are separated from aged or unresolved exceptions.,"Potential Timing Difference flagged for account ACC1001. Review bank/internal records, confirm root cause, and document resolution before reconciliation sign-off."
Potential Timing Difference,Medium,timing_tolerance_match,0.95,ACC2002,USD,16114.25,16114.25,2026-03-15,2026-03-17,REF000327,REF000327,REF000327,REF000327,BK-S000327-B1,LD-S000327-L1,Interest - Evergreen Custody,Interest - Evergreen Custody,Confirm whether the date difference reflects expected posting or settlement timing.,"The transaction appears to align across sources, but the posting dates differ. This may reflect settlement timing rather than a true unresolved break.",Confirm expected posting cycle and review adjacent bank statement dates before escalation.,Timing differences should be monitored so routine delays are separated from aged or unresolved exceptions.,"Potential Timing Difference flagged for account ACC2002. Review bank/internal records, confirm root cause, and document resolution before reconciliation sign-off."
Potential Timing Difference,Medium,timing_tolerance_match,0.95,ACC3001,CAD,10332.06,10332.06,2026-03-29,2026-03-31,REF000328,REF000328,REF000328,REF000328,BK-S000328-B1,LD-S000328-L1,Wire Out - Lakeview Partners,Wire Out - Lakeview Partners,Confirm whether the date difference reflects expected posting or settlement timing.,"The transaction appears to align across sources, but the posting dates differ. This may reflect settlement timing rather than a true unresolved break.",Confirm expected posting cycle and review adjacent bank statement dates before escalation.,Timing differences should be monitored so routine delays are separated from aged or unresolved exceptions.,"Potential Timing Difference flagged for account ACC3001. Review bank/internal records, confirm root cause, and document resolution before reconciliation sign-off."
Potential Timing Difference,Medium,timing_tolerance_match,0.95,ACC1001,CAD,13885.34,13885.34,2026-03-07,2026-03-08,REF000329,REF000329,REF000329,REF000329,BK-S000329-B1,LD-S000329-L1,Deposit - Pinebridge Vendor Services,Deposit - Pinebridge Vendor Services,Confirm whether the date difference reflects expected posting or settlement timing.,"The transaction appears to align across sources, but the posting dates differ. This may reflect settlement timing rather than a true unresolved break.",Confirm expected posting cycle and review adjacent bank statement dates before escalation.,Timing differences should be monitored so routine delays are separated from aged or unresolved exceptions.,"Potential Timing Difference flagged for account ACC1001. Review bank/internal records, confirm root cause, and document resolution before reconciliation sign-off."
Potential Timing Difference,Medium,timing_tolerance_match,0.95,ACC2001,USD,16338.61,16338.61,2026-04-01,2026-04-03,REF000330,REF000330,REF000330,REF000330,BK-S000330-B1,LD-S000330-L1,Withdrawal - RBC Banking Services,Withdrawal - RBC Banking Services,Confirm whether the date difference reflects expected posting or settlement timing.,"The transaction appears to align across sources, but the posting dates differ. This may reflect settlement timing rather than a true unresolved break.",Confirm expected posting cycle and review adjacent bank statement dates before escalation.,Timing differences should be monitored so routine delays are separated from aged or unresolved exceptions.,"Potential Timing Difference flagged for account ACC2001. Review bank/internal records, confirm root cause, and document resolution before reconciliation sign-off."
Split or Aggregation Difference,Medium,split_payment_match,0.9,ACC3001,CAD,131.15,78.69,2026-04-15,2026-04-15,REF000561,REF000561,REF000561,REF000561,BK-S000561-B1,LD-S000561-L1,Wire In - North Ridge Treasury,Wire In - North Ridge Treasury - split 1,Review whether one bank transaction maps to multiple internal ledger records.,One bank transaction appears to map to multiple internal ledger records.,Review whether the ledger entries represent a valid split or aggregation of the bank-side transaction.,Split or aggregation cases should be clearly documented so analysts can validate the relationship.,"Split or Aggregation Difference flagged for account ACC3001. Review bank/internal records, confirm root cause, and document resolution before reconciliation sign-off."
Split or Aggregation Difference,Medium,split_payment_match,0.9,ACC1002,CAD,10694.96,3743.24,2026-03-13,2026-03-13,REF000562,REF000562,REF000562,REF000562,BK-S000562-B1,LD-S000562-L1,Deposit - Bluewater Holdings,Deposit - Bluewater Holdings - split 1,Review whether one bank transaction maps to multiple internal ledger records.,One bank transaction appears to map to multiple internal ledger records.,Review whether the ledger entries represent a valid split or aggregation of the bank-side transaction.,Split or aggregation cases should be clearly documented so analysts can validate the relationship.,"Split or Aggregation Difference flagged for account ACC1002. Review bank/internal records, confirm root cause, and document resolution before reconciliation sign-off."
Split or Aggregation Difference,Medium,split_payment_match,0.9,ACC1001,CAD,3808.22,2284.93,2026-03-19,2026-03-19,REF000563,REF000563,REF000563,REF000563,BK-S000563-B1,LD-S000563-L1,Deposit - North Ridge Treasury,Deposit - North Ridge Treasury - split 1,Review whether one bank transaction maps to multiple internal ledger records.,One bank transaction appears to map to multiple internal ledger records.,Review whether the ledger entries represent a valid split or aggregation of the bank-side transaction.,Split or aggregation cases should be clearly documented so analysts can validate the relationship.,"Split or Aggregation Difference flagged for account ACC1001. Review bank/internal records, confirm root cause, and document resolution before reconciliation sign-off."
Split or Aggregation Difference,Medium,split_payment_match,0.9,ACC3001,CAD,24069.73,9627.89,2026-03-16,2026-03-16,REF000564,REF000564,REF000564,REF000564,BK-S000564-B1,LD-S000564-L1,Interest - Summit Client Account,Interest - Summit Client Account - split 1,Review whether one bank transaction maps to multiple internal ledger records.,One bank transaction appears to map to multiple internal ledger records.,Review whether the ledger entries represent a valid split or aggregation of the bank-side transaction.,Split or aggregation cases should be clearly documented so analysts can validate the relationship.,"Split or Aggregation Difference flagged for account ACC3001. Review bank/internal records, confirm root cause, and document resolution before reconciliation sign-off."
Split or Aggregation Difference,Medium,split_payment_match,0.9,ACC2001,USD,24860.75,9944.3,2026-03-25,2026-03-25,REF000565,REF000565,REF000565,REF000565,BK-S000565-B1,LD-S000565-L1,Wire In - Lakeview Partners,Wire In - Lakeview Partners - split 1,Review whether one bank transaction maps to multiple internal ledger records.,One bank transaction appears to map to multiple internal ledger records.,Review whether the ledger entries represent a valid split or aggregation of the bank-side transaction.,Split or aggregation cases should be clearly documented so analysts can validate the relationship.,"Split or Aggregation Difference flagged for account ACC2001. Review bank/internal records, confirm root cause, and document resolution before reconciliation sign-off."
Split or Aggregation Difference,Medium,split_payment_match,0.9,ACC2001,USD,656.33,393.8,2026-03-19,2026-03-19,REF000566,REF000566,REF000566,REF000566,BK-S000566-B1,LD-S000566-L1,Wire Out - Pinebridge Vendor Services,Wire Out - Pinebridge Vendor Services - split 1,Review whether one bank transaction maps to multiple internal ledger records.,One bank transaction appears to map to multiple internal ledger records.,Review whether the ledger entries represent a valid split or aggregation of the bank-side transaction.,Split or aggregation cases should be clearly documented so analysts can validate the relationship.,"Split or Aggregation Difference flagged for account ACC2001. Review bank/internal records, confirm root cause, and document resolution before reconciliation sign-off."
Split or Aggregation Difference,Medium,split_payment_match,0.9,ACC1002,CAD,18907.75,11344.65,2026-03-18,2026-03-18,REF000567,REF000567,REF000567,REF000567,BK-S000567-B1,LD-S000567-L1,Deposit - Lakeview Partners,Deposit - Lakeview Partners - split 1,Review whether one bank transaction maps to multiple internal ledger records.,One bank transaction appears to map to multiple internal ledger records.,Review whether the ledger entries represent a valid split or aggregation of the bank-side transaction.,Split or aggregation cases should be clearly documented so analysts can validate the relationship.,"Split or Aggregation Difference flagged for account ACC1002. Review bank/internal records, confirm root cause, and document resolution before reconciliation sign-off."
Split or Aggregation Difference,Medium,split_payment_match,0.9,ACC2001,USD,6992.69,2447.44,2026-03-15,2026-03-15,REF000568,REF000568,REF000568,REF000568,BK-S000568-B1,LD-S000568-L1,Wire Out - Pinebridge Vendor Services,Wire Out - Pinebridge Vendor Services - split 1,Review whether one bank transaction maps to multiple internal ledger records.,One bank transaction appears to map to multiple internal ledger records.,Review whether the ledger entries represent a valid split or aggregation of the bank-side transaction.,Split or aggregation cases should be clearly documented so analysts can validate the relationship.,"Split or Aggregation Difference flagged for account ACC2001. Review bank/internal records, confirm root cause, and document resolution before reconciliation sign-off."
Split or Aggregation Difference,Medium,split_payment_match,0.9,ACC2002,USD,13995.37,5598.15,2026-03-01,2026-03-01,REF000569,REF000569,REF000569,REF000569,BK-S000569-B1,LD-S000569-L1,Deposit - Bluewater Holdings,Deposit - Bluewater Holdings - split 1,Review whether one bank transaction maps to multiple internal ledger records.,One bank transaction appears to map to multiple internal ledger records.,Review whether the ledger entries represent a valid split or aggregation of the bank-side transaction.,Split or aggregation cases should be clearly documented so analysts can validate the relationship.,"Split or Aggregation Difference flagged for account ACC2002. Review bank/internal records, confirm root cause, and document resolution before reconciliation sign-off."
Split or Aggregation Difference,Medium,split_payment_match,0.9,ACC2001,USD,22984.16,8044.46,2026-03-12,2026-03-12,REF000570,REF000570,REF000570,REF000570,BK-S000570-B1,LD-S000570-L1,Interest - North Ridge Treasury,Interest - North Ridge Treasury - split 1,Review whether one bank transaction maps to multiple internal ledger records.,One bank transaction appears to map to multiple internal ledger records.,Review whether the ledger entries represent a valid split or aggregation of the bank-side transaction.,Split or aggregation cases should be clearly documented so analysts can validate the relationship.,"Split or Aggregation Difference flagged for account ACC2001. Review bank/internal records, confirm root cause, and document resolution before reconciliation sign-off."
Split or Aggregation Difference,Medium,split_payment_match,0.9,ACC3001,CAD,1781.5,1068.9,2026-03-31,2026-03-31,REF000571,REF000571,REF000571,REF000571,BK-S000571-B1,LD-S000571-L1,Interest - Pinebridge Vendor Services,Interest - Pinebridge Vendor Services - split 1,Review whether one bank transaction maps to multiple internal ledger records.,One bank transaction appears to map to multiple internal ledger records.,Review whether the ledger entries represent a valid split or aggregation of the bank-side transaction.,Split or aggregation cases should be clearly documented so analysts can validate the relationship.,"Split or Aggregation Difference flagged for account ACC3001. Review bank/internal records, confirm root cause, and document resolution before reconciliation sign-off."
Split or Aggregation Difference,Medium,split_payment_match,0.9,ACC3001,CAD,1283.68,770.21,2026-03-21,2026-03-21,REF000572,REF000572,REF000572,REF000572,BK-S000572-B1,LD-S000572-L1,Interest - Lakeview Partners,Interest - Lakeview Partners - split 1,Review whether one bank transaction maps to multiple internal ledger records.,One bank transaction appears to map to multiple internal ledger records.,Review whether the ledger entries represent a valid split or aggregation of the bank-side transaction.,Split or aggregation cases should be clearly documented so analysts can validate the relationship.,"Split or Aggregation Difference flagged for account ACC3001. Review bank/internal records, confirm root cause, and document resolution before reconciliation sign-off."
Split or Aggregation Difference,Medium,split_payment_match,0.9,ACC2001,USD,7465.8,2613.03,2026-04-05,2026-04-05,REF000573,REF000573,REF000573,REF000573,BK-S000573-B1,LD-S000573-L1,Wire Out - Pinebridge Vendor Services,Wire Out - Pinebridge Vendor Services - split 1,Review whether one bank transaction maps to multiple internal ledger records.,One bank transaction appears to map to multiple internal ledger records.,Review whether the ledger entries represent a valid split or aggregation of the bank-side transaction.,Split or aggregation cases should be clearly documented so analysts can validate the relationship.,"Split or Aggregation Difference flagged for account ACC2001. Review bank/internal records, confirm root cause, and document resolution before reconciliation sign-off."
Split or Aggregation Difference,Medium,split_payment_match,0.9,ACC2001,USD,5317.34,3190.4,2026-03-26,2026-03-26,REF000574,REF000574,REF000574,REF000574,BK-S000574-B1,LD-S000574-L1,Fee - Evergreen Custody,Fee - Evergreen Custody - split 1,Review whether one bank transaction maps to multiple internal ledger records.,One bank transaction appears to map to multiple internal ledger records.,Review whether the ledger entries represent a valid split or aggregation of the bank-side transaction.,Split or aggregation cases should be clearly documented so analysts can validate the relationship.,"Split or Aggregation Difference flagged for account ACC2001. Review bank/internal records, confirm root cause, and document resolution before reconciliation sign-off."
Split or Aggregation Difference,Medium,split_payment_match,0.9,ACC1002,CAD,5705.52,1996.93,2026-03-28,2026-03-28,REF000575,REF000575,REF000575,REF000575,BK-S000575-B1,LD-S000575-L1,Deposit - Evergreen Custody,Deposit - Evergreen Custody - split 1,Review whether one bank transaction maps to multiple internal ledger records.,One bank transaction appears to map to multiple internal ledger records.,Review whether the ledger entries represent a valid split or aggregation of the bank-side transaction.,Split or aggregation cases should be clearly documented so analysts can validate the relationship.,"Split or Aggregation Difference flagged for account ACC1002. Review bank/internal records, confirm root cause, and document resolution before reconciliation sign-off."
Amount Mismatch,High,amount_mismatch_match,0.88,ACC1001,CAD,11071.68,11196.68,2026-03-25,2026-03-25,REF000421,REF000421,REF000421,REF000421,BK-S000421-B1,LD-S000421-L1,Wire In - Evergreen Custody,Wire In - Evergreen Custody,"Investigate fees, partial posting, FX adjustment, booking error, or manual adjustment history.","The transaction appears related across bank and ledger records, but the amounts differ. Bank amount: 11071.68; internal amount: 11196.68.","Review fees, partial settlement, booking adjustments, or manual corrections that may explain the variance.",Amount mismatches can indicate booking errors or incomplete adjustments and should remain visible until explained.,"Amount Mismatch flagged for account ACC1001. Review bank/internal records, confirm root cause, and document resolution before reconciliation sign-off."
Amount Mismatch,High,amount_mismatch_match,0.88,ACC3001,CAD,19929.52,20054.52,2026-03-07,2026-03-07,REF000422,REF000422,REF000422,REF000422,BK-S000422-B1,LD-S000422-L1,Interest - Lakeview Partners,Interest - Lakeview Partners,"Investigate fees, partial posting, FX adjustment, booking error, or manual adjustment history.","The transaction appears related across bank and ledger records, but the amounts differ. Bank amount: 19929.52; internal amount: 20054.52.","Review fees, partial settlement, booking adjustments, or manual corrections that may explain the variance.",Amount mismatches can indicate booking errors or incomplete adjustments and should remain visible until explained.,"Amount Mismatch flagged for account ACC3001. Review bank/internal records, confirm root cause, and document resolution before reconciliation sign-off."
Amount Mismatch,Medium,amount_mismatch_match,0.88,ACC2001,USD,3513.4,3638.4,2026-03-21,2026-03-21,REF000423,REF000423,REF000423,REF000423,BK-S000423-B1,LD-S000423-L1,Wire In - Pinebridge Vendor Services,Wire In - Pinebridge Vendor Services,"Investigate fees, partial posting, FX adjustment, booking error, or manual adjustment history.","The transaction appears related across bank and ledger records, but the amounts differ. Bank amount: 3513.4; internal amount: 3638.4.","Review fees, partial settlement, booking adjustments, or manual corrections that may explain the variance.",Amount mismatches can indicate booking errors or incomplete adjustments and should remain visible until explained.,"Amount Mismatch flagged for account ACC2001. Review bank/internal records, confirm root cause, and document resolution before reconciliation sign-off."
Amount Mismatch,High,amount_mismatch_match,0.88,ACC1001,CAD,24646.63,24621.63,2026-03-06,2026-03-06,REF000424,REF000424,REF000424,REF000424,BK-S000424-B1,LD-S000424-L1,Deposit - Summit Client Account,Deposit - Summit Client Account,"Investigate fees, partial posting, FX adjustment, booking error, or manual adjustment history.","The transaction appears related across bank and ledger records, but the amounts differ. Bank amount: 24646.63; internal amount: 24621.63.","Review fees, partial settlement, booking adjustments, or manual corrections that may explain the variance.",Amount mismatches can indicate booking errors or incomplete adjustments and should remain visible until explained.,"Amount Mismatch flagged for account ACC1001. Review bank/internal records, confirm root cause, and document resolution before reconciliation sign-off."
Amount Mismatch,Medium,amount_mismatch_match,0.88,ACC1002,CAD,3430.19,3555.19,2026-03-28,2026-03-28,REF000425,REF000425,REF000425,REF000425,BK-S000425-B1,LD-S000425-L1,Deposit - Lakeview Partners,Deposit - Lakeview Partners,"Investigate fees, partial posting, FX adjustment, booking error, or manual adjustment history.","The transaction appears related across bank and ledger records, but the amounts differ. Bank amount: 3430.19; internal amount: 3555.19.","Review fees, partial settlement, booking adjustments, or manual corrections that may explain the variance.",Amount mismatches can indicate booking errors or incomplete adjustments and should remain visible until explained.,"Amount Mismatch flagged for account ACC1002. Review bank/internal records, confirm root cause, and document resolution before reconciliation sign-off."
Amount Mismatch,Medium,amount_mismatch_match,0.88,ACC3001,CAD,6701.16,6826.16,2026-04-12,2026-04-12,REF000426,REF000426,REF000426,REF000426,BK-S000426-B1,LD-S000426-L1,Fee - Bluewater Holdings,Fee - Bluewater Holdings,"Investigate fees, partial posting, FX adjustment, booking error, or manual adjustment history.","The transaction appears related across bank and ledger records, but the amounts differ. Bank amount: 6701.16; internal amount: 6826.16.","Review fees, partial settlement, booking adjustments, or manual corrections that may explain the variance.",Amount mismatches can indicate booking errors or incomplete adjustments and should remain visible until explained.,"Amount Mismatch flagged for account ACC3001. Review bank/internal records, confirm root cause, and document resolution before reconciliation sign-off."
Amount Mismatch,Medium,amount_mismatch_match,0.88,ACC2001,USD,791.51,766.51,2026-03-28,2026-03-28,REF000427,REF000427,REF000427,REF000427,BK-S000427-B1,LD-S000427-L1,Wire In - Summit Client Account,Wire In - Summit Client Account,"Investigate fees, partial posting, FX adjustment, booking error, or manual adjustment history.","The transaction appears related across bank and ledger records, but the amounts differ. Bank amount: 791.51; internal amount: 766.51.","Review fees, partial settlement, booking adjustments, or manual corrections that may explain the variance.",Amount mismatches can indicate booking errors or incomplete adjustments and should remain visible until explained.,"Amount Mismatch flagged for account ACC2001. Review bank/internal records, confirm root cause, and document resolution before reconciliation sign-off."
Amount Mismatch,High,amount_mismatch_match,0.88,ACC1002,CAD,12365.7,12490.7,2026-03-19,2026-03-19,REF000428,REF000428,REF000428,REF000428,BK-S000428-B1,LD-S000428-L1,Withdrawal - Cedar Prime LP,Withdrawal - Cedar Prime LP,"Investigate fees, partial posting, FX adjustment, booking error, or manual adjustment history.","The transaction appears related across bank and ledger records, but the amounts differ. Bank amount: 12365.7; internal amount: 12490.7.","Review fees, partial settlement, booking adjustments, or manual corrections that may explain the variance.",Amount mismatches can indicate booking errors or incomplete adjustments and should remain visible until explained.,"Amount Mismatch flagged for account ACC1002. Review bank/internal records, confirm root cause, and document resolution before reconciliation sign-off."
Amount Mismatch,Medium,amount_mismatch_match,0.88,ACC2001,USD,5437.15,5387.15,2026-04-11,2026-04-11,REF000429,REF000429,REF000429,REF000429,BK-S000429-B1,LD-S000429-L1,Wire In - RBC Banking Services,Wire In - RBC Banking Services,"Investigate fees, partial posting, FX adjustment, booking error, or manual adjustment history.","The transaction appears related across bank and ledger records, but the amounts differ. Bank amount: 5437.15; internal amount: 5387.15.","Review fees, partial settlement, booking adjustments, or manual corrections that may explain the variance.",Amount mismatches can indicate booking errors or incomplete adjustments and should remain visible until explained.,"Amount Mismatch flagged for account ACC2001. Review bank/internal records, confirm root cause, and document resolution before reconciliation sign-off."
Amount Mismatch,High,amount_mismatch_match,0.88,ACC2001,USD,21089.89,21064.89,2026-03-30,2026-03-30,REF000430,REF000430,REF000430,REF000430,BK-S000430-B1,LD-S000430-L1,Interest - Bluewater Holdings,Interest - Bluewater Holdings,"Investigate fees, partial posting, FX adjustment, booking error, or manual adjustment history.","The transaction appears related across bank and ledger records, but the amounts differ. Bank amount: 21089.89; internal amount: 21064.89.","Review fees, partial settlement, booking adjustments, or manual corrections that may explain the variance.",Amount mismatches can indicate booking errors or incomplete adjustments and should remain visible until explained.,"Amount Mismatch flagged for account ACC2001. Review bank/internal records, confirm root cause, and document resolution before reconciliation sign-off."
Amount Mismatch,High,amount_mismatch_match,0.88,ACC2001,USD,15153.43,15278.43,2026-03-27,2026-03-27,REF000431,REF000431,REF000431,REF000431,BK-S000431-B1,LD-S000431-L1,Deposit - Bluewater Holdings,Deposit - Bluewater Holdings,"Investigate fees, partial posting, FX adjustment, booking error, or manual adjustment history.","The transaction appears related across bank and ledger records, but the amounts differ. Bank amount: 15153.43; internal amount: 15278.43.","Review fees, partial settlement, booking adjustments, or manual corrections that may explain the variance.",Amount mismatches can indicate booking errors or incomplete adjustments and should remain visible until explained.,"Amount Mismatch flagged for account ACC2001. Review bank/internal records, confirm root cause, and document resolution before reconciliation sign-off."
Amount Mismatch,Medium,amount_mismatch_match,0.88,ACC2002,USD,2894.92,2844.92,2026-03-16,2026-03-16,REF000432,REF000432,REF000432,REF000432,BK-S000432-B1,LD-S000432-L1,Deposit - Bluewater Holdings,Deposit - Bluewater Holdings,"Investigate fees, partial posting, FX adjustment, booking error, or manual adjustment history.","The transaction appears related across bank and ledger records, but the amounts differ. Bank amount: 2894.92; internal amount: 2844.92.","Review fees, partial settlement, booking adjustments, or manual corrections that may explain the variance.",Amount mismatches can indicate booking errors or incomplete adjustments and should remain visible until explained.,"Amount Mismatch flagged for account ACC2002. Review bank/internal records, confirm root cause, and document resolution before reconciliation sign-off."
Amount Mismatch,Medium,amount_mismatch_match,0.88,ACC1002,CAD,4028.46,4153.46,2026-03-14,2026-03-14,REF000433,REF000433,REF000433,REF000433,BK-S000433-B1,LD-S000433-L1,Wire Out - RBC Banking Services,Wire Out - RBC Banking Services,"Investigate fees, partial posting, FX adjustment, booking error, or manual adjustment history.","The transaction appears related across bank and ledger records, but the amounts differ. Bank amount: 4028.46; internal amount: 4153.46.","Review fees, partial settlement, booking adjustments, or manual corrections that may explain the variance.",Amount mismatches can indicate booking errors or incomplete adjustments and should remain visible until explained.,"Amount Mismatch flagged for account ACC1002. Review bank/internal records, confirm root cause, and document resolution before reconciliation sign-off."
Amount Mismatch,High,amount_mismatch_match,0.88,ACC1002,CAD,18450.47,18575.47,2026-03-17,2026-03-17,REF000434,REF000434,REF000434,REF000434,BK-S000434-B1,LD-S000434-L1,Deposit - Cedar Prime LP,Deposit - Cedar Prime LP,"Investigate fees, partial posting, FX adjustment, booking error, or manual adjustment history.","The transaction appears related across bank and ledger records, but the amounts differ. Bank amount: 18450.47; internal amount: 18575.47.","Review fees, partial settlement, booking adjustments, or manual corrections that may explain the variance.",Amount mismatches can indicate booking errors or incomplete adjustments and should remain visible until explained.,"Amount Mismatch flagged for account ACC1002. Review bank/internal records, confirm root cause, and document resolution before reconciliation sign-off."
Amount Mismatch,High,amount_mismatch_match,0.88,ACC3001,CAD,23011.89,23136.89,2026-03-18,2026-03-18,REF000435,REF000435,REF000435,REF000435,BK-S000435-B1,LD-S000435-L1,Fee - Bluewater Holdings,Fee - Bluewater Holdings,"Investigate fees, partial posting, FX adjustment, booking error, or manual adjustment history.","The transaction appears related across bank and ledger records, but the amounts differ. Bank amount: 23011.89; internal amount: 23136.89.","Review fees, partial settlement, booking adjustments, or manual corrections that may explain the variance.",Amount mismatches can indicate booking errors or incomplete adjustments and should remain visible until explained.,"Amount Mismatch flagged for account ACC3001. Review bank/internal records, confirm root cause, and document resolution before reconciliation sign-off."
Amount Mismatch,High,amount_mismatch_match,0.88,ACC1002,CAD,19201.06,19176.06,2026-04-06,2026-04-06,REF000436,REF000436,REF000436,REF000436,BK-S000436-B1,LD-S000436-L1,Wire Out - Cedar Prime LP,Wire Out - Cedar Prime LP,"Investigate fees, partial posting, FX adjustment, booking error, or manual adjustment history.","The transaction appears related across bank and ledger records, but the amounts differ. Bank amount: 19201.06; internal amount: 19176.06.","Review fees, partial settlement, booking adjustments, or manual corrections that may explain the variance.",Amount mismatches can indicate booking errors or incomplete adjustments and should remain visible until explained.,"Amount Mismatch flagged for account ACC1002. Review bank/internal records, confirm root cause, and document resolution before reconciliation sign-off."
Amount Mismatch,High,amount_mismatch_match,0.88,ACC3001,CAD,16714.9,16664.9,2026-03-27,2026-03-27,REF000437,REF000437,REF000437,REF000437,BK-S000437-B1,LD-S000437-L1,Fee - Summit Client Account,Fee - Summit Client Account,"Investigate fees, partial posting, FX adjustment, booking error, or manual adjustment history.","The transaction appears related across bank and ledger records, but the amounts differ. Bank amount: 16714.9; internal amount: 16664.9.","Review fees, partial settlement, booking adjustments, or manual corrections that may explain the variance.",Amount mismatches can indicate booking errors or incomplete adjustments and should remain visible until explained.,"Amount Mismatch flagged for account ACC3001. Review bank/internal records, confirm root cause, and document resolution before reconciliation sign-off."
Amount Mismatch,High,amount_mismatch_match,0.88,ACC1002,CAD,10641.28,10591.28,2026-04-08,2026-04-08,REF000438,REF000438,REF000438,REF000438,BK-S000438-B1,LD-S000438-L1,Deposit - RBC Banking Services,Deposit - RBC Banking Services,"Investigate fees, partial posting, FX adjustment, booking error, or manual adjustment history.","The transaction appears related across bank and ledger records, but the amounts differ. Bank amount: 10641.28; internal amount: 10591.28.","Review fees, partial settlement, booking adjustments, or manual corrections that may explain the variance.",Amount mismatches can indicate booking errors or incomplete adjustments and should remain visible until explained.,"Amount Mismatch flagged for account ACC1002. Review bank/internal records, confirm root cause, and document resolution before reconciliation sign-off."
Amount Mismatch,Medium,amount_mismatch_match,0.88,ACC2002,USD,785.65,860.65,2026-03-24,2026-03-24,REF000439,REF000439,REF000439,REF000439,BK-S000439-B1,LD-S000439-L1,Fee - North Ridge Treasury,Fee - North Ridge Treasury,"Investigate fees, partial posting, FX adjustment, booking error, or manual adjustment history.","The transaction appears related across bank and ledger records, but the amounts differ. Bank amount: 785.65; internal amount: 860.65.","Review fees, partial settlement, booking adjustments, or manual corrections that may explain the variance.",Amount mismatches can indicate booking errors or incomplete adjustments and should remain visible until explained.,"Amount Mismatch flagged for account ACC2002. Review bank/internal records, confirm root cause, and document resolution before reconciliation sign-off."
Amount Mismatch,High,amount_mismatch_match,0.88,ACC1001,CAD,18849.37,18974.37,2026-03-09,2026-03-09,REF000440,REF000440,REF000440,REF000440,BK-S000440-B1,LD-S000440-L1,Wire Out - Pinebridge Vendor Services,Wire Out - Pinebridge Vendor Services,"Investigate fees, partial posting, FX adjustment, booking error, or manual adjustment history.","The transaction appears related across bank and ledger records, but the amounts differ. Bank amount: 18849.37; internal amount: 18974.37.","Review fees, partial settlement, booking adjustments, or manual corrections that may explain the variance.",Amount mismatches can indicate booking errors or incomplete adjustments and should remain visible until explained.,"Amount Mismatch flagged for account ACC1001. Review bank/internal records, confirm root cause, and document resolution before reconciliation sign-off."
Amount Mismatch,High,amount_mismatch_match,0.88,ACC1001,CAD,20775.27,20850.27,2026-03-29,2026-03-29,REF000441,REF000441,REF000441,REF000441,BK-S000441-B1,LD-S000441-L1,Wire Out - Summit Client Account,Wire Out - Summit Client Account,"Investigate fees, partial posting, FX adjustment, booking error, or manual adjustment history.","The transaction appears related across bank and ledger records, but the amounts differ. Bank amount: 20775.27; internal amount: 20850.27.","Review fees, partial settlement, booking adjustments, or manual corrections that may explain the variance.",Amount mismatches can indicate booking errors or incomplete adjustments and should remain visible until explained.,"Amount Mismatch flagged for account ACC1001. Review bank/internal records, confirm root cause, and document resolution before reconciliation sign-off."
Amount Mismatch,High,amount_mismatch_match,0.88,ACC3001,CAD,13163.09,13138.09,2026-03-05,2026-03-05,REF000442,REF000442,REF000442,REF000442,BK-S000442-B1,LD-S000442-L1,Wire Out - Evergreen Custody,Wire Out - Evergreen Custody,"Investigate fees, partial posting, FX adjustment, booking error, or manual adjustment history.","The transaction appears related across bank and ledger records, but the amounts differ. Bank amount: 13163.09; internal amount: 13138.09.","Review fees, partial settlement, booking adjustments, or manual corrections that may explain the variance.",Amount mismatches can indicate booking errors or incomplete adjustments and should remain visible until explained.,"Amount Mismatch flagged for account ACC3001. Review bank/internal records, confirm root cause, and document resolution before reconciliation sign-off."
Amount Mismatch,Medium,amount_mismatch_match,0.88,ACC1002,CAD,95.5,45.5,2026-03-16,2026-03-16,REF000443,REF000443,REF000443,REF000443,BK-S000443-B1,LD-S000443-L1,Wire In - Pinebridge Vendor Services,Wire In - Pinebridge Vendor Services,"Investigate fees, partial posting, FX adjustment, booking error, or manual adjustment history.","The transaction appears related across bank and ledger records, but the amounts differ. Bank amount: 95.5; internal amount: 45.5.","Review fees, partial settlement, booking adjustments, or manual corrections that may explain the variance.",Amount mismatches can indicate booking errors or incomplete adjustments and should remain visible until explained.,"Amount Mismatch flagged for account ACC1002. Review bank/internal records, confirm root cause, and document resolution before reconciliation sign-off."
Amount Mismatch,Medium,amount_mismatch_match,0.88,ACC2002,USD,3972.95,4047.95,2026-03-26,2026-03-26,REF000444,REF000444,REF000444,REF000444,BK-S000444-B1,LD-S000444-L1,Deposit - Bluewater Holdings,Deposit - Bluewater Holdings,"Investigate fees, partial posting, FX adjustment, booking error, or manual adjustment history.","The transaction appears related across bank and ledger records, but the amounts differ. Bank amount: 3972.95; internal amount: 4047.95.","Review fees, partial settlement, booking adjustments, or manual corrections that may explain the variance.",Amount mismatches can indicate booking errors or incomplete adjustments and should remain visible until explained.,"Amount Mismatch flagged for account ACC2002. Review bank/internal records, confirm root cause, and document resolution before reconciliation sign-off."
Amount Mismatch,Medium,amount_mismatch_match,0.88,ACC2002,USD,9394.24,9369.24,2026-03-31,2026-03-31,REF000445,REF000445,REF000445,REF000445,BK-S000445-B1,LD-S000445-L1,Wire Out - Evergreen Custody,Wire Out - Evergreen Custody,"Investigate fees, partial posting, FX adjustment, booking error, or manual adjustment history.","The transaction appears related across bank and ledger records, but the amounts differ. Bank amount: 9394.24; internal amount: 9369.24.","Review fees, partial settlement, booking adjustments, or manual corrections that may explain the variance.",Amount mismatches can indicate booking errors or incomplete adjustments and should remain visible until explained.,"Amount Mismatch flagged for account ACC2002. Review bank/internal records, confirm root cause, and document resolution before reconciliation sign-off."
Amount Mismatch,High,amount_mismatch_match,0.88,ACC2002,USD,19715.92,19665.92,2026-03-11,2026-03-11,REF000446,REF000446,REF000446,REF000446,BK-S000446-B1,LD-S000446-L1,Wire In - Lakeview Partners,Wire In - Lakeview Partners,"Investigate fees, partial posting, FX adjustment, booking error, or manual adjustment history.","The transaction appears related across bank and ledger records, but the amounts differ. Bank amount: 19715.92; internal amount: 19665.92.","Review fees, partial settlement, booking adjustments, or manual corrections that may explain the variance.",Amount mismatches can indicate booking errors or incomplete adjustments and should remain visible until explained.,"Amount Mismatch flagged for account ACC2002. Review bank/internal records, confirm root cause, and document resolution before reconciliation sign-off."
Amount Mismatch,High,amount_mismatch_match,0.88,ACC2001,USD,21751.12,21701.12,2026-03-27,2026-03-27,REF000447,REF000447,REF000447,REF000447,BK-S000447-B1,LD-S000447-L1,Withdrawal - Bluewater Holdings,Withdrawal - Bluewater Holdings,"Investigate fees, partial posting, FX adjustment, booking error, or manual adjustment history.","The transaction appears related across bank and ledger records, but the amounts differ. Bank amount: 21751.12; internal amount: 21701.12.","Review fees, partial settlement, booking adjustments, or manual corrections that may explain the variance.",Amount mismatches can indicate booking errors or incomplete adjustments and should remain visible until explained.,"Amount Mismatch flagged for account ACC2001. Review bank/internal records, confirm root cause, and document resolution before reconciliation sign-off."
Amount Mismatch,High,amount_mismatch_match,0.88,ACC3001,CAD,20322.05,20397.05,2026-03-15,2026-03-15,REF000448,REF000448,REF000448,REF000448,BK-S000448-B1,LD-S000448-L1,Wire In - North Ridge Treasury,Wire In - North Ridge Treasury,"Investigate fees, partial posting, FX adjustment, booking error, or manual adjustment history.","The transaction appears related across bank and ledger records, but the amounts differ. Bank amount: 20322.05; internal amount: 20397.05.","Review fees, partial settlement, booking adjustments, or manual corrections that may explain the variance.",Amount mismatches can indicate booking errors or incomplete adjustments and should remain visible until explained.,"Amount Mismatch flagged for account ACC3001. Review bank/internal records, confirm root cause, and document resolution before reconciliation sign-off."
Amount Mismatch,Medium,amount_mismatch_match,0.88,ACC2001,USD,8251.48,8226.48,2026-03-17,2026-03-17,REF000449,REF000449,REF000449,REF000449,BK-S000449-B1,LD-S000449-L1,Interest - RBC Banking Services,Interest - RBC Banking Services,"Investigate fees, partial posting, FX adjustment, booking error, or manual adjustment history.","The transaction appears related across bank and ledger records, but the amounts differ. Bank amount: 8251.48; internal amount: 8226.48.","Review fees, partial settlement, booking adjustments, or manual corrections that may explain the variance.",Amount mismatches can indicate booking errors or incomplete adjustments and should remain visible until explained.,"Amount Mismatch flagged for account ACC2001. Review bank/internal records, confirm root cause, and document resolution before reconciliation sign-off."
Amount Mismatch,Medium,amount_mismatch_match,0.88,ACC2001,USD,7784.25,7759.25,2026-04-11,2026-04-11,REF000450,REF000450,REF000450,REF000450,BK-S000450-B1,LD-S000450-L1,Deposit - Cedar Prime LP,Deposit - Cedar Prime LP,"Investigate fees, partial posting, FX adjustment, booking error, or manual adjustment history.","The transaction appears related across bank and ledger records, but the amounts differ. Bank amount: 7784.25; internal amount: 7759.25.","Review fees, partial settlement, booking adjustments, or manual corrections that may explain the variance.",Amount mismatches can indicate booking errors or incomplete adjustments and should remain visible until explained.,"Amount Mismatch flagged for account ACC2001. Review bank/internal records, confirm root cause, and document resolution before reconciliation sign-off."
Amount Mismatch,High,amount_mismatch_match,0.88,ACC2001,USD,23852.51,23802.51,2026-03-17,2026-03-17,REF000451,REF000451,REF000451,REF000451,BK-S000451-B1,LD-S000451-L1,Fee - North Ridge Treasury,Fee - North Ridge Treasury,"Investigate fees, partial posting, FX adjustment, booking error, or manual adjustment history.","The transaction appears related across bank and ledger records, but the amounts differ. Bank amount: 23852.51; internal amount: 23802.51.","Review fees, partial settlement, booking adjustments, or manual corrections that may explain the variance.",Amount mismatches can indicate booking errors or incomplete adjustments and should remain visible until explained.,"Amount Mismatch flagged for account ACC2001. Review bank/internal records, confirm root cause, and document resolution before reconciliation sign-off."
Amount Mismatch,High,amount_mismatch_match,0.88,ACC1001,CAD,17338.14,17463.14,2026-03-26,2026-03-26,REF000452,REF000452,REF000452,REF000452,BK-S000452-B1,LD-S000452-L1,Deposit - Bluewater Holdings,Deposit - Bluewater Holdings,"Investigate fees, partial posting, FX adjustment, booking error, or manual adjustment history.","The transaction appears related across bank and ledger records, but the amounts differ. Bank amount: 17338.14; internal amount: 17463.14.","Review fees, partial settlement, booking adjustments, or manual corrections that may explain the variance.",Amount mismatches can indicate booking errors or incomplete adjustments and should remain visible until explained.,"Amount Mismatch flagged for account ACC1001. Review bank/internal records, confirm root cause, and document resolution before reconciliation sign-off."
Amount Mismatch,High,amount_mismatch_match,0.88,ACC2002,USD,14992.57,14942.57,2026-03-25,2026-03-25,REF000453,REF000453,REF000453,REF000453,BK-S000453-B1,LD-S000453-L1,Interest - Lakeview Partners,Interest - Lakeview Partners,"Investigate fees, partial posting, FX adjustment, booking error, or manual adjustment history.","The transaction appears related across bank and ledger records, but the amounts differ. Bank amount: 14992.57; internal amount: 14942.57.","Review fees, partial settlement, booking adjustments, or manual corrections that may explain the variance.",Amount mismatches can indicate booking errors or incomplete adjustments and should remain visible until explained.,"Amount Mismatch flagged for account ACC2002. Review bank/internal records, confirm root cause, and document resolution before reconciliation sign-off."
Amount Mismatch,High,amount_mismatch_match,0.88,ACC2002,USD,21290.06,21265.06,2026-03-23,2026-03-23,REF000454,REF000454,REF000454,REF000454,BK-S000454-B1,LD-S000454-L1,Withdrawal - Evergreen Custody,Withdrawal - Evergreen Custody,"Investigate fees, partial posting, FX adjustment, booking error, or manual adjustment history.","The transaction appears related across bank and ledger records, but the amounts differ. Bank amount: 21290.06; internal amount: 21265.06.","Review fees, partial settlement, booking adjustments, or manual corrections that may explain the variance.",Amount mismatches can indicate booking errors or incomplete adjustments and should remain visible until explained.,"Amount Mismatch flagged for account ACC2002. Review bank/internal records, confirm root cause, and document resolution before reconciliation sign-off."
Amount Mismatch,Medium,amount_mismatch_match,0.88,ACC2001,USD,5393.64,5368.64,2026-04-05,2026-04-05,REF000455,REF000455,REF000455,REF000455,BK-S000455-B1,LD-S000455-L1,Withdrawal - Pinebridge Vendor Services,Withdrawal - Pinebridge Vendor Services,"Investigate fees, partial posting, FX adjustment, booking error, or manual adjustment history.","The transaction appears related across bank and ledger records, but the amounts differ. Bank amount: 5393.64; internal amount: 5368.64.","Review fees, partial settlement, booking adjustments, or manual corrections that may explain the variance.",Amount mismatches can indicate booking errors or incomplete adjustments and should remain visible until explained.,"Amount Mismatch flagged for account ACC2001. Review bank/internal records, confirm root cause, and document resolution before reconciliation sign-off."
Amount Mismatch,High,amount_mismatch_match,0.88,ACC1002,CAD,22284.25,22359.25,2026-03-20,2026-03-20,REF000456,REF000456,REF000456,REF000456,BK-S000456-B1,LD-S000456-L1,Withdrawal - Pinebridge Vendor Services,Withdrawal - Pinebridge Vendor Services,"Investigate fees, partial posting, FX adjustment, booking error, or manual adjustment history.","The transaction appears related across bank and ledger records, but the amounts differ. Bank amount: 22284.25; internal amount: 22359.25.","Review fees, partial settlement, booking adjustments, or manual corrections that may explain the variance.",Amount mismatches can indicate booking errors or incomplete adjustments and should remain visible until explained.,"Amount Mismatch flagged for account ACC1002. Review bank/internal records, confirm root cause, and document resolution before reconciliation sign-off."
Amount Mismatch,High,amount_mismatch_match,0.88,ACC2002,USD,23663.22,23613.22,2026-04-10,2026-04-10,REF000457,REF000457,REF000457,REF000457,BK-S000457-B1,LD-S000457-L1,Wire In - Cedar Prime LP,Wire In - Cedar Prime LP,"Investigate fees, partial posting, FX adjustment, booking error, or manual adjustment history.","The transaction appears related across bank and ledger records, but the amounts differ. Bank amount: 23663.22; internal amount: 23613.22.","Review fees, partial settlement, booking adjustments, or manual corrections that may explain the variance.",Amount mismatches can indicate booking errors or incomplete adjustments and should remain visible until explained.,"Amount Mismatch flagged for account ACC2002. Review bank/internal records, confirm root cause, and document resolution before reconciliation sign-off."
Amount Mismatch,High,amount_mismatch_match,0.88,ACC2002,USD,21900.38,21850.38,2026-03-20,2026-03-20,REF000458,REF000458,REF000458,REF000458,BK-S000458-B1,LD-S000458-L1,Deposit - Evergreen Custody,Deposit - Evergreen Custody,"Investigate fees, partial posting, FX adjustment, booking error, or manual adjustment history.","The transaction appears related across bank and ledger records, but the amounts differ. Bank amount: 21900.38; internal amount: 21850.38.","Review fees, partial settlement, booking adjustments, or manual corrections that may explain the variance.",Amount mismatches can indicate booking errors or incomplete adjustments and should remain visible until explained.,"Amount Mismatch flagged for account ACC2002. Review bank/internal records, confirm root cause, and document resolution before reconciliation sign-off."
Amount Mismatch,High,amount_mismatch_match,0.88,ACC3001,CAD,18176.04,18251.04,2026-03-10,2026-03-10,REF000459,REF000459,REF000459,REF000459,BK-S000459-B1,LD-S000459-L1,Interest - Cedar Prime LP,Interest - Cedar Prime LP,"Investigate fees, partial posting, FX adjustment, booking error, or manual adjustment history.","The transaction appears related across bank and ledger records, but the amounts differ. Bank amount: 18176.04; internal amount: 18251.04.","Review fees, partial settlement, booking adjustments, or manual corrections that may explain the variance.",Amount mismatches can indicate booking errors or incomplete adjustments and should remain visible until explained.,"Amount Mismatch flagged for account ACC3001. Review bank/internal records, confirm root cause, and document resolution before reconciliation sign-off."
Amount Mismatch,Medium,amount_mismatch_match,0.88,ACC2001,USD,296.18,246.18,2026-03-04,2026-03-04,REF000460,REF000460,REF000460,REF000460,BK-S000460-B1,LD-S000460-L1,Withdrawal - Evergreen Custody,Withdrawal - Evergreen Custody,"Investigate fees, partial posting, FX adjustment, booking error, or manual adjustment history.","The transaction appears related across bank and ledger records, but the amounts differ. Bank amount: 296.18; internal amount: 246.18.","Review fees, partial settlement, booking adjustments, or manual corrections that may explain the variance.",Amount mismatches can indicate booking errors or incomplete adjustments and should remain visible until explained.,"Amount Mismatch flagged for account ACC2001. Review bank/internal records, confirm root cause, and document resolution before reconciliation sign-off."
Missing in Internal Ledger,Low,residual_classification,0.8,ACC1001,CAD,655.99,,2026-03-24,,REF000376,,REF000376,,BK-S000376-B1,,Deposit - Bluewater Holdings,,"Verify whether internal booking is delayed, missing, or affected by upstream feed issues.",The bank statement contains a transaction that was not found in the internal ledger.,"Check whether the internal booking is delayed, missing, or affected by a source-system feed issue.",Unbooked bank activity may affect cash reporting accuracy and should be investigated promptly.,"Missing in Internal Ledger flagged for account ACC1001. Review bank/internal records, confirm root cause, and document resolution before reconciliation sign-off."
Missing in Internal Ledger,Low,residual_classification,0.8,ACC1002,CAD,2654.23,,2026-03-03,,REF000377,,REF000377,,BK-S000377-B1,,Deposit - Summit Client Account,,"Verify whether internal booking is delayed, missing, or affected by upstream feed issues.",The bank statement contains a transaction that was not found in the internal ledger.,"Check whether the internal booking is delayed, missing, or affected by a source-system feed issue.",Unbooked bank activity may affect cash reporting accuracy and should be investigated promptly.,"Missing in Internal Ledger flagged for account ACC1002. Review bank/internal records, confirm root cause, and document resolution before reconciliation sign-off."
Missing in Internal Ledger,Low,residual_classification,0.8,ACC2001,USD,1191.26,,2026-03-06,,REF000378,,REF000378,,BK-S000378-B1,,Fee - Lakeview Partners,,"Verify whether internal booking is delayed, missing, or affected by upstream feed issues.",The bank statement contains a transaction that was not found in the internal ledger.,"Check whether the internal booking is delayed, missing, or affected by a source-system feed issue.",Unbooked bank activity may affect cash reporting accuracy and should be investigated promptly.,"Missing in Internal Ledger flagged for account ACC2001. Review bank/internal records, confirm root cause, and document resolution before reconciliation sign-off."
Missing in Internal Ledger,Low,residual_classification,0.8,ACC3001,CAD,9838.57,,2026-04-09,,REF000379,,REF000379,,BK-S000379-B1,,Fee - Summit Client Account,,"Verify whether internal booking is delayed, missing, or affected by upstream feed issues.",The bank statement contains a transaction that was not found in the internal ledger.,"Check whether the internal booking is delayed, missing, or affected by a source-system feed issue.",Unbooked bank activity may affect cash reporting accuracy and should be investigated promptly.,"Missing in Internal Ledger flagged for account ACC3001. Review bank/internal records, confirm root cause, and document resolution before reconciliation sign-off."
Missing in Internal Ledger,Low,residual_classification,0.8,ACC3001,CAD,419.03,,2026-03-10,,REF000380,,REF000380,,BK-S000380-B1,,Wire Out - Lakeview Partners,,"Verify whether internal booking is delayed, missing, or affected by upstream feed issues.",The bank statement contains a transaction that was not found in the internal ledger.,"Check whether the internal booking is delayed, missing, or affected by a source-system feed issue.",Unbooked bank activity may affect cash reporting accuracy and should be investigated promptly.,"Missing in Internal Ledger flagged for account ACC3001. Review bank/internal records, confirm root cause, and document resolution before reconciliation sign-off."
Missing in Internal Ledger,High,residual_classification,0.8,ACC2001,USD,23823.77,,2026-04-14,,REF000381,,REF000381,,BK-S000381-B1,,Withdrawal - Bluewater Holdings,,"Verify whether internal booking is delayed, missing, or affected by upstream feed issues.",The bank statement contains a transaction that was not found in the internal ledger.,"Check whether the internal booking is delayed, missing, or affected by a source-system feed issue.",Unbooked bank activity may affect cash reporting accuracy and should be investigated promptly.,"Missing in Internal Ledger flagged for account ACC2001. Review bank/internal records, confirm root cause, and document resolution before reconciliation sign-off."
Missing in Internal Ledger,Low,residual_classification,0.8,ACC2002,USD,526.83,,2026-03-20,,REF000382,,REF000382,,BK-S000382-B1,,Withdrawal - Lakeview Partners,,"Verify whether internal booking is delayed, missing, or affected by upstream feed issues.",The bank statement contains a transaction that was not found in the internal ledger.,"Check whether the internal booking is delayed, missing, or affected by a source-system feed issue.",Unbooked bank activity may affect cash reporting accuracy and should be investigated promptly.,"Missing in Internal Ledger flagged for account ACC2002. Review bank/internal records, confirm root cause, and document resolution before reconciliation sign-off."
Missing in Internal Ledger,Low,residual_classification,0.8,ACC2002,USD,3232.64,,2026-03-10,,REF000383,,REF000383,,BK-S000383-B1,,Wire In - Lakeview Partners,,"Verify whether internal booking is delayed, missing, or affected by upstream feed issues.",The bank statement contains a transaction that was not found in the internal ledger.,"Check whether the internal booking is delayed, missing, or affected by a source-system feed issue.",Unbooked bank activity may affect cash reporting accuracy and should be investigated promptly.,"Missing in Internal Ledger flagged for account ACC2002. Review bank/internal records, confirm root cause, and document resolution before reconciliation sign-off."
Missing in Internal Ledger,Low,residual_classification,0.8,ACC1002,CAD,561.04,,2026-03-26,,REF000385,,REF000385,,BK-S000385-B1,,Withdrawal - RBC Banking Services,,"Verify whether internal booking is delayed, missing, or affected by upstream feed issues.",The bank statement contains a transaction that was not found in the internal ledger.,"Check whether the internal booking is delayed, missing, or affected by a source-system feed issue.",Unbooked bank activity may affect cash reporting accuracy and should be investigated promptly.,"Missing in Internal Ledger flagged for account ACC1002. Review bank/internal records, confirm root cause, and document resolution before reconciliation sign-off."
Missing in Internal Ledger,Low,residual_classification,0.8,ACC1002,CAD,8560.21,,2026-03-19,,REF000386,,REF000386,,BK-S000386-B1,,Wire Out - RBC Banking Services,,"Verify whether internal booking is delayed, missing, or affected by upstream feed issues.",The bank statement contains a transaction that was not found in the internal ledger.,"Check whether the internal booking is delayed, missing, or affected by a source-system feed issue.",Unbooked bank activity may affect cash reporting accuracy and should be investigated promptly.,"Missing in Internal Ledger flagged for account ACC1002. Review bank/internal records, confirm root cause, and document resolution before reconciliation sign-off."
Missing in Internal Ledger,Low,residual_classification,0.8,ACC2001,USD,2792.5,,2026-03-29,,REF000387,,REF000387,,BK-S000387-B1,,Fee - Lakeview Partners,,"Verify whether internal booking is delayed, missing, or affected by upstream feed issues.",The bank statement contains a transaction that was not found in the internal ledger.,"Check whether the internal booking is delayed, missing, or affected by a source-system feed issue.",Unbooked bank activity may affect cash reporting accuracy and should be investigated promptly.,"Missing in Internal Ledger flagged for account ACC2001. Review bank/internal records, confirm root cause, and document resolution before reconciliation sign-off."
Missing in Internal Ledger,Low,residual_classification,0.8,ACC3001,CAD,454.61,,2026-03-10,,REF000388,,REF000388,,BK-S000388-B1,,Wire In - Pinebridge Vendor Services,,"Verify whether internal booking is delayed, missing, or affected by upstream feed issues.",The bank statement contains a transaction that was not found in the internal ledger.,"Check whether the internal booking is delayed, missing, or affected by a source-system feed issue.",Unbooked bank activity may affect cash reporting accuracy and should be investigated promptly.,"Missing in Internal Ledger flagged for account ACC3001. Review bank/internal records, confirm root cause, and document resolution before reconciliation sign-off."
Missing in Internal Ledger,Low,residual_classification,0.8,ACC1001,CAD,5983.27,,2026-03-23,,REF000389,,REF000389,,BK-S000389-B1,,Deposit - North Ridge Treasury,,"Verify whether internal booking is delayed, missing, or affected by upstream feed issues.",The bank statement contains a transaction that was not found in the internal ledger.,"Check whether the internal booking is delayed, missing, or affected by a source-system feed issue.",Unbooked bank activity may affect cash reporting accuracy and should be investigated promptly.,"Missing in Internal Ledger flagged for account ACC1001. Review bank/internal records, confirm root cause, and document resolution before reconciliation sign-off."
Missing in Internal Ledger,High,residual_classification,0.8,ACC2001,USD,17465.32,,2026-03-06,,REF000390,,REF000390,,BK-S000390-B1,,Wire In - Bluewater Holdings,,"Verify whether internal booking is delayed, missing, or affected by upstream feed issues.",The bank statement contains a transaction that was not found in the internal ledger.,"Check whether the internal booking is delayed, missing, or affected by a source-system feed issue.",Unbooked bank activity may affect cash reporting accuracy and should be investigated promptly.,"Missing in Internal Ledger flagged for account ACC2001. Review bank/internal records, confirm root cause, and document resolution before reconciliation sign-off."
Missing in Internal Ledger,High,residual_classification,0.8,ACC2001,USD,24241.6,,2026-03-06,,REF000391,,REF000391,,BK-S000391-B1,,Wire Out - RBC Banking Services,,"Verify whether internal booking is delayed, missing, or affected by upstream feed issues.",The bank statement contains a transaction that was not found in the internal ledger.,"Check whether the internal booking is delayed, missing, or affected by a source-system feed issue.",Unbooked bank activity may affect cash reporting accuracy and should be investigated promptly.,"Missing in Internal Ledger flagged for account ACC2001. Review bank/internal records, confirm root cause, and document resolution before reconciliation sign-off."
Missing in Internal Ledger,High,residual_classification,0.8,ACC1001,CAD,24776.24,,2026-03-20,,REF000392,,REF000392,,BK-S000392-B1,,Withdrawal - Bluewater Holdings,,"Verify whether internal booking is delayed, missing, or affected by upstream feed issues.",The bank statement contains a transaction that was not found in the internal ledger.,"Check whether the internal booking is delayed, missing, or affected by a source-system feed issue.",Unbooked bank activity may affect cash reporting accuracy and should be investigated promptly.,"Missing in Internal Ledger flagged for account ACC1001. Review bank/internal records, confirm root cause, and document resolution before reconciliation sign-off."
Missing in Internal Ledger,High,residual_classification,0.8,ACC2002,USD,12089.04,,2026-04-05,,REF000393,,REF000393,,BK-S000393-B1,,Deposit - Evergreen Custody,,"Verify whether internal booking is delayed, missing, or affected by upstream feed issues.",The bank statement contains a transaction that was not found in the internal ledger.,"Check whether the internal booking is delayed, missing, or affected by a source-system feed issue.",Unbooked bank activity may affect cash reporting accuracy and should be investigated promptly.,"Missing in Internal Ledger flagged for account ACC2002. Review bank/internal records, confirm root cause, and document resolution before reconciliation sign-off."
Missing in Internal Ledger,Low,residual_classification,0.8,ACC1001,CAD,791.31,,2026-03-15,,REF000394,,REF000394,,BK-S000394-B1,,Wire In - Pinebridge Vendor Services,,"Verify whether internal booking is delayed, missing, or affected by upstream feed issues.",The bank statement contains a transaction that was not found in the internal ledger.,"Check whether the internal booking is delayed, missing, or affected by a source-system feed issue.",Unbooked bank activity may affect cash reporting accuracy and should be investigated promptly.,"Missing in Internal Ledger flagged for account ACC1001. Review bank/internal records, confirm root cause, and document resolution before reconciliation sign-off."
Missing in Internal Ledger,High,residual_classification,0.8,ACC1001,CAD,20505.93,,2026-04-07,,REF000395,,REF000395,,BK-S000395-B1,,Deposit - Bluewater Holdings,,"Verify whether internal booking is delayed, missing, or affected by upstream feed issues.",The bank statement contains a transaction that was not found in the internal ledger.,"Check whether the internal booking is delayed, missing, or affected by a source-system feed issue.",Unbooked bank activity may affect cash reporting accuracy and should be investigated promptly.,"Missing in Internal Ledger flagged for account ACC1001. Review bank/internal records, confirm root cause, and document resolution before reconciliation sign-off."
Missing in Internal Ledger,Low,residual_classification,0.8,ACC1002,CAD,3207.49,,2026-03-29,,REF000396,,REF000396,,BK-S000396-B1,,Withdrawal - Pinebridge Vendor Services,,"Verify whether internal booking is delayed, missing, or affected by upstream feed issues.",The bank statement contains a transaction that was not found in the internal ledger.,"Check whether the internal booking is delayed, missing, or affected by a source-system feed issue.",Unbooked bank activity may affect cash reporting accuracy and should be investigated promptly.,"Missing in Internal Ledger flagged for account ACC1002. Review bank/internal records, confirm root cause, and document resolution before reconciliation sign-off."
Missing in Internal Ledger,High,residual_classification,0.8,ACC1001,CAD,14773.22,,2026-03-04,,REF000397,,REF000397,,BK-S000397-B1,,Interest - RBC Banking Services,,"Verify whether internal booking is delayed, missing, or affected by upstream feed issues.",The bank statement contains a transaction that was not found in the internal ledger.,"Check whether the internal booking is delayed, missing, or affected by a source-system feed issue.",Unbooked bank activity may affect cash reporting accuracy and should be investigated promptly.,"Missing in Internal Ledger flagged for account ACC1001. Review bank/internal records, confirm root cause, and document resolution before reconciliation sign-off."
Missing in Internal Ledger,Low,residual_classification,0.8,ACC1001,CAD,9494.64,,2026-04-13,,REF000398,,REF000398,,BK-S000398-B1,,Interest - Evergreen Custody,,"Verify whether internal booking is delayed, missing, or affected by upstream feed issues.",The bank statement contains a transaction that was not found in the internal ledger.,"Check whether the internal booking is delayed, missing, or affected by a source-system feed issue.",Unbooked bank activity may affect cash reporting accuracy and should be investigated promptly.,"Missing in Internal Ledger flagged for account ACC1001. Review bank/internal records, confirm root cause, and document resolution before reconciliation sign-off."
Missing in Internal Ledger,Low,residual_classification,0.8,ACC2001,USD,607.26,,2026-03-10,,REF000399,,REF000399,,BK-S000399-B1,,Interest - Lakeview Partners,,"Verify whether internal booking is delayed, missing, or affected by upstream feed issues.",The bank statement contains a transaction that was not found in the internal ledger.,"Check whether the internal booking is delayed, missing, or affected by a source-system feed issue.",Unbooked bank activity may affect cash reporting accuracy and should be investigated promptly.,"Missing in Internal Ledger flagged for account ACC2001. Review bank/internal records, confirm root cause, and document resolution before reconciliation sign-off."
Missing in Internal Ledger,High,residual_classification,0.8,ACC2002,USD,22231.66,,2026-03-27,,REF000401,,REF000401,,BK-S000401-B1,,Wire Out - Lakeview Partners,,"Verify whether internal booking is delayed, missing, or affected by upstream feed issues.",The bank statement contains a transaction that was not found in the internal ledger.,"Check whether the internal booking is delayed, missing, or affected by a source-system feed issue.",Unbooked bank activity may affect cash reporting accuracy and should be investigated promptly.,"Missing in Internal Ledger flagged for account ACC2002. Review bank/internal records, confirm root cause, and document resolution before reconciliation sign-off."
Missing in Internal Ledger,Low,residual_classification,0.8,ACC3001,CAD,9618.69,,2026-03-25,,REF000402,,REF000402,,BK-S000402-B1,,Wire In - Summit Client Account,,"Verify whether internal booking is delayed, missing, or affected by upstream feed issues.",The bank statement contains a transaction that was not found in the internal ledger.,"Check whether the internal booking is delayed, missing, or affected by a source-system feed issue.",Unbooked bank activity may affect cash reporting accuracy and should be investigated promptly.,"Missing in Internal Ledger flagged for account ACC3001. Review bank/internal records, confirm root cause, and document resolution before reconciliation sign-off."
Missing in Internal Ledger,Low,residual_classification,0.8,ACC3001,CAD,5315.58,,2026-03-21,,REF000403,,REF000403,,BK-S000403-B1,,Deposit - Pinebridge Vendor Services,,"Verify whether internal booking is delayed, missing, or affected by upstream feed issues.",The bank statement contains a transaction that was not found in the internal ledger.,"Check whether the internal booking is delayed, missing, or affected by a source-system feed issue.",Unbooked bank activity may affect cash reporting accuracy and should be investigated promptly.,"Missing in Internal Ledger flagged for account ACC3001. Review bank/internal records, confirm root cause, and document resolution before reconciliation sign-off."
Missing in Internal Ledger,Low,residual_classification,0.8,ACC1002,CAD,942.38,,2026-03-18,,REF000404,,REF000404,,BK-S000404-B1,,Wire In - Pinebridge Vendor Services,,"Verify whether internal booking is delayed, missing, or affected by upstream feed issues.",The bank statement contains a transaction that was not found in the internal ledger.,"Check whether the internal booking is delayed, missing, or affected by a source-system feed issue.",Unbooked bank activity may affect cash reporting accuracy and should be investigated promptly.,"Missing in Internal Ledger flagged for account ACC1002. Review bank/internal records, confirm root cause, and document resolution before reconciliation sign-off."
Missing in Internal Ledger,Low,residual_classification,0.8,ACC1002,CAD,6787.67,,2026-03-07,,REF000405,,REF000405,,BK-S000405-B1,,Wire Out - Bluewater Holdings,,"Verify whether internal booking is delayed, missing, or affected by upstream feed issues.",The bank statement contains a transaction that was not found in the internal ledger.,"Check whether the internal booking is delayed, missing, or affected by a source-system feed issue.",Unbooked bank activity may affect cash reporting accuracy and should be investigated promptly.,"Missing in Internal Ledger flagged for account ACC1002. Review bank/internal records, confirm root cause, and document resolution before reconciliation sign-off."
Missing in Internal Ledger,High,residual_classification,0.8,ACC3001,CAD,24797.01,,2026-03-23,,REF000406,,REF000406,,BK-S000406-B1,,Interest - Evergreen Custody,,"Verify whether internal booking is delayed, missing, or affected by upstream feed issues.",The bank statement contains a transaction that was not found in the internal ledger.,"Check whether the internal booking is delayed, missing, or affected by a source-system feed issue.",Unbooked bank activity may affect cash reporting accuracy and should be investigated promptly.,"Missing in Internal Ledger flagged for account ACC3001. Review bank/internal records, confirm root cause, and document resolution before reconciliation sign-off."
Missing in Internal Ledger,High,residual_classification,0.8,ACC1002,CAD,17743.04,,2026-03-21,,REF000407,,REF000407,,BK-S000407-B1,,Deposit - Bluewater Holdings,,"Verify whether internal booking is delayed, missing, or affected by upstream feed issues.",The bank statement contains a transaction that was not found in the internal ledger.,"Check whether the internal booking is delayed, missing, or affected by a source-system feed issue.",Unbooked bank activity may affect cash reporting accuracy and should be investigated promptly.,"Missing in Internal Ledger flagged for account ACC1002. Review bank/internal records, confirm root cause, and document resolution before reconciliation sign-off."
Missing in Internal Ledger,Low,residual_classification,0.8,ACC2001,USD,903.53,,2026-04-06,,REF000408,,REF000408,,BK-S000408-B1,,Deposit - Summit Client Account,,"Verify whether internal booking is delayed, missing, or affected by upstream feed issues.",The bank statement contains a transaction that was not found in the internal ledger.,"Check whether the internal booking is delayed, missing, or affected by a source-system feed issue.",Unbooked bank activity may affect cash reporting accuracy and should be investigated promptly.,"Missing in Internal Ledger flagged for account ACC2001. Review bank/internal records, confirm root cause, and document resolution before reconciliation sign-off."
Missing in Internal Ledger,Low,residual_classification,0.8,ACC2001,USD,100.55,,2026-04-01,,REF000409,,REF000409,,BK-S000409-B1,,Wire Out - Lakeview Partners,,"Verify whether internal booking is delayed, missing, or affected by upstream feed issues.",The bank statement contains a transaction that was not found in the internal ledger.,"Check whether the internal booking is delayed, missing, or affected by a source-system feed issue.",Unbooked bank activity may affect cash reporting accuracy and should be investigated promptly.,"Missing in Internal Ledger flagged for account ACC2001. Review bank/internal records, confirm root cause, and document resolution before reconciliation sign-off."
Missing in Internal Ledger,High,residual_classification,0.8,ACC3001,CAD,15739.23,,2026-03-01,,REF000410,,REF000410,,BK-S000410-B1,,Interest - Evergreen Custody,,"Verify whether internal booking is delayed, missing, or affected by upstream feed issues.",The bank statement contains a transaction that was not found in the internal ledger.,"Check whether the internal booking is delayed, missing, or affected by a source-system feed issue.",Unbooked bank activity may affect cash reporting accuracy and should be investigated promptly.,"Missing in Internal Ledger flagged for account ACC3001. Review bank/internal records, confirm root cause, and document resolution before reconciliation sign-off."
Missing in Internal Ledger,High,residual_classification,0.8,ACC3001,CAD,23606.16,,2026-03-05,,REF000412,,REF000412,,BK-S000412-B1,,Fee - RBC Banking Services,,"Verify whether internal booking is delayed, missing, or affected by upstream feed issues.",The bank statement contains a transaction that was not found in the internal ledger.,"Check whether the internal booking is delayed, missing, or affected by a source-system feed issue.",Unbooked bank activity may affect cash reporting accuracy and should be investigated promptly.,"Missing in Internal Ledger flagged for account ACC3001. Review bank/internal records, confirm root cause, and document resolution before reconciliation sign-off."
Missing in Internal Ledger,High,residual_classification,0.8,ACC1001,CAD,24420.66,,2026-03-20,,REF000413,,REF000413,,BK-S000413-B1,,Fee - RBC Banking Services,,"Verify whether internal booking is delayed, missing, or affected by upstream feed issues.",The bank statement contains a transaction that was not found in the internal ledger.,"Check whether the internal booking is delayed, missing, or affected by a source-system feed issue.",Unbooked bank activity may affect cash reporting accuracy and should be investigated promptly.,"Missing in Internal Ledger flagged for account ACC1001. Review bank/internal records, confirm root cause, and document resolution before reconciliation sign-off."
Missing in Internal Ledger,High,residual_classification,0.8,ACC2002,USD,24249.83,,2026-03-21,,REF000414,,REF000414,,BK-S000414-B1,,Withdrawal - Pinebridge Vendor Services,,"Verify whether internal booking is delayed, missing, or affected by upstream feed issues.",The bank statement contains a transaction that was not found in the internal ledger.,"Check whether the internal booking is delayed, missing, or affected by a source-system feed issue.",Unbooked bank activity may affect cash reporting accuracy and should be investigated promptly.,"Missing in Internal Ledger flagged for account ACC2002. Review bank/internal records, confirm root cause, and document resolution before reconciliation sign-off."
Missing in Internal Ledger,High,residual_classification,0.8,ACC3001,CAD,17523.96,,2026-03-25,,REF000415,,REF000415,,BK-S000415-B1,,Wire Out - Evergreen Custody,,"Verify whether internal booking is delayed, missing, or affected by upstream feed issues.",The bank statement contains a transaction that was not found in the internal ledger.,"Check whether the internal booking is delayed, missing, or affected by a source-system feed issue.",Unbooked bank activity may affect cash reporting accuracy and should be investigated promptly.,"Missing in Internal Ledger flagged for account ACC3001. Review bank/internal records, confirm root cause, and document resolution before reconciliation sign-off."
Missing in Internal Ledger,High,residual_classification,0.8,ACC1001,CAD,24862.8,,2026-04-06,,REF000416,,REF000416,,BK-S000416-B1,,Withdrawal - Bluewater Holdings,,"Verify whether internal booking is delayed, missing, or affected by upstream feed issues.",The bank statement contains a transaction that was not found in the internal ledger.,"Check whether the internal booking is delayed, missing, or affected by a source-system feed issue.",Unbooked bank activity may affect cash reporting accuracy and should be investigated promptly.,"Missing in Internal Ledger flagged for account ACC1001. Review bank/internal records, confirm root cause, and document resolution before reconciliation sign-off."
Missing in Internal Ledger,High,residual_classification,0.8,ACC3001,CAD,14573.21,,2026-04-09,,REF000417,,REF000417,,BK-S000417-B1,,Fee - Summit Client Account,,"Verify whether internal booking is delayed, missing, or affected by upstream feed issues.",The bank statement contains a transaction that was not found in the internal ledger.,"Check whether the internal booking is delayed, missing, or affected by a source-system feed issue.",Unbooked bank activity may affect cash reporting accuracy and should be investigated promptly.,"Missing in Internal Ledger flagged for account ACC3001. Review bank/internal records, confirm root cause, and document resolution before reconciliation sign-off."
Missing in Internal Ledger,High,residual_classification,0.8,ACC2001,USD,24577.11,,2026-03-05,,REF000418,,REF000418,,BK-S000418-B1,,Withdrawal - Evergreen Custody,,"Verify whether internal booking is delayed, missing, or affected by upstream feed issues.",The bank statement contains a transaction that was not found in the internal ledger.,"Check whether the internal booking is delayed, missing, or affected by a source-system feed issue.",Unbooked bank activity may affect cash reporting accuracy and should be investigated promptly.,"Missing in Internal Ledger flagged for account ACC2001. Review bank/internal records, confirm root cause, and document resolution before reconciliation sign-off."
Missing in Internal Ledger,High,residual_classification,0.8,ACC1001,CAD,22279.68,,2026-04-12,,REF000419,,REF000419,,BK-S000419-B1,,Withdrawal - Summit Client Account,,"Verify whether internal booking is delayed, missing, or affected by upstream feed issues.",The bank statement contains a transaction that was not found in the internal ledger.,"Check whether the internal booking is delayed, missing, or affected by a source-system feed issue.",Unbooked bank activity may affect cash reporting accuracy and should be investigated promptly.,"Missing in Internal Ledger flagged for account ACC1001. Review bank/internal records, confirm root cause, and document resolution before reconciliation sign-off."
Missing in Internal Ledger,Low,residual_classification,0.8,ACC2001,USD,9411.55,,2026-03-16,,REF000420,,REF000420,,BK-S000420-B1,,Wire Out - Cedar Prime LP,,"Verify whether internal booking is delayed, missing, or affected by upstream feed issues.",The bank statement contains a transaction that was not found in the internal ledger.,"Check whether the internal booking is delayed, missing, or affected by a source-system feed issue.",Unbooked bank activity may affect cash reporting accuracy and should be investigated promptly.,"Missing in Internal Ledger flagged for account ACC2001. Review bank/internal records, confirm root cause, and document resolution before reconciliation sign-off."
Missing in Internal Ledger,Low,residual_classification,0.8,ACC3001,CAD,8200.82,,2026-03-21,,REF000576,,REF000576,,BK-S000576-B2,,Reversal/correction for REF000576,,"Verify whether internal booking is delayed, missing, or affected by upstream feed issues.",The bank statement contains a transaction that was not found in the internal ledger.,"Check whether the internal booking is delayed, missing, or affected by a source-system feed issue.",Unbooked bank activity may affect cash reporting accuracy and should be investigated promptly.,"Missing in Internal Ledger flagged for account ACC3001. Review bank/internal records, confirm root cause, and document resolution before reconciliation sign-off."
Missing in Internal Ledger,High,residual_classification,0.8,ACC1002,CAD,12436.95,,2026-03-14,,REF000577,,REF000577,,BK-S000577-B2,,Reversal/correction for REF000577,,"Verify whether internal booking is delayed, missing, or affected by upstream feed issues.",The bank statement contains a transaction that was not found in the internal ledger.,"Check whether the internal booking is delayed, missing, or affected by a source-system feed issue.",Unbooked bank activity may affect cash reporting accuracy and should be investigated promptly.,"Missing in Internal Ledger flagged for account ACC1002. Review bank/internal records, confirm root cause, and document resolution before reconciliation sign-off."
Missing in Internal Ledger,High,residual_classification,0.8,ACC2001,USD,23364.27,,2026-03-24,,REF000578,,REF000578,,BK-S000578-B2,,Reversal/correction for REF000578,,"Verify whether internal booking is delayed, missing, or affected by upstream feed issues.",The bank statement contains a transaction that was not found in the internal ledger.,"Check whether the internal booking is delayed, missing, or affected by a source-system feed issue.",Unbooked bank activity may affect cash reporting accuracy and should be investigated promptly.,"Missing in Internal Ledger flagged for account ACC2001. Review bank/internal records, confirm root cause, and document resolution before reconciliation sign-off."
Missing in Internal Ledger,Low,residual_classification,0.8,ACC1001,CAD,5774.99,,2026-04-13,,REF000579,,REF000579,,BK-S000579-B2,,Reversal/correction for REF000579,,"Verify whether internal booking is delayed, missing, or affected by upstream feed issues.",The bank statement contains a transaction that was not found in the internal ledger.,"Check whether the internal booking is delayed, missing, or affected by a source-system feed issue.",Unbooked bank activity may affect cash reporting accuracy and should be investigated promptly.,"Missing in Internal Ledger flagged for account ACC1001. Review bank/internal records, confirm root cause, and document resolution before reconciliation sign-off."
Missing in Internal Ledger,High,residual_classification,0.8,ACC3001,CAD,10145.7,,2026-03-29,,REF000580,,REF000580,,BK-S000580-B2,,Reversal/correction for REF000580,,"Verify whether internal booking is delayed, missing, or affected by upstream feed issues.",The bank statement contains a transaction that was not found in the internal ledger.,"Check whether the internal booking is delayed, missing, or affected by a source-system feed issue.",Unbooked bank activity may affect cash reporting accuracy and should be investigated promptly.,"Missing in Internal Ledger flagged for account ACC3001. Review bank/internal records, confirm root cause, and document resolution before reconciliation sign-off."
Missing in Internal Ledger,High,residual_classification,0.8,ACC1002,CAD,15695.44,,2026-03-22,,REF000581,,REF000581,,BK-S000581-B2,,Reversal/correction for REF000581,,"Verify whether internal booking is delayed, missing, or affected by upstream feed issues.",The bank statement contains a transaction that was not found in the internal ledger.,"Check whether the internal booking is delayed, missing, or affected by a source-system feed issue.",Unbooked bank activity may affect cash reporting accuracy and should be investigated promptly.,"Missing in Internal Ledger flagged for account ACC1002. Review bank/internal records, confirm root cause, and document resolution before reconciliation sign-off."
Missing in Internal Ledger,Low,residual_classification,0.8,ACC2001,USD,7992.55,,2026-03-21,,REF000582,,REF000582,,BK-S000582-B2,,Reversal/correction for REF000582,,"Verify whether internal booking is delayed, missing, or affected by upstream feed issues.",The bank statement contains a transaction that was not found in the internal ledger.,"Check whether the internal booking is delayed, missing, or affected by a source-system feed issue.",Unbooked bank activity may affect cash reporting accuracy and should be investigated promptly.,"Missing in Internal Ledger flagged for account ACC2001. Review bank/internal records, confirm root cause, and document resolution before reconciliation sign-off."
Missing in Internal Ledger,High,residual_classification,0.8,ACC2001,USD,13502.46,,2026-03-24,,REF000583,,REF000583,,BK-S000583-B2,,Reversal/correction for REF000583,,"Verify whether internal booking is delayed, missing, or affected by upstream feed issues.",The bank statement contains a transaction that was not found in the internal ledger.,"Check whether the internal booking is delayed, missing, or affected by a source-system feed issue.",Unbooked bank activity may affect cash reporting accuracy and should be investigated promptly.,"Missing in Internal Ledger flagged for account ACC2001. Review bank/internal records, confirm root cause, and document resolution before reconciliation sign-off."
Missing in Internal Ledger,High,residual_classification,0.8,ACC1001,CAD,23570.5,,2026-03-16,,REF000584,,REF000584,,BK-S000584-B2,,Reversal/correction for REF000584,,"Verify whether internal booking is delayed, missing, or affected by upstream feed issues.",The bank statement contains a transaction that was not found in the internal ledger.,"Check whether the internal booking is delayed, missing, or affected by a source-system feed issue.",Unbooked bank activity may affect cash reporting accuracy and should be investigated promptly.,"Missing in Internal Ledger flagged for account ACC1001. Review bank/internal records, confirm root cause, and document resolution before reconciliation sign-off."
Missing in Internal Ledger,High,residual_classification,0.8,ACC1001,CAD,12356.46,,2026-03-05,,REF000585,,REF000585,,BK-S000585-B2,,Reversal/correction for REF000585,,"Verify whether internal booking is delayed, missing, or affected by upstream feed issues.",The bank statement contains a transaction that was not found in the internal ledger.,"Check whether the internal booking is delayed, missing, or affected by a source-system feed issue.",Unbooked bank activity may affect cash reporting accuracy and should be investigated promptly.,"Missing in Internal Ledger flagged for account ACC1001. Review bank/internal records, confirm root cause, and document resolution before reconciliation sign-off."
Missing in Internal Ledger,Low,residual_classification,0.8,ACC3001,NAN,4726.58,,2026-03-07,,REF000586,,REF000586,,BK-S000586-B1,,Wire In - RBC Banking Services,,"Verify whether internal booking is delayed, missing, or affected by upstream feed issues.",The bank statement contains a transaction that was not found in the internal ledger.,"Check whether the internal booking is delayed, missing, or affected by a source-system feed issue.",Unbooked bank activity may affect cash reporting accuracy and should be investigated promptly.,"Missing in Internal Ledger flagged for account ACC3001. Review bank/internal records, confirm root cause, and document resolution before reconciliation sign-off."
Missing in Internal Ledger,Low,residual_classification,0.8,ACC3001,NAN,7832.24,,2026-04-14,,REF000594,,REF000594,,BK-S000594-B1,,Deposit - North Ridge Treasury,,"Verify whether internal booking is delayed, missing, or affected by upstream feed issues.",The bank statement contains a transaction that was not found in the internal ledger.,"Check whether the internal booking is delayed, missing, or affected by a source-system feed issue.",Unbooked bank activity may affect cash reporting accuracy and should be investigated promptly.,"Missing in Internal Ledger flagged for account ACC3001. Review bank/internal records, confirm root cause, and document resolution before reconciliation sign-off."
Missing in Internal Ledger,Low,residual_classification,0.8,ACC3001,NAN,8171.51,,2026-03-17,,REF000602,,REF000602,,BK-S000602-B1,,Wire In - Pinebridge Vendor Services,,"Verify whether internal booking is delayed, missing, or affected by upstream feed issues.",The bank statement contains a transaction that was not found in the internal ledger.,"Check whether the internal booking is delayed, missing, or affected by a source-system feed issue.",Unbooked bank activity may affect cash reporting accuracy and should be investigated promptly.,"Missing in Internal Ledger flagged for account ACC3001. Review bank/internal records, confirm root cause, and document resolution before reconciliation sign-off."
Missing in Internal Ledger,Low,residual_classification,0.8,ACC2002,NAN,7626.4,,2026-03-01,,REF000603,,REF000603,,BK-S000603-B1,,Fee - Cedar Prime LP,,"Verify whether internal booking is delayed, missing, or affected by upstream feed issues.",The bank statement contains a transaction that was not found in the internal ledger.,"Check whether the internal booking is delayed, missing, or affected by a source-system feed issue.",Unbooked bank activity may affect cash reporting accuracy and should be investigated promptly.,"Missing in Internal Ledger flagged for account ACC2002. Review bank/internal records, confirm root cause, and document resolution before reconciliation sign-off."
Missing in Internal Ledger,Low,residual_classification,0.8,ACC3001,NAN,4719.81,,2026-03-31,,REF000604,,REF000604,,BK-S000604-B1,,Withdrawal - Cedar Prime LP,,"Verify whether internal booking is delayed, missing, or affected by upstream feed issues.",The bank statement contains a transaction that was not found in the internal ledger.,"Check whether the internal booking is delayed, missing, or affected by a source-system feed issue.",Unbooked bank activity may affect cash reporting accuracy and should be investigated promptly.,"Missing in Internal Ledger flagged for account ACC3001. Review bank/internal records, confirm root cause, and document resolution before reconciliation sign-off."
Missing in Internal Ledger,High,residual_classification,0.8,ACC1002,NAN,19160.74,,2026-04-05,,REF000606,,REF000606,,BK-S000606-B1,,Fee - Summit Client Account,,"Verify whether internal booking is delayed, missing, or affected by upstream feed issues.",The bank statement contains a transaction that was not found in the internal ledger.,"Check whether the internal booking is delayed, missing, or affected by a source-system feed issue.",Unbooked bank activity may affect cash reporting accuracy and should be investigated promptly.,"Missing in Internal Ledger flagged for account ACC1002. Review bank/internal records, confirm root cause, and document resolution before reconciliation sign-off."
Missing in Internal Ledger,Low,residual_classification,0.8,ACC2002,NAN,9343.95,,2026-04-06,,REF000608,,REF000608,,BK-S000608-B1,,Wire Out - Summit Client Account,,"Verify whether internal booking is delayed, missing, or affected by upstream feed issues.",The bank statement contains a transaction that was not found in the internal ledger.,"Check whether the internal booking is delayed, missing, or affected by a source-system feed issue.",Unbooked bank activity may affect cash reporting accuracy and should be investigated promptly.,"Missing in Internal Ledger flagged for account ACC2002. Review bank/internal records, confirm root cause, and document resolution before reconciliation sign-off."
Missing in Bank Statement,High,residual_classification,0.8,ACC2001,USD,,20529.72,,2026-03-30,,REF000331,,REF000331,,LD-S000331-L1,,Fee - North Ridge Treasury,"Review external posting status, bank statement timing, or statement completeness.",The internal ledger contains a transaction that was not found in the bank statement.,"Review external posting status, statement timing, and statement completeness before escalation.",Ledger-only records may reflect expected timing differences or records that require follow-up evidence.,"Missing in Bank Statement flagged for account ACC2001. Review bank/internal records, confirm root cause, and document resolution before reconciliation sign-off."
Missing in Bank Statement,Low,residual_classification,0.8,ACC1002,CAD,,3806.77,,2026-03-08,,REF000332,,REF000332,,LD-S000332-L1,,Fee - Pinebridge Vendor Services,"Review external posting status, bank statement timing, or statement completeness.",The internal ledger contains a transaction that was not found in the bank statement.,"Review external posting status, statement timing, and statement completeness before escalation.",Ledger-only records may reflect expected timing differences or records that require follow-up evidence.,"Missing in Bank Statement flagged for account ACC1002. Review bank/internal records, confirm root cause, and document resolution before reconciliation sign-off."
Missing in Bank Statement,Low,residual_classification,0.8,ACC2002,USD,,395.34,,2026-04-08,,REF000333,,REF000333,,LD-S000333-L1,,Interest - Evergreen Custody,"Review external posting status, bank statement timing, or statement completeness.",The internal ledger contains a transaction that was not found in the bank statement.,"Review external posting status, statement timing, and statement completeness before escalation.",Ledger-only records may reflect expected timing differences or records that require follow-up evidence.,"Missing in Bank Statement flagged for account ACC2002. Review bank/internal records, confirm root cause, and document resolution before reconciliation sign-off."
Missing in Bank Statement,Low,residual_classification,0.8,ACC1002,CAD,,4367.12,,2026-03-11,,REF000334,,REF000334,,LD-S000334-L1,,Deposit - Pinebridge Vendor Services,"Review external posting status, bank statement timing, or statement completeness.",The internal ledger contains a transaction that was not found in the bank statement.,"Review external posting status, statement timing, and statement completeness before escalation.",Ledger-only records may reflect expected timing differences or records that require follow-up evidence.,"Missing in Bank Statement flagged for account ACC1002. Review bank/internal records, confirm root cause, and document resolution before reconciliation sign-off."
Missing in Bank Statement,Low,residual_classification,0.8,ACC2001,USD,,783.69,,2026-04-01,,REF000335,,REF000335,,LD-S000335-L1,,Wire In - Summit Client Account,"Review external posting status, bank statement timing, or statement completeness.",The internal ledger contains a transaction that was not found in the bank statement.,"Review external posting status, statement timing, and statement completeness before escalation.",Ledger-only records may reflect expected timing differences or records that require follow-up evidence.,"Missing in Bank Statement flagged for account ACC2001. Review bank/internal records, confirm root cause, and document resolution before reconciliation sign-off."
Missing in Bank Statement,Low,residual_classification,0.8,ACC2002,USD,,2984.1,,2026-03-29,,REF000336,,REF000336,,LD-S000336-L1,,Withdrawal - Bluewater Holdings,"Review external posting status, bank statement timing, or statement completeness.",The internal ledger contains a transaction that was not found in the bank statement.,"Review external posting status, statement timing, and statement completeness before escalation.",Ledger-only records may reflect expected timing differences or records that require follow-up evidence.,"Missing in Bank Statement flagged for account ACC2002. Review bank/internal records, confirm root cause, and document resolution before reconciliation sign-off."
Missing in Bank Statement,High,residual_classification,0.8,ACC2001,USD,,19737.76,,2026-04-04,,REF000337,,REF000337,,LD-S000337-L1,,Wire Out - Summit Client Account,"Review external posting status, bank statement timing, or statement completeness.",The internal ledger contains a transaction that was not found in the bank statement.,"Review external posting status, statement timing, and statement completeness before escalation.",Ledger-only records may reflect expected timing differences or records that require follow-up evidence.,"Missing in Bank Statement flagged for account ACC2001. Review bank/internal records, confirm root cause, and document resolution before reconciliation sign-off."
Missing in Bank Statement,High,residual_classification,0.8,ACC3001,CAD,,20758.79,,2026-03-18,,REF000338,,REF000338,,LD-S000338-L1,,Wire In - Pinebridge Vendor Services,"Review external posting status, bank statement timing, or statement completeness.",The internal ledger contains a transaction that was not found in the bank statement.,"Review external posting status, statement timing, and statement completeness before escalation.",Ledger-only records may reflect expected timing differences or records that require follow-up evidence.,"Missing in Bank Statement flagged for account ACC3001. Review bank/internal records, confirm root cause, and document resolution before reconciliation sign-off."
Missing in Bank Statement,Low,residual_classification,0.8,ACC2002,USD,,3457.99,,2026-03-14,,REF000339,,REF000339,,LD-S000339-L1,,Deposit - Lakeview Partners,"Review external posting status, bank statement timing, or statement completeness.",The internal ledger contains a transaction that was not found in the bank statement.,"Review external posting status, statement timing, and statement completeness before escalation.",Ledger-only records may reflect expected timing differences or records that require follow-up evidence.,"Missing in Bank Statement flagged for account ACC2002. Review bank/internal records, confirm root cause, and document resolution before reconciliation sign-off."
Missing in Bank Statement,High,residual_classification,0.8,ACC3001,CAD,,15646.28,,2026-03-23,,REF000341,,REF000341,,LD-S000341-L1,,Withdrawal - RBC Banking Services,"Review external posting status, bank statement timing, or statement completeness.",The internal ledger contains a transaction that was not found in the bank statement.,"Review external posting status, statement timing, and statement completeness before escalation.",Ledger-only records may reflect expected timing differences or records that require follow-up evidence.,"Missing in Bank Statement flagged for account ACC3001. Review bank/internal records, confirm root cause, and document resolution before reconciliation sign-off."
Missing in Bank Statement,High,residual_classification,0.8,ACC2001,USD,,13345.96,,2026-03-18,,REF000343,,REF000343,,LD-S000343-L1,,Deposit - Cedar Prime LP,"Review external posting status, bank statement timing, or statement completeness.",The internal ledger contains a transaction that was not found in the bank statement.,"Review external posting status, statement timing, and statement completeness before escalation.",Ledger-only records may reflect expected timing differences or records that require follow-up evidence.,"Missing in Bank Statement flagged for account ACC2001. Review bank/internal records, confirm root cause, and document resolution before reconciliation sign-off."
Missing in Bank Statement,Low,residual_classification,0.8,ACC1001,CAD,,829.47,,2026-04-11,,REF000344,,REF000344,,LD-S000344-L1,,Fee - Lakeview Partners,"Review external posting status, bank statement timing, or statement completeness.",The internal ledger contains a transaction that was not found in the bank statement.,"Review external posting status, statement timing, and statement completeness before escalation.",Ledger-only records may reflect expected timing differences or records that require follow-up evidence.,"Missing in Bank Statement flagged for account ACC1001. Review bank/internal records, confirm root cause, and document resolution before reconciliation sign-off."
Missing in Bank Statement,High,residual_classification,0.8,ACC1002,CAD,,14858.21,,2026-03-26,,REF000345,,REF000345,,LD-S000345-L1,,Withdrawal - North Ridge Treasury,"Review external posting status, bank statement timing, or statement completeness.",The internal ledger contains a transaction that was not found in the bank statement.,"Review external posting status, statement timing, and statement completeness before escalation.",Ledger-only records may reflect expected timing differences or records that require follow-up evidence.,"Missing in Bank Statement flagged for account ACC1002. Review bank/internal records, confirm root cause, and document resolution before reconciliation sign-off."
Missing in Bank Statement,High,residual_classification,0.8,ACC2002,USD,,19453.22,,2026-04-10,,REF000346,,REF000346,,LD-S000346-L1,,Wire In - RBC Banking Services,"Review external posting status, bank statement timing, or statement completeness.",The internal ledger contains a transaction that was not found in the bank statement.,"Review external posting status, statement timing, and statement completeness before escalation.",Ledger-only records may reflect expected timing differences or records that require follow-up evidence.,"Missing in Bank Statement flagged for account ACC2002. Review bank/internal records, confirm root cause, and document resolution before reconciliation sign-off."
Missing in Bank Statement,Low,residual_classification,0.8,ACC2001,USD,,1059.35,,2026-04-01,,REF000347,,REF000347,,LD-S000347-L1,,Interest - Cedar Prime LP,"Review external posting status, bank statement timing, or statement completeness.",The internal ledger contains a transaction that was not found in the bank statement.,"Review external posting status, statement timing, and statement completeness before escalation.",Ledger-only records may reflect expected timing differences or records that require follow-up evidence.,"Missing in Bank Statement flagged for account ACC2001. Review bank/internal records, confirm root cause, and document resolution before reconciliation sign-off."
Missing in Bank Statement,High,residual_classification,0.8,ACC2001,USD,,24235.09,,2026-04-04,,REF000348,,REF000348,,LD-S000348-L1,,Wire In - Lakeview Partners,"Review external posting status, bank statement timing, or statement completeness.",The internal ledger contains a transaction that was not found in the bank statement.,"Review external posting status, statement timing, and statement completeness before escalation.",Ledger-only records may reflect expected timing differences or records that require follow-up evidence.,"Missing in Bank Statement flagged for account ACC2001. Review bank/internal records, confirm root cause, and document resolution before reconciliation sign-off."
Missing in Bank Statement,High,residual_classification,0.8,ACC2001,USD,,14587.41,,2026-04-05,,REF000349,,REF000349,,LD-S000349-L1,,Fee - Summit Client Account,"Review external posting status, bank statement timing, or statement completeness.",The internal ledger contains a transaction that was not found in the bank statement.,"Review external posting status, statement timing, and statement completeness before escalation.",Ledger-only records may reflect expected timing differences or records that require follow-up evidence.,"Missing in Bank Statement flagged for account ACC2001. Review bank/internal records, confirm root cause, and document resolution before reconciliation sign-off."
Missing in Bank Statement,High,residual_classification,0.8,ACC1001,CAD,,12029.96,,2026-04-10,,REF000350,,REF000350,,LD-S000350-L1,,Wire In - Cedar Prime LP,"Review external posting status, bank statement timing, or statement completeness.",The internal ledger contains a transaction that was not found in the bank statement.,"Review external posting status, statement timing, and statement completeness before escalation.",Ledger-only records may reflect expected timing differences or records that require follow-up evidence.,"Missing in Bank Statement flagged for account ACC1001. Review bank/internal records, confirm root cause, and document resolution before reconciliation sign-off."
Missing in Bank Statement,High,residual_classification,0.8,ACC1001,CAD,,22825.77,,2026-03-13,,REF000351,,REF000351,,LD-S000351-L1,,Interest - North Ridge Treasury,"Review external posting status, bank statement timing, or statement completeness.",The internal ledger contains a transaction that was not found in the bank statement.,"Review external posting status, statement timing, and statement completeness before escalation.",Ledger-only records may reflect expected timing differences or records that require follow-up evidence.,"Missing in Bank Statement flagged for account ACC1001. Review bank/internal records, confirm root cause, and document resolution before reconciliation sign-off."
Missing in Bank Statement,Low,residual_classification,0.8,ACC1001,CAD,,9924.25,,2026-03-24,,REF000352,,REF000352,,LD-S000352-L1,,Withdrawal - Evergreen Custody,"Review external posting status, bank statement timing, or statement completeness.",The internal ledger contains a transaction that was not found in the bank statement.,"Review external posting status, statement timing, and statement completeness before escalation.",Ledger-only records may reflect expected timing differences or records that require follow-up evidence.,"Missing in Bank Statement flagged for account ACC1001. Review bank/internal records, confirm root cause, and document resolution before reconciliation sign-off."
Missing in Bank Statement,High,residual_classification,0.8,ACC2001,USD,,11301.54,,2026-04-14,,REF000353,,REF000353,,LD-S000353-L1,,Withdrawal - Cedar Prime LP,"Review external posting status, bank statement timing, or statement completeness.",The internal ledger contains a transaction that was not found in the bank statement.,"Review external posting status, statement timing, and statement completeness before escalation.",Ledger-only records may reflect expected timing differences or records that require follow-up evidence.,"Missing in Bank Statement flagged for account ACC2001. Review bank/internal records, confirm root cause, and document resolution before reconciliation sign-off."
Missing in Bank Statement,Low,residual_classification,0.8,ACC1002,CAD,,253.57,,2026-03-05,,REF000354,,REF000354,,LD-S000354-L1,,Interest - Summit Client Account,"Review external posting status, bank statement timing, or statement completeness.",The internal ledger contains a transaction that was not found in the bank statement.,"Review external posting status, statement timing, and statement completeness before escalation.",Ledger-only records may reflect expected timing differences or records that require follow-up evidence.,"Missing in Bank Statement flagged for account ACC1002. Review bank/internal records, confirm root cause, and document resolution before reconciliation sign-off."
Missing in Bank Statement,Low,residual_classification,0.8,ACC1001,CAD,,8182.13,,2026-03-21,,REF000356,,REF000356,,LD-S000356-L1,,Wire In - RBC Banking Services,"Review external posting status, bank statement timing, or statement completeness.",The internal ledger contains a transaction that was not found in the bank statement.,"Review external posting status, statement timing, and statement completeness before escalation.",Ledger-only records may reflect expected timing differences or records that require follow-up evidence.,"Missing in Bank Statement flagged for account ACC1001. Review bank/internal records, confirm root cause, and document resolution before reconciliation sign-off."
Missing in Bank Statement,High,residual_classification,0.8,ACC1002,CAD,,15647.66,,2026-04-03,,REF000357,,REF000357,,LD-S000357-L1,,Wire In - Evergreen Custody,"Review external posting status, bank statement timing, or statement completeness.",The internal ledger contains a transaction that was not found in the bank statement.,"Review external posting status, statement timing, and statement completeness before escalation.",Ledger-only records may reflect expected timing differences or records that require follow-up evidence.,"Missing in Bank Statement flagged for account ACC1002. Review bank/internal records, confirm root cause, and document resolution before reconciliation sign-off."
Missing in Bank Statement,High,residual_classification,0.8,ACC1002,CAD,,15785.82,,2026-03-10,,REF000358,,REF000358,,LD-S000358-L1,,Withdrawal - Summit Client Account,"Review external posting status, bank statement timing, or statement completeness.",The internal ledger contains a transaction that was not found in the bank statement.,"Review external posting status, statement timing, and statement completeness before escalation.",Ledger-only records may reflect expected timing differences or records that require follow-up evidence.,"Missing in Bank Statement flagged for account ACC1002. Review bank/internal records, confirm root cause, and document resolution before reconciliation sign-off."
Missing in Bank Statement,Low,residual_classification,0.8,ACC1002,CAD,,9436.86,,2026-04-07,,REF000359,,REF000359,,LD-S000359-L1,,Wire In - RBC Banking Services,"Review external posting status, bank statement timing, or statement completeness.",The internal ledger contains a transaction that was not found in the bank statement.,"Review external posting status, statement timing, and statement completeness before escalation.",Ledger-only records may reflect expected timing differences or records that require follow-up evidence.,"Missing in Bank Statement flagged for account ACC1002. Review bank/internal records, confirm root cause, and document resolution before reconciliation sign-off."
Missing in Bank Statement,Low,residual_classification,0.8,ACC1002,CAD,,548.06,,2026-04-11,,REF000360,,REF000360,,LD-S000360-L1,,Fee - North Ridge Treasury,"Review external posting status, bank statement timing, or statement completeness.",The internal ledger contains a transaction that was not found in the bank statement.,"Review external posting status, statement timing, and statement completeness before escalation.",Ledger-only records may reflect expected timing differences or records that require follow-up evidence.,"Missing in Bank Statement flagged for account ACC1002. Review bank/internal records, confirm root cause, and document resolution before reconciliation sign-off."
Missing in Bank Statement,Low,residual_classification,0.8,ACC2001,USD,,5527.52,,2026-04-03,,REF000361,,REF000361,,LD-S000361-L1,,Wire Out - RBC Banking Services,"Review external posting status, bank statement timing, or statement completeness.",The internal ledger contains a transaction that was not found in the bank statement.,"Review external posting status, statement timing, and statement completeness before escalation.",Ledger-only records may reflect expected timing differences or records that require follow-up evidence.,"Missing in Bank Statement flagged for account ACC2001. Review bank/internal records, confirm root cause, and document resolution before reconciliation sign-off."
Missing in Bank Statement,Low,residual_classification,0.8,ACC1002,CAD,,499.62,,2026-03-25,,REF000362,,REF000362,,LD-S000362-L1,,Interest - Cedar Prime LP,"Review external posting status, bank statement timing, or statement completeness.",The internal ledger contains a transaction that was not found in the bank statement.,"Review external posting status, statement timing, and statement completeness before escalation.",Ledger-only records may reflect expected timing differences or records that require follow-up evidence.,"Missing in Bank Statement flagged for account ACC1002. Review bank/internal records, confirm root cause, and document resolution before reconciliation sign-off."
Missing in Bank Statement,High,residual_classification,0.8,ACC2001,USD,,14641.13,,2026-03-25,,REF000363,,REF000363,,LD-S000363-L1,,Wire Out - Pinebridge Vendor Services,"Review external posting status, bank statement timing, or statement completeness.",The internal ledger contains a transaction that was not found in the bank statement.,"Review external posting status, statement timing, and statement completeness before escalation.",Ledger-only records may reflect expected timing differences or records that require follow-up evidence.,"Missing in Bank Statement flagged for account ACC2001. Review bank/internal records, confirm root cause, and document resolution before reconciliation sign-off."
Missing in Bank Statement,Low,residual_classification,0.8,ACC2002,USD,,1331.04,,2026-03-02,,REF000364,,REF000364,,LD-S000364-L1,,Wire In - Lakeview Partners,"Review external posting status, bank statement timing, or statement completeness.",The internal ledger contains a transaction that was not found in the bank statement.,"Review external posting status, statement timing, and statement completeness before escalation.",Ledger-only records may reflect expected timing differences or records that require follow-up evidence.,"Missing in Bank Statement flagged for account ACC2002. Review bank/internal records, confirm root cause, and document resolution before reconciliation sign-off."
Missing in Bank Statement,High,residual_classification,0.8,ACC3001,CAD,,19410.64,,2026-04-10,,REF000365,,REF000365,,LD-S000365-L1,,Fee - RBC Banking Services,"Review external posting status, bank statement timing, or statement completeness.",The internal ledger contains a transaction that was not found in the bank statement.,"Review external posting status, statement timing, and statement completeness before escalation.",Ledger-only records may reflect expected timing differences or records that require follow-up evidence.,"Missing in Bank Statement flagged for account ACC3001. Review bank/internal records, confirm root cause, and document resolution before reconciliation sign-off."
Missing in Bank Statement,Low,residual_classification,0.8,ACC3001,CAD,,3006.33,,2026-04-09,,REF000366,,REF000366,,LD-S000366-L1,,Deposit - Cedar Prime LP,"Review external posting status, bank statement timing, or statement completeness.",The internal ledger contains a transaction that was not found in the bank statement.,"Review external posting status, statement timing, and statement completeness before escalation.",Ledger-only records may reflect expected timing differences or records that require follow-up evidence.,"Missing in Bank Statement flagged for account ACC3001. Review bank/internal records, confirm root cause, and document resolution before reconciliation sign-off."
Missing in Bank Statement,High,residual_classification,0.8,ACC3001,CAD,,19317.38,,2026-03-26,,REF000367,,REF000367,,LD-S000367-L1,,Fee - Cedar Prime LP,"Review external posting status, bank statement timing, or statement completeness.",The internal ledger contains a transaction that was not found in the bank statement.,"Review external posting status, statement timing, and statement completeness before escalation.",Ledger-only records may reflect expected timing differences or records that require follow-up evidence.,"Missing in Bank Statement flagged for account ACC3001. Review bank/internal records, confirm root cause, and document resolution before reconciliation sign-off."
Missing in Bank Statement,Low,residual_classification,0.8,ACC1002,CAD,,441.04,,2026-03-16,,REF000368,,REF000368,,LD-S000368-L1,,Wire In - Summit Client Account,"Review external posting status, bank statement timing, or statement completeness.",The internal ledger contains a transaction that was not found in the bank statement.,"Review external posting status, statement timing, and statement completeness before escalation.",Ledger-only records may reflect expected timing differences or records that require follow-up evidence.,"Missing in Bank Statement flagged for account ACC1002. Review bank/internal records, confirm root cause, and document resolution before reconciliation sign-off."
Missing in Bank Statement,Low,residual_classification,0.8,ACC2001,USD,,3866.63,,2026-04-12,,REF000369,,REF000369,,LD-S000369-L1,,Withdrawal - Evergreen Custody,"Review external posting status, bank statement timing, or statement completeness.",The internal ledger contains a transaction that was not found in the bank statement.,"Review external posting status, statement timing, and statement completeness before escalation.",Ledger-only records may reflect expected timing differences or records that require follow-up evidence.,"Missing in Bank Statement flagged for account ACC2001. Review bank/internal records, confirm root cause, and document resolution before reconciliation sign-off."
Missing in Bank Statement,High,residual_classification,0.8,ACC2002,USD,,20740.16,,2026-04-03,,REF000370,,REF000370,,LD-S000370-L1,,Fee - North Ridge Treasury,"Review external posting status, bank statement timing, or statement completeness.",The internal ledger contains a transaction that was not found in the bank statement.,"Review external posting status, statement timing, and statement completeness before escalation.",Ledger-only records may reflect expected timing differences or records that require follow-up evidence.,"Missing in Bank Statement flagged for account ACC2002. Review bank/internal records, confirm root cause, and document resolution before reconciliation sign-off."
Missing in Bank Statement,Low,residual_classification,0.8,ACC2001,USD,,1704.55,,2026-03-08,,REF000371,,REF000371,,LD-S000371-L1,,Withdrawal - RBC Banking Services,"Review external posting status, bank statement timing, or statement completeness.",The internal ledger contains a transaction that was not found in the bank statement.,"Review external posting status, statement timing, and statement completeness before escalation.",Ledger-only records may reflect expected timing differences or records that require follow-up evidence.,"Missing in Bank Statement flagged for account ACC2001. Review bank/internal records, confirm root cause, and document resolution before reconciliation sign-off."
Missing in Bank Statement,High,residual_classification,0.8,ACC2001,USD,,12907.54,,2026-04-06,,REF000372,,REF000372,,LD-S000372-L1,,Withdrawal - Pinebridge Vendor Services,"Review external posting status, bank statement timing, or statement completeness.",The internal ledger contains a transaction that was not found in the bank statement.,"Review external posting status, statement timing, and statement completeness before escalation.",Ledger-only records may reflect expected timing differences or records that require follow-up evidence.,"Missing in Bank Statement flagged for account ACC2001. Review bank/internal records, confirm root cause, and document resolution before reconciliation sign-off."
Missing in Bank Statement,Low,residual_classification,0.8,ACC1002,CAD,,3469.72,,2026-03-11,,REF000373,,REF000373,,LD-S000373-L1,,Fee - Cedar Prime LP,"Review external posting status, bank statement timing, or statement completeness.",The internal ledger contains a transaction that was not found in the bank statement.,"Review external posting status, statement timing, and statement completeness before escalation.",Ledger-only records may reflect expected timing differences or records that require follow-up evidence.,"Missing in Bank Statement flagged for account ACC1002. Review bank/internal records, confirm root cause, and document resolution before reconciliation sign-off."
Missing in Bank Statement,High,residual_classification,0.8,ACC1001,CAD,,12322.35,,2026-03-01,,REF000374,,REF000374,,LD-S000374-L1,,Wire In - RBC Banking Services,"Review external posting status, bank statement timing, or statement completeness.",The internal ledger contains a transaction that was not found in the bank statement.,"Review external posting status, statement timing, and statement completeness before escalation.",Ledger-only records may reflect expected timing differences or records that require follow-up evidence.,"Missing in Bank Statement flagged for account ACC1001. Review bank/internal records, confirm root cause, and document resolution before reconciliation sign-off."
Missing in Bank Statement,Low,residual_classification,0.8,ACC3001,CAD,,8723.25,,2026-04-11,,REF000375,,REF000375,,LD-S000375-L1,,Withdrawal - RBC Banking Services,"Review external posting status, bank statement timing, or statement completeness.",The internal ledger contains a transaction that was not found in the bank statement.,"Review external posting status, statement timing, and statement completeness before escalation.",Ledger-only records may reflect expected timing differences or records that require follow-up evidence.,"Missing in Bank Statement flagged for account ACC3001. Review bank/internal records, confirm root cause, and document resolution before reconciliation sign-off."
Missing in Bank Statement,Low,residual_classification,0.8,ACC3001,CAD,,4726.58,,2026-03-07,,REF000586,,REF000586,,LD-S000586-L1,,Wire In - RBC Banking Services,"Review external posting status, bank statement timing, or statement completeness.",The internal ledger contains a transaction that was not found in the bank statement.,"Review external posting status, statement timing, and statement completeness before escalation.",Ledger-only records may reflect expected timing differences or records that require follow-up evidence.,"Missing in Bank Statement flagged for account ACC3001. Review bank/internal records, confirm root cause, and document resolution before reconciliation sign-off."
Missing in Bank Statement,High,residual_classification,0.8,ACC2001,USD,,13974.02,,2026-03-30,,REF000588,,REF000588,,LD-S000588-L1,,Interest - North Ridge Treasury,"Review external posting status, bank statement timing, or statement completeness.",The internal ledger contains a transaction that was not found in the bank statement.,"Review external posting status, statement timing, and statement completeness before escalation.",Ledger-only records may reflect expected timing differences or records that require follow-up evidence.,"Missing in Bank Statement flagged for account ACC2001. Review bank/internal records, confirm root cause, and document resolution before reconciliation sign-off."
Missing in Bank Statement,High,residual_classification,0.8,ACC3001,CAD,,16145.14,,2026-04-07,,REF000589,,REF000589,,LD-S000589-L1,,Wire Out - RBC Banking Services,"Review external posting status, bank statement timing, or statement completeness.",The internal ledger contains a transaction that was not found in the bank statement.,"Review external posting status, statement timing, and statement completeness before escalation.",Ledger-only records may reflect expected timing differences or records that require follow-up evidence.,"Missing in Bank Statement flagged for account ACC3001. Review bank/internal records, confirm root cause, and document resolution before reconciliation sign-off."
Missing in Bank Statement,Low,residual_classification,0.8,ACC3001,CAD,,9778.8,,2026-03-06,,REF000590,,REF000590,,LD-S000590-L1,,Wire Out - North Ridge Treasury,"Review external posting status, bank statement timing, or statement completeness.",The internal ledger contains a transaction that was not found in the bank statement.,"Review external posting status, statement timing, and statement completeness before escalation.",Ledger-only records may reflect expected timing differences or records that require follow-up evidence.,"Missing in Bank Statement flagged for account ACC3001. Review bank/internal records, confirm root cause, and document resolution before reconciliation sign-off."
Missing in Bank Statement,High,residual_classification,0.8,ACC3001,CAD,,13842.37,,2026-03-23,,REF000591,,REF000591,,LD-S000591-L1,,Wire Out - Summit Client Account,"Review external posting status, bank statement timing, or statement completeness.",The internal ledger contains a transaction that was not found in the bank statement.,"Review external posting status, statement timing, and statement completeness before escalation.",Ledger-only records may reflect expected timing differences or records that require follow-up evidence.,"Missing in Bank Statement flagged for account ACC3001. Review bank/internal records, confirm root cause, and document resolution before reconciliation sign-off."
Missing in Bank Statement,High,residual_classification,0.8,ACC2001,USD,,14157.09,,2026-03-15,,REF000592,,REF000592,,LD-S000592-L1,,Deposit - Lakeview Partners,"Review external posting status, bank statement timing, or statement completeness.",The internal ledger contains a transaction that was not found in the bank statement.,"Review external posting status, statement timing, and statement completeness before escalation.",Ledger-only records may reflect expected timing differences or records that require follow-up evidence.,"Missing in Bank Statement flagged for account ACC2001. Review bank/internal records, confirm root cause, and document resolution before reconciliation sign-off."
Missing in Bank Statement,High,residual_classification,0.8,ACC1002,CAD,,10080.59,,2026-04-11,,REF000593,,REF000593,,LD-S000593-L1,,Withdrawal - North Ridge Treasury,"Review external posting status, bank statement timing, or statement completeness.",The internal ledger contains a transaction that was not found in the bank statement.,"Review external posting status, statement timing, and statement completeness before escalation.",Ledger-only records may reflect expected timing differences or records that require follow-up evidence.,"Missing in Bank Statement flagged for account ACC1002. Review bank/internal records, confirm root cause, and document resolution before reconciliation sign-off."
Missing in Bank Statement,Low,residual_classification,0.8,ACC3001,CAD,,7832.24,,2026-04-14,,REF000594,,REF000594,,LD-S000594-L1,,Deposit - North Ridge Treasury,"Review external posting status, bank statement timing, or statement completeness.",The internal ledger contains a transaction that was not found in the bank statement.,"Review external posting status, statement timing, and statement completeness before escalation.",Ledger-only records may reflect expected timing differences or records that require follow-up evidence.,"Missing in Bank Statement flagged for account ACC3001. Review bank/internal records, confirm root cause, and document resolution before reconciliation sign-off."
Missing in Bank Statement,Low,residual_classification,0.8,ACC1002,CAD,,459.81,,2026-03-19,,REF000595,,REF000595,,LD-S000595-L1,,Wire Out - Summit Client Account,"Review external posting status, bank statement timing, or statement completeness.",The internal ledger contains a transaction that was not found in the bank statement.,"Review external posting status, statement timing, and statement completeness before escalation.",Ledger-only records may reflect expected timing differences or records that require follow-up evidence.,"Missing in Bank Statement flagged for account ACC1002. Review bank/internal records, confirm root cause, and document resolution before reconciliation sign-off."
Missing in Bank Statement,Low,residual_classification,0.8,ACC1001,CAD,,1531.14,,2026-03-04,,REF000596,,REF000596,,LD-S000596-L1,,Wire Out - Cedar Prime LP,"Review external posting status, bank statement timing, or statement completeness.",The internal ledger contains a transaction that was not found in the bank statement.,"Review external posting status, statement timing, and statement completeness before escalation.",Ledger-only records may reflect expected timing differences or records that require follow-up evidence.,"Missing in Bank Statement flagged for account ACC1001. Review bank/internal records, confirm root cause, and document resolution before reconciliation sign-off."
Missing in Bank Statement,Low,residual_classification,0.8,ACC2002,USD,,4616.41,,2026-03-01,,REF000597,,REF000597,,LD-S000597-L1,,Withdrawal - Summit Client Account,"Review external posting status, bank statement timing, or statement completeness.",The internal ledger contains a transaction that was not found in the bank statement.,"Review external posting status, statement timing, and statement completeness before escalation.",Ledger-only records may reflect expected timing differences or records that require follow-up evidence.,"Missing in Bank Statement flagged for account ACC2002. Review bank/internal records, confirm root cause, and document resolution before reconciliation sign-off."
Missing in Bank Statement,Low,residual_classification,0.8,ACC3001,CAD,,8171.51,,2026-03-17,,REF000602,,REF000602,,LD-S000602-L1,,Wire In - Pinebridge Vendor Services,"Review external posting status, bank statement timing, or statement completeness.",The internal ledger contains a transaction that was not found in the bank statement.,"Review external posting status, statement timing, and statement completeness before escalation.",Ledger-only records may reflect expected timing differences or records that require follow-up evidence.,"Missing in Bank Statement flagged for account ACC3001. Review bank/internal records, confirm root cause, and document resolution before reconciliation sign-off."
Missing in Bank Statement,Low,residual_classification,0.8,ACC2002,USD,,7626.4,,2026-03-01,,REF000603,,REF000603,,LD-S000603-L1,,Fee - Cedar Prime LP,"Review external posting status, bank statement timing, or statement completeness.",The internal ledger contains a transaction that was not found in the bank statement.,"Review external posting status, statement timing, and statement completeness before escalation.",Ledger-only records may reflect expected timing differences or records that require follow-up evidence.,"Missing in Bank Statement flagged for account ACC2002. Review bank/internal records, confirm root cause, and document resolution before reconciliation sign-off."
Missing in Bank Statement,Low,residual_classification,0.8,ACC3001,CAD,,4719.81,,2026-03-31,,REF000604,,REF000604,,LD-S000604-L1,,Withdrawal - Cedar Prime LP,"Review external posting status, bank statement timing, or statement completeness.",The internal ledger contains a transaction that was not found in the bank statement.,"Review external posting status, statement timing, and statement completeness before escalation.",Ledger-only records may reflect expected timing differences or records that require follow-up evidence.,"Missing in Bank Statement flagged for account ACC3001. Review bank/internal records, confirm root cause, and document resolution before reconciliation sign-off."
Missing in Bank Statement,High,residual_classification,0.8,ACC1002,CAD,,19160.74,,2026-04-05,,REF000606,,REF000606,,LD-S000606-L1,,Fee - Summit Client Account,"Review external posting status, bank statement timing, or statement completeness.",The internal ledger contains a transaction that was not found in the bank statement.,"Review external posting status, statement timing, and statement completeness before escalation.",Ledger-only records may reflect expected timing differences or records that require follow-up evidence.,"Missing in Bank Statement flagged for account ACC1002. Review bank/internal records, confirm root cause, and document resolution before reconciliation sign-off."
Missing in Bank Statement,Low,residual_classification,0.8,ACC2002,USD,,1947.73,,2026-03-09,,REF000607,,REF000607,,LD-S000607-L1,,Fee - Summit Client Account,"Review external posting status, bank statement timing, or statement completeness.",The internal ledger contains a transaction that was not found in the bank statement.,"Review external posting status, statement timing, and statement completeness before escalation.",Ledger-only records may reflect expected timing differences or records that require follow-up evidence.,"Missing in Bank Statement flagged for account ACC2002. Review bank/internal records, confirm root cause, and document resolution before reconciliation sign-off."
Missing in Bank Statement,Low,residual_classification,0.8,ACC2002,USD,,9343.95,,2026-04-06,,REF000608,,REF000608,,LD-S000608-L1,,Wire Out - Summit Client Account,"Review external posting status, bank statement timing, or statement completeness.",The internal ledger contains a transaction that was not found in the bank statement.,"Review external posting status, statement timing, and statement completeness before escalation.",Ledger-only records may reflect expected timing differences or records that require follow-up evidence.,"Missing in Bank Statement flagged for account ACC2002. Review bank/internal records, confirm root cause, and document resolution before reconciliation sign-off."
Missing in Bank Statement,High,residual_classification,0.8,ACC1002,CAD,,13998.54,,2026-03-19,,REF000609,,REF000609,,LD-S000609-L1,,Interest - Summit Client Account,"Review external posting status, bank statement timing, or statement completeness.",The internal ledger contains a transaction that was not found in the bank statement.,"Review external posting status, statement timing, and statement completeness before escalation.",Ledger-only records may reflect expected timing differences or records that require follow-up evidence.,"Missing in Bank Statement flagged for account ACC1002. Review bank/internal records, confirm root cause, and document resolution before reconciliation sign-off."
Missing in Bank Statement,Low,residual_classification,0.8,ACC1001,CAD,,6730.88,,2026-03-24,,REF000610,,REF000610,,LD-S000610-L1,,Deposit - Cedar Prime LP,"Review external posting status, bank statement timing, or statement completeness.",The internal ledger contains a transaction that was not found in the bank statement.,"Review external posting status, statement timing, and statement completeness before escalation.",Ledger-only records may reflect expected timing differences or records that require follow-up evidence.,"Missing in Bank Statement flagged for account ACC1001. Review bank/internal records, confirm root cause, and document resolution before reconciliation sign-off."
