match_type,confidence_score,bank_transaction_id,ledger_transaction_id,account_id,currency,amount_bank,amount_internal,transaction_date_bank,transaction_date_internal,reference_id_bank,reference_id_internal,raw_reference_bank,raw_reference_internal,normalized_reference,counterparty_bank,counterparty_internal,description_bank,description_internal
Exact Match,1.0,BK-S000001-B1,LD-S000001-L1,ACC1001,CAD,4348.91,4348.91,2026-03-18,2026-03-18,REF000001,REF000001,REF000001,REF000001,REF000001,Cedar Prime LP,Cedar Prime LP,Wire In - Cedar Prime LP,Wire In - Cedar Prime LP
Exact Match,1.0,BK-S000002-B1,LD-S000002-L1,ACC1001,CAD,134.33,134.33,2026-03-28,2026-03-28,REF000002,REF000002,REF000002,REF000002,REF000002,Lakeview Partners,Lakeview Partners,Deposit - Lakeview Partners,Deposit - Lakeview Partners
Exact Match,1.0,BK-S000003-B1,LD-S000003-L1,ACC3001,CAD,14078.6,14078.6,2026-04-15,2026-04-15,REF000003,REF000003,REF000003,REF000003,REF000003,Lakeview Partners,Lakeview Partners,Wire Out - Lakeview Partners,Wire Out - Lakeview Partners
Exact Match,1.0,BK-S000004-B1,LD-S000004-L1,ACC1001,CAD,7668.91,7668.91,2026-04-14,2026-04-14,REF000004,REF000004,REF000004,REF000004,REF000004,Lakeview Partners,Lakeview Partners,Wire Out - Lakeview Partners,Wire Out - Lakeview Partners
Exact Match,1.0,BK-S000005-B1,LD-S000005-L1,ACC2002,USD,15489.42,15489.42,2026-03-23,2026-03-23,REF000005,REF000005,REF000005,REF000005,REF000005,Bluewater Holdings,Bluewater Holdings,Wire In - Bluewater Holdings,Wire In - Bluewater Holdings
Exact Match,1.0,BK-S000006-B1,LD-S000006-L1,ACC1001,CAD,20905.71,20905.71,2026-03-06,2026-03-06,REF000006,REF000006,REF000006,REF000006,REF000006,Pinebridge Vendor Services,Pinebridge Vendor Services,Interest - Pinebridge Vendor Services,Interest - Pinebridge Vendor Services
Exact Match,1.0,BK-S000007-B1,LD-S000007-L1,ACC1001,CAD,7945.31,7945.31,2026-04-12,2026-04-12,REF000007,REF000007,REF000007,REF000007,REF000007,Cedar Prime LP,Cedar Prime LP,Wire In - Cedar Prime LP,Wire In - Cedar Prime LP
Exact Match,1.0,BK-S000008-B1,LD-S000008-L1,ACC2002,USD,9755.97,9755.97,2026-03-30,2026-03-30,REF000008,REF000008,REF000008,REF000008,REF000008,Pinebridge Vendor Services,Pinebridge Vendor Services,Fee - Pinebridge Vendor Services,Fee - Pinebridge Vendor Services
Exact Match,1.0,BK-S000009-B1,LD-S000009-L1,ACC2001,USD,15619.14,15619.14,2026-04-13,2026-04-13,REF000009,REF000009,REF000009,REF000009,REF000009,Evergreen Custody,Evergreen Custody,Withdrawal - Evergreen Custody,Withdrawal - Evergreen Custody
Exact Match,1.0,BK-S000010-B1,LD-S000010-L1,ACC1002,CAD,23209.39,23209.39,2026-03-25,2026-03-25,REF000010,REF000010,REF000010,REF000010,REF000010,Lakeview Partners,Lakeview Partners,Interest - Lakeview Partners,Interest - Lakeview Partners
Exact Match,1.0,BK-S000011-B1,LD-S000011-L1,ACC1002,CAD,2588.53,2588.53,2026-03-21,2026-03-21,REF000011,REF000011,REF000011,REF000011,REF000011,Pinebridge Vendor Services,Pinebridge Vendor Services,Wire In - Pinebridge Vendor Services,Wire In - Pinebridge Vendor Services
Exact Match,1.0,BK-S000012-B1,LD-S000012-L1,ACC2002,USD,175.67,175.67,2026-03-30,2026-03-30,REF000012,REF000012,REF000012,REF000012,REF000012,North Ridge Treasury,North Ridge Treasury,Withdrawal - North Ridge Treasury,Withdrawal - North Ridge Treasury
Exact Match,1.0,BK-S000013-B1,LD-S000013-L1,ACC3001,CAD,24940.9,24940.9,2026-03-24,2026-03-24,REF000013,REF000013,REF000013,REF000013,REF000013,Summit Client Account,Summit Client Account,Interest - Summit Client Account,Interest - Summit Client Account
Exact Match,1.0,BK-S000014-B1,LD-S000014-L1,ACC1001,CAD,17331.55,17331.55,2026-04-10,2026-04-10,REF000014,REF000014,REF000014,REF000014,REF000014,Cedar Prime LP,Cedar Prime LP,Wire Out - Cedar Prime LP,Wire Out - Cedar Prime LP
Exact Match,1.0,BK-S000015-B1,LD-S000015-L1,ACC2002,USD,21658.71,21658.71,2026-03-17,2026-03-17,REF000015,REF000015,REF000015,REF000015,REF000015,Bluewater Holdings,Bluewater Holdings,Deposit - Bluewater Holdings,Deposit - Bluewater Holdings
Exact Match,1.0,BK-S000016-B1,LD-S000016-L1,ACC3001,CAD,8044.0,8044.0,2026-04-11,2026-04-11,REF000016,REF000016,REF000016,REF000016,REF000016,Evergreen Custody,Evergreen Custody,Fee - Evergreen Custody,Fee - Evergreen Custody
Exact Match,1.0,BK-S000017-B1,LD-S000017-L1,ACC2001,USD,3553.86,3553.86,2026-03-12,2026-03-12,REF000017,REF000017,REF000017,REF000017,REF000017,North Ridge Treasury,North Ridge Treasury,Deposit - North Ridge Treasury,Deposit - North Ridge Treasury
Exact Match,1.0,BK-S000018-B1,LD-S000018-L1,ACC1002,CAD,13945.1,13945.1,2026-03-24,2026-03-24,REF000018,REF000018,REF000018,REF000018,REF000018,Bluewater Holdings,Bluewater Holdings,Wire Out - Bluewater Holdings,Wire Out - Bluewater Holdings
Exact Match,1.0,BK-S000019-B1,LD-S000019-L1,ACC1001,CAD,20959.97,20959.97,2026-03-24,2026-03-24,REF000019,REF000019,REF000019,REF000019,REF000019,North Ridge Treasury,North Ridge Treasury,Wire In - North Ridge Treasury,Wire In - North Ridge Treasury
Exact Match,1.0,BK-S000020-B1,LD-S000020-L1,ACC3001,CAD,20584.56,20584.56,2026-03-06,2026-03-06,REF000020,REF000020,REF000020,REF000020,REF000020,Evergreen Custody,Evergreen Custody,Wire In - Evergreen Custody,Wire In - Evergreen Custody
Exact Match,1.0,BK-S000021-B1,LD-S000021-L1,ACC3001,CAD,15558.25,15558.25,2026-03-17,2026-03-17,REF000021,REF000021,REF000021,REF000021,REF000021,Lakeview Partners,Lakeview Partners,Wire Out - Lakeview Partners,Wire Out - Lakeview Partners
Exact Match,1.0,BK-S000022-B1,LD-S000022-L1,ACC1002,CAD,17120.49,17120.49,2026-03-20,2026-03-20,REF000022,REF000022,REF000022,REF000022,REF000022,Pinebridge Vendor Services,Pinebridge Vendor Services,Withdrawal - Pinebridge Vendor Services,Withdrawal - Pinebridge Vendor Services
Exact Match,1.0,BK-S000023-B1,LD-S000023-L1,ACC1001,CAD,68.93,68.93,2026-03-15,2026-03-15,REF000023,REF000023,REF000023,REF000023,REF000023,Lakeview Partners,Lakeview Partners,Wire Out - Lakeview Partners,Wire Out - Lakeview Partners
Exact Match,1.0,BK-S000024-B1,LD-S000024-L1,ACC1001,CAD,110.66,110.66,2026-04-10,2026-04-10,REF000024,REF000024,REF000024,REF000024,REF000024,Bluewater Holdings,Bluewater Holdings,Withdrawal - Bluewater Holdings,Withdrawal - Bluewater Holdings
Exact Match,1.0,BK-S000025-B1,LD-S000025-L1,ACC1002,CAD,13941.61,13941.61,2026-04-12,2026-04-12,REF000025,REF000025,REF000025,REF000025,REF000025,Summit Client Account,Summit Client Account,Fee - Summit Client Account,Fee - Summit Client Account
Exact Match,1.0,BK-S000026-B1,LD-S000026-L1,ACC2002,USD,437.95,437.95,2026-03-07,2026-03-07,REF000026,REF000026,REF000026,REF000026,REF000026,RBC Banking Services,RBC Banking Services,Wire Out - RBC Banking Services,Wire Out - RBC Banking Services
Exact Match,1.0,BK-S000027-B1,LD-S000027-L1,ACC1001,CAD,3362.03,3362.03,2026-04-11,2026-04-11,REF000027,REF000027,REF000027,REF000027,REF000027,RBC Banking Services,RBC Banking Services,Withdrawal - RBC Banking Services,Withdrawal - RBC Banking Services
Exact Match,1.0,BK-S000028-B1,LD-S000028-L1,ACC1002,CAD,4364.38,4364.38,2026-03-13,2026-03-13,REF000028,REF000028,REF000028,REF000028,REF000028,Evergreen Custody,Evergreen Custody,Wire Out - Evergreen Custody,Wire Out - Evergreen Custody
Exact Match,1.0,BK-S000029-B1,LD-S000029-L1,ACC1001,CAD,636.93,636.93,2026-04-05,2026-04-05,REF000029,REF000029,REF000029,REF000029,REF000029,Bluewater Holdings,Bluewater Holdings,Interest - Bluewater Holdings,Interest - Bluewater Holdings
Exact Match,1.0,BK-S000030-B1,LD-S000030-L1,ACC1002,CAD,21751.61,21751.61,2026-04-01,2026-04-01,REF000030,REF000030,REF000030,REF000030,REF000030,Bluewater Holdings,Bluewater Holdings,Interest - Bluewater Holdings,Interest - Bluewater Holdings
Exact Match,1.0,BK-S000031-B1,LD-S000031-L1,ACC2002,USD,17718.2,17718.2,2026-03-30,2026-03-30,REF000031,REF000031,REF000031,REF000031,REF000031,Summit Client Account,Summit Client Account,Fee - Summit Client Account,Fee - Summit Client Account
Exact Match,1.0,BK-S000032-B1,LD-S000032-L1,ACC1002,CAD,2462.98,2462.98,2026-04-07,2026-04-07,REF000032,REF000032,REF000032,REF000032,REF000032,Pinebridge Vendor Services,Pinebridge Vendor Services,Wire In - Pinebridge Vendor Services,Wire In - Pinebridge Vendor Services
Exact Match,1.0,BK-S000033-B1,LD-S000033-L1,ACC2002,USD,24058.69,24058.69,2026-04-03,2026-04-03,REF000033,REF000033,REF000033,REF000033,REF000033,Cedar Prime LP,Cedar Prime LP,Deposit - Cedar Prime LP,Deposit - Cedar Prime LP
Exact Match,1.0,BK-S000034-B1,LD-S000034-L1,ACC1001,CAD,23598.31,23598.31,2026-03-16,2026-03-16,REF000034,REF000034,REF000034,REF000034,REF000034,Lakeview Partners,Lakeview Partners,Withdrawal - Lakeview Partners,Withdrawal - Lakeview Partners
Exact Match,1.0,BK-S000035-B1,LD-S000035-L1,ACC3001,CAD,14565.45,14565.45,2026-03-27,2026-03-27,REF000035,REF000035,REF000035,REF000035,REF000035,Pinebridge Vendor Services,Pinebridge Vendor Services,Wire In - Pinebridge Vendor Services,Wire In - Pinebridge Vendor Services
Exact Match,1.0,BK-S000036-B1,LD-S000036-L1,ACC2001,USD,17120.57,17120.57,2026-03-17,2026-03-17,REF000036,REF000036,REF000036,REF000036,REF000036,North Ridge Treasury,North Ridge Treasury,Wire Out - North Ridge Treasury,Wire Out - North Ridge Treasury
Exact Match,1.0,BK-S000037-B1,LD-S000037-L1,ACC1001,CAD,24906.31,24906.31,2026-04-09,2026-04-09,REF000037,REF000037,REF000037,REF000037,REF000037,Cedar Prime LP,Cedar Prime LP,Interest - Cedar Prime LP,Interest - Cedar Prime LP
Exact Match,1.0,BK-S000038-B1,LD-S000038-L1,ACC2001,USD,22102.49,22102.49,2026-03-23,2026-03-23,REF000038,REF000038,REF000038,REF000038,REF000038,Pinebridge Vendor Services,Pinebridge Vendor Services,Wire Out - Pinebridge Vendor Services,Wire Out - Pinebridge Vendor Services
Exact Match,1.0,BK-S000039-B1,LD-S000039-L1,ACC3001,CAD,24693.59,24693.59,2026-03-20,2026-03-20,REF000039,REF000039,REF000039,REF000039,REF000039,Bluewater Holdings,Bluewater Holdings,Withdrawal - Bluewater Holdings,Withdrawal - Bluewater Holdings
Exact Match,1.0,BK-S000040-B1,LD-S000040-L1,ACC2001,USD,4222.99,4222.99,2026-03-07,2026-03-07,REF000040,REF000040,REF000040,REF000040,REF000040,Cedar Prime LP,Cedar Prime LP,Withdrawal - Cedar Prime LP,Withdrawal - Cedar Prime LP
Exact Match,1.0,BK-S000041-B1,LD-S000041-L1,ACC1002,CAD,18222.69,18222.69,2026-03-19,2026-03-19,REF000041,REF000041,REF000041,REF000041,REF000041,Lakeview Partners,Lakeview Partners,Fee - Lakeview Partners,Fee - Lakeview Partners
Exact Match,1.0,BK-S000042-B1,LD-S000042-L1,ACC3001,CAD,21306.49,21306.49,2026-03-17,2026-03-17,REF000042,REF000042,REF000042,REF000042,REF000042,Cedar Prime LP,Cedar Prime LP,Interest - Cedar Prime LP,Interest - Cedar Prime LP
Exact Match,1.0,BK-S000043-B1,LD-S000043-L1,ACC1001,CAD,16290.72,16290.72,2026-03-22,2026-03-22,REF000043,REF000043,REF000043,REF000043,REF000043,North Ridge Treasury,North Ridge Treasury,Wire In - North Ridge Treasury,Wire In - North Ridge Treasury
Exact Match,1.0,BK-S000044-B1,LD-S000044-L1,ACC3001,CAD,3684.97,3684.97,2026-03-28,2026-03-28,REF000044,REF000044,REF000044,REF000044,REF000044,Evergreen Custody,Evergreen Custody,Withdrawal - Evergreen Custody,Withdrawal - Evergreen Custody
Exact Match,1.0,BK-S000045-B1,LD-S000045-L1,ACC3001,CAD,2003.89,2003.89,2026-03-10,2026-03-10,REF000045,REF000045,REF000045,REF000045,REF000045,Pinebridge Vendor Services,Pinebridge Vendor Services,Deposit - Pinebridge Vendor Services,Deposit - Pinebridge Vendor Services
Exact Match,1.0,BK-S000046-B1,LD-S000046-L1,ACC1002,CAD,14437.2,14437.2,2026-03-07,2026-03-07,REF000046,REF000046,REF000046,REF000046,REF000046,RBC Banking Services,RBC Banking Services,Withdrawal - RBC Banking Services,Withdrawal - RBC Banking Services
Exact Match,1.0,BK-S000047-B1,LD-S000047-L1,ACC1002,CAD,1594.87,1594.87,2026-03-12,2026-03-12,REF000047,REF000047,REF000047,REF000047,REF000047,Pinebridge Vendor Services,Pinebridge Vendor Services,Wire Out - Pinebridge Vendor Services,Wire Out - Pinebridge Vendor Services
Exact Match,1.0,BK-S000048-B1,LD-S000048-L1,ACC1002,CAD,3594.3,3594.3,2026-03-11,2026-03-11,REF000048,REF000048,REF000048,REF000048,REF000048,Bluewater Holdings,Bluewater Holdings,Fee - Bluewater Holdings,Fee - Bluewater Holdings
Exact Match,1.0,BK-S000049-B1,LD-S000049-L1,ACC2002,USD,21911.75,21911.75,2026-03-20,2026-03-20,REF000049,REF000049,REF000049,REF000049,REF000049,Lakeview Partners,Lakeview Partners,Fee - Lakeview Partners,Fee - Lakeview Partners
Exact Match,1.0,BK-S000050-B1,LD-S000050-L1,ACC2002,USD,24205.34,24205.34,2026-03-18,2026-03-18,REF000050,REF000050,REF000050,REF000050,REF000050,North Ridge Treasury,North Ridge Treasury,Fee - North Ridge Treasury,Fee - North Ridge Treasury
Exact Match,1.0,BK-S000051-B1,LD-S000051-L1,ACC2002,USD,1662.41,1662.41,2026-04-04,2026-04-04,REF000051,REF000051,REF000051,REF000051,REF000051,North Ridge Treasury,North Ridge Treasury,Withdrawal - North Ridge Treasury,Withdrawal - North Ridge Treasury
Exact Match,1.0,BK-S000052-B1,LD-S000052-L1,ACC1001,CAD,18485.08,18485.08,2026-04-08,2026-04-08,REF000052,REF000052,REF000052,REF000052,REF000052,Pinebridge Vendor Services,Pinebridge Vendor Services,Wire In - Pinebridge Vendor Services,Wire In - Pinebridge Vendor Services
Exact Match,1.0,BK-S000053-B1,LD-S000053-L1,ACC1001,CAD,2065.28,2065.28,2026-04-06,2026-04-06,REF000053,REF000053,REF000053,REF000053,REF000053,RBC Banking Services,RBC Banking Services,Interest - RBC Banking Services,Interest - RBC Banking Services
Exact Match,1.0,BK-S000054-B1,LD-S000054-L1,ACC1002,CAD,647.81,647.81,2026-03-28,2026-03-28,REF000054,REF000054,REF000054,REF000054,REF000054,Pinebridge Vendor Services,Pinebridge Vendor Services,Fee - Pinebridge Vendor Services,Fee - Pinebridge Vendor Services
Exact Match,1.0,BK-S000055-B1,LD-S000055-L1,ACC1001,CAD,17005.43,17005.43,2026-03-20,2026-03-20,REF000055,REF000055,REF000055,REF000055,REF000055,Pinebridge Vendor Services,Pinebridge Vendor Services,Withdrawal - Pinebridge Vendor Services,Withdrawal - Pinebridge Vendor Services
Exact Match,1.0,BK-S000056-B1,LD-S000056-L1,ACC3001,CAD,23568.73,23568.73,2026-03-13,2026-03-13,REF000056,REF000056,REF000056,REF000056,REF000056,Evergreen Custody,Evergreen Custody,Wire Out - Evergreen Custody,Wire Out - Evergreen Custody
Exact Match,1.0,BK-S000057-B1,LD-S000057-L1,ACC2002,USD,6044.38,6044.38,2026-03-01,2026-03-01,REF000057,REF000057,REF000057,REF000057,REF000057,Pinebridge Vendor Services,Pinebridge Vendor Services,Deposit - Pinebridge Vendor Services,Deposit - Pinebridge Vendor Services
Exact Match,1.0,BK-S000058-B1,LD-S000058-L1,ACC1002,CAD,24035.97,24035.97,2026-03-31,2026-03-31,REF000058,REF000058,REF000058,REF000058,REF000058,Evergreen Custody,Evergreen Custody,Deposit - Evergreen Custody,Deposit - Evergreen Custody
Exact Match,1.0,BK-S000059-B1,LD-S000059-L1,ACC3001,CAD,3241.29,3241.29,2026-04-10,2026-04-10,REF000059,REF000059,REF000059,REF000059,REF000059,Lakeview Partners,Lakeview Partners,Withdrawal - Lakeview Partners,Withdrawal - Lakeview Partners
Exact Match,1.0,BK-S000060-B1,LD-S000060-L1,ACC1002,CAD,935.54,935.54,2026-03-02,2026-03-02,REF000060,REF000060,REF000060,REF000060,REF000060,Cedar Prime LP,Cedar Prime LP,Wire Out - Cedar Prime LP,Wire Out - Cedar Prime LP
Exact Match,1.0,BK-S000061-B1,LD-S000061-L1,ACC3001,CAD,12865.05,12865.05,2026-04-15,2026-04-15,REF000061,REF000061,REF000061,REF000061,REF000061,Lakeview Partners,Lakeview Partners,Wire Out - Lakeview Partners,Wire Out - Lakeview Partners
Exact Match,1.0,BK-S000062-B1,LD-S000062-L1,ACC1001,CAD,20298.64,20298.64,2026-03-28,2026-03-28,REF000062,REF000062,REF000062,REF000062,REF000062,Summit Client Account,Summit Client Account,Wire In - Summit Client Account,Wire In - Summit Client Account
Exact Match,1.0,BK-S000063-B1,LD-S000063-L1,ACC1001,CAD,17021.87,17021.87,2026-03-09,2026-03-09,REF000063,REF000063,REF000063,REF000063,REF000063,Pinebridge Vendor Services,Pinebridge Vendor Services,Interest - Pinebridge Vendor Services,Interest - Pinebridge Vendor Services
Exact Match,1.0,BK-S000064-B1,LD-S000064-L1,ACC3001,CAD,4819.79,4819.79,2026-04-05,2026-04-05,REF000064,REF000064,REF000064,REF000064,REF000064,Summit Client Account,Summit Client Account,Interest - Summit Client Account,Interest - Summit Client Account
Exact Match,1.0,BK-S000065-B1,LD-S000065-L1,ACC2001,USD,7590.34,7590.34,2026-04-01,2026-04-01,REF000065,REF000065,REF000065,REF000065,REF000065,Cedar Prime LP,Cedar Prime LP,Deposit - Cedar Prime LP,Deposit - Cedar Prime LP
Exact Match,1.0,BK-S000066-B1,LD-S000066-L1,ACC2001,USD,2933.86,2933.86,2026-03-21,2026-03-21,REF000066,REF000066,REF000066,REF000066,REF000066,Evergreen Custody,Evergreen Custody,Fee - Evergreen Custody,Fee - Evergreen Custody
Exact Match,1.0,BK-S000067-B1,LD-S000067-L1,ACC1002,CAD,416.84,416.84,2026-03-14,2026-03-14,REF000067,REF000067,REF000067,REF000067,REF000067,Summit Client Account,Summit Client Account,Withdrawal - Summit Client Account,Withdrawal - Summit Client Account
Exact Match,1.0,BK-S000068-B1,LD-S000068-L1,ACC2002,USD,1468.77,1468.77,2026-04-07,2026-04-07,REF000068,REF000068,REF000068,REF000068,REF000068,RBC Banking Services,RBC Banking Services,Interest - RBC Banking Services,Interest - RBC Banking Services
Exact Match,1.0,BK-S000069-B1,LD-S000069-L1,ACC2001,USD,18631.22,18631.22,2026-03-27,2026-03-27,REF000069,REF000069,REF000069,REF000069,REF000069,Lakeview Partners,Lakeview Partners,Interest - Lakeview Partners,Interest - Lakeview Partners
Exact Match,1.0,BK-S000070-B1,LD-S000070-L1,ACC2002,USD,17052.97,17052.97,2026-03-02,2026-03-02,REF000070,REF000070,REF000070,REF000070,REF000070,RBC Banking Services,RBC Banking Services,Interest - RBC Banking Services,Interest - RBC Banking Services
Exact Match,1.0,BK-S000071-B1,LD-S000071-L1,ACC1002,CAD,404.62,404.62,2026-04-04,2026-04-04,REF000071,REF000071,REF000071,REF000071,REF000071,Bluewater Holdings,Bluewater Holdings,Deposit - Bluewater Holdings,Deposit - Bluewater Holdings
Exact Match,1.0,BK-S000072-B1,LD-S000072-L1,ACC1002,CAD,391.19,391.19,2026-03-12,2026-03-12,REF000072,REF000072,REF000072,REF000072,REF000072,Lakeview Partners,Lakeview Partners,Interest - Lakeview Partners,Interest - Lakeview Partners
Exact Match,1.0,BK-S000073-B1,LD-S000073-L1,ACC2002,USD,2965.75,2965.75,2026-03-27,2026-03-27,REF000073,REF000073,REF000073,REF000073,REF000073,Bluewater Holdings,Bluewater Holdings,Fee - Bluewater Holdings,Fee - Bluewater Holdings
Exact Match,1.0,BK-S000074-B1,LD-S000074-L1,ACC2001,USD,911.56,911.56,2026-04-11,2026-04-11,REF000074,REF000074,REF000074,REF000074,REF000074,Bluewater Holdings,Bluewater Holdings,Wire Out - Bluewater Holdings,Wire Out - Bluewater Holdings
Exact Match,1.0,BK-S000075-B1,LD-S000075-L1,ACC1001,CAD,12365.47,12365.47,2026-03-10,2026-03-10,REF000075,REF000075,REF000075,REF000075,REF000075,Cedar Prime LP,Cedar Prime LP,Deposit - Cedar Prime LP,Deposit - Cedar Prime LP
Exact Match,1.0,BK-S000076-B1,LD-S000076-L1,ACC2001,USD,24129.63,24129.63,2026-03-11,2026-03-11,REF000076,REF000076,REF000076,REF000076,REF000076,Cedar Prime LP,Cedar Prime LP,Fee - Cedar Prime LP,Fee - Cedar Prime LP
Exact Match,1.0,BK-S000077-B1,LD-S000077-L1,ACC3001,CAD,22792.63,22792.63,2026-03-20,2026-03-20,REF000077,REF000077,REF000077,REF000077,REF000077,RBC Banking Services,RBC Banking Services,Wire In - RBC Banking Services,Wire In - RBC Banking Services
Exact Match,1.0,BK-S000078-B1,LD-S000078-L1,ACC1001,CAD,6828.39,6828.39,2026-04-14,2026-04-14,REF000078,REF000078,REF000078,REF000078,REF000078,North Ridge Treasury,North Ridge Treasury,Deposit - North Ridge Treasury,Deposit - North Ridge Treasury
Exact Match,1.0,BK-S000079-B1,LD-S000079-L1,ACC3001,CAD,16876.51,16876.51,2026-03-23,2026-03-23,REF000079,REF000079,REF000079,REF000079,REF000079,Cedar Prime LP,Cedar Prime LP,Wire In - Cedar Prime LP,Wire In - Cedar Prime LP
Exact Match,1.0,BK-S000080-B1,LD-S000080-L1,ACC1001,CAD,914.71,914.71,2026-04-01,2026-04-01,REF000080,REF000080,REF000080,REF000080,REF000080,Summit Client Account,Summit Client Account,Interest - Summit Client Account,Interest - Summit Client Account
Exact Match,1.0,BK-S000081-B1,LD-S000081-L1,ACC1002,CAD,7481.98,7481.98,2026-04-03,2026-04-03,REF000081,REF000081,REF000081,REF000081,REF000081,Summit Client Account,Summit Client Account,Withdrawal - Summit Client Account,Withdrawal - Summit Client Account
Exact Match,1.0,BK-S000082-B1,LD-S000082-L1,ACC3001,CAD,20937.54,20937.54,2026-03-21,2026-03-21,REF000082,REF000082,REF000082,REF000082,REF000082,Cedar Prime LP,Cedar Prime LP,Fee - Cedar Prime LP,Fee - Cedar Prime LP
Exact Match,1.0,BK-S000083-B1,LD-S000083-L1,ACC2002,USD,9073.52,9073.52,2026-04-09,2026-04-09,REF000083,REF000083,REF000083,REF000083,REF000083,Summit Client Account,Summit Client Account,Deposit - Summit Client Account,Deposit - Summit Client Account
Exact Match,1.0,BK-S000084-B1,LD-S000084-L1,ACC1002,CAD,22127.68,22127.68,2026-03-17,2026-03-17,REF000084,REF000084,REF000084,REF000084,REF000084,North Ridge Treasury,North Ridge Treasury,Fee - North Ridge Treasury,Fee - North Ridge Treasury
Exact Match,1.0,BK-S000085-B1,LD-S000085-L1,ACC1002,CAD,12725.87,12725.87,2026-03-16,2026-03-16,REF000085,REF000085,REF000085,REF000085,REF000085,Lakeview Partners,Lakeview Partners,Wire In - Lakeview Partners,Wire In - Lakeview Partners
Exact Match,1.0,BK-S000086-B1,LD-S000086-L1,ACC2002,USD,249.44,249.44,2026-03-02,2026-03-02,REF000086,REF000086,REF000086,REF000086,REF000086,Lakeview Partners,Lakeview Partners,Interest - Lakeview Partners,Interest - Lakeview Partners
Exact Match,1.0,BK-S000087-B1,LD-S000087-L1,ACC2001,USD,11212.09,11212.09,2026-04-05,2026-04-05,REF000087,REF000087,REF000087,REF000087,REF000087,Pinebridge Vendor Services,Pinebridge Vendor Services,Interest - Pinebridge Vendor Services,Interest - Pinebridge Vendor Services
Exact Match,1.0,BK-S000088-B1,LD-S000088-L1,ACC2001,USD,18310.82,18310.82,2026-03-17,2026-03-17,REF000088,REF000088,REF000088,REF000088,REF000088,Pinebridge Vendor Services,Pinebridge Vendor Services,Fee - Pinebridge Vendor Services,Fee - Pinebridge Vendor Services
Exact Match,1.0,BK-S000089-B1,LD-S000089-L1,ACC1002,CAD,7635.99,7635.99,2026-03-14,2026-03-14,REF000089,REF000089,REF000089,REF000089,REF000089,North Ridge Treasury,North Ridge Treasury,Wire Out - North Ridge Treasury,Wire Out - North Ridge Treasury
Exact Match,1.0,BK-S000090-B1,LD-S000090-L1,ACC2001,USD,1339.56,1339.56,2026-03-24,2026-03-24,REF000090,REF000090,REF000090,REF000090,REF000090,Evergreen Custody,Evergreen Custody,Wire Out - Evergreen Custody,Wire Out - Evergreen Custody
Exact Match,1.0,BK-S000091-B1,LD-S000091-L1,ACC3001,CAD,16308.87,16308.87,2026-04-14,2026-04-14,REF000091,REF000091,REF000091,REF000091,REF000091,Summit Client Account,Summit Client Account,Fee - Summit Client Account,Fee - Summit Client Account
Exact Match,1.0,BK-S000092-B1,LD-S000092-L1,ACC3001,CAD,9176.94,9176.94,2026-03-31,2026-03-31,REF000092,REF000092,REF000092,REF000092,REF000092,Bluewater Holdings,Bluewater Holdings,Fee - Bluewater Holdings,Fee - Bluewater Holdings
Exact Match,1.0,BK-S000093-B1,LD-S000093-L1,ACC1001,CAD,14848.51,14848.51,2026-03-26,2026-03-26,REF000093,REF000093,REF000093,REF000093,REF000093,Bluewater Holdings,Bluewater Holdings,Wire In - Bluewater Holdings,Wire In - Bluewater Holdings
Exact Match,1.0,BK-S000094-B1,LD-S000094-L1,ACC2001,USD,738.0,738.0,2026-03-16,2026-03-16,REF000094,REF000094,REF000094,REF000094,REF000094,Lakeview Partners,Lakeview Partners,Wire In - Lakeview Partners,Wire In - Lakeview Partners
Exact Match,1.0,BK-S000095-B1,LD-S000095-L1,ACC2002,USD,8329.13,8329.13,2026-04-07,2026-04-07,REF000095,REF000095,REF000095,REF000095,REF000095,Bluewater Holdings,Bluewater Holdings,Fee - Bluewater Holdings,Fee - Bluewater Holdings
Exact Match,1.0,BK-S000096-B1,LD-S000096-L1,ACC1002,CAD,2948.5,2948.5,2026-03-14,2026-03-14,REF000096,REF000096,REF000096,REF000096,REF000096,Lakeview Partners,Lakeview Partners,Withdrawal - Lakeview Partners,Withdrawal - Lakeview Partners
Exact Match,1.0,BK-S000097-B1,LD-S000097-L1,ACC1002,CAD,15251.47,15251.47,2026-03-27,2026-03-27,REF000097,REF000097,REF000097,REF000097,REF000097,North Ridge Treasury,North Ridge Treasury,Wire In - North Ridge Treasury,Wire In - North Ridge Treasury
Exact Match,1.0,BK-S000098-B1,LD-S000098-L1,ACC2001,USD,260.08,260.08,2026-03-30,2026-03-30,REF000098,REF000098,REF000098,REF000098,REF000098,North Ridge Treasury,North Ridge Treasury,Withdrawal - North Ridge Treasury,Withdrawal - North Ridge Treasury
Exact Match,1.0,BK-S000099-B1,LD-S000099-L1,ACC1002,CAD,16543.23,16543.23,2026-03-08,2026-03-08,REF000099,REF000099,REF000099,REF000099,REF000099,North Ridge Treasury,North Ridge Treasury,Interest - North Ridge Treasury,Interest - North Ridge Treasury
Exact Match,1.0,BK-S000100-B1,LD-S000100-L1,ACC1002,CAD,14660.97,14660.97,2026-04-08,2026-04-08,REF000100,REF000100,REF000100,REF000100,REF000100,North Ridge Treasury,North Ridge Treasury,Fee - North Ridge Treasury,Fee - North Ridge Treasury
Exact Match,1.0,BK-S000101-B1,LD-S000101-L1,ACC2001,USD,13011.33,13011.33,2026-03-26,2026-03-26,REF000101,REF000101,REF000101,REF000101,REF000101,Summit Client Account,Summit Client Account,Withdrawal - Summit Client Account,Withdrawal - Summit Client Account
Exact Match,1.0,BK-S000102-B1,LD-S000102-L1,ACC1001,CAD,1620.76,1620.76,2026-03-21,2026-03-21,REF000102,REF000102,REF000102,REF000102,REF000102,Lakeview Partners,Lakeview Partners,Interest - Lakeview Partners,Interest - Lakeview Partners
Exact Match,1.0,BK-S000103-B1,LD-S000103-L1,ACC3001,CAD,14829.93,14829.93,2026-04-13,2026-04-13,REF000103,REF000103,REF000103,REF000103,REF000103,Evergreen Custody,Evergreen Custody,Wire In - Evergreen Custody,Wire In - Evergreen Custody
Exact Match,1.0,BK-S000104-B1,LD-S000104-L1,ACC2002,USD,11461.24,11461.24,2026-03-12,2026-03-12,REF000104,REF000104,REF000104,REF000104,REF000104,Summit Client Account,Summit Client Account,Fee - Summit Client Account,Fee - Summit Client Account
Exact Match,1.0,BK-S000105-B1,LD-S000105-L1,ACC2002,USD,21585.59,21585.59,2026-03-21,2026-03-21,REF000105,REF000105,REF000105,REF000105,REF000105,Pinebridge Vendor Services,Pinebridge Vendor Services,Fee - Pinebridge Vendor Services,Fee - Pinebridge Vendor Services
Exact Match,1.0,BK-S000106-B1,LD-S000106-L1,ACC2001,USD,14202.32,14202.32,2026-03-26,2026-03-26,REF000106,REF000106,REF000106,REF000106,REF000106,Summit Client Account,Summit Client Account,Withdrawal - Summit Client Account,Withdrawal - Summit Client Account
Exact Match,1.0,BK-S000107-B1,LD-S000107-L1,ACC2001,USD,20798.25,20798.25,2026-03-26,2026-03-26,REF000107,REF000107,REF000107,REF000107,REF000107,Bluewater Holdings,Bluewater Holdings,Wire In - Bluewater Holdings,Wire In - Bluewater Holdings
Exact Match,1.0,BK-S000108-B1,LD-S000108-L1,ACC2002,USD,9682.7,9682.7,2026-03-04,2026-03-04,REF000108,REF000108,REF000108,REF000108,REF000108,Summit Client Account,Summit Client Account,Interest - Summit Client Account,Interest - Summit Client Account
Exact Match,1.0,BK-S000109-B1,LD-S000109-L1,ACC1002,CAD,309.23,309.23,2026-04-05,2026-04-05,REF000109,REF000109,REF000109,REF000109,REF000109,Summit Client Account,Summit Client Account,Fee - Summit Client Account,Fee - Summit Client Account
Exact Match,1.0,BK-S000110-B1,LD-S000110-L1,ACC3001,CAD,14220.14,14220.14,2026-04-15,2026-04-15,REF000110,REF000110,REF000110,REF000110,REF000110,RBC Banking Services,RBC Banking Services,Wire Out - RBC Banking Services,Wire Out - RBC Banking Services
Exact Match,1.0,BK-S000111-B1,LD-S000111-L1,ACC2002,USD,12961.01,12961.01,2026-04-11,2026-04-11,REF000111,REF000111,REF000111,REF000111,REF000111,North Ridge Treasury,North Ridge Treasury,Wire In - North Ridge Treasury,Wire In - North Ridge Treasury
Exact Match,1.0,BK-S000112-B1,LD-S000112-L1,ACC2002,USD,14230.36,14230.36,2026-03-31,2026-03-31,REF000112,REF000112,REF000112,REF000112,REF000112,RBC Banking Services,RBC Banking Services,Interest - RBC Banking Services,Interest - RBC Banking Services
Exact Match,1.0,BK-S000113-B1,LD-S000113-L1,ACC1002,CAD,21505.9,21505.9,2026-03-18,2026-03-18,REF000113,REF000113,REF000113,REF000113,REF000113,Pinebridge Vendor Services,Pinebridge Vendor Services,Wire In - Pinebridge Vendor Services,Wire In - Pinebridge Vendor Services
Exact Match,1.0,BK-S000114-B1,LD-S000114-L1,ACC2001,USD,14918.16,14918.16,2026-03-20,2026-03-20,REF000114,REF000114,REF000114,REF000114,REF000114,Summit Client Account,Summit Client Account,Withdrawal - Summit Client Account,Withdrawal - Summit Client Account
Exact Match,1.0,BK-S000115-B1,LD-S000115-L1,ACC2002,USD,14042.32,14042.32,2026-03-22,2026-03-22,REF000115,REF000115,REF000115,REF000115,REF000115,Summit Client Account,Summit Client Account,Fee - Summit Client Account,Fee - Summit Client Account
Exact Match,1.0,BK-S000116-B1,LD-S000116-L1,ACC1002,CAD,19613.07,19613.07,2026-03-25,2026-03-25,REF000116,REF000116,REF000116,REF000116,REF000116,Bluewater Holdings,Bluewater Holdings,Deposit - Bluewater Holdings,Deposit - Bluewater Holdings
Exact Match,1.0,BK-S000117-B1,LD-S000117-L1,ACC2002,USD,16648.46,16648.46,2026-04-12,2026-04-12,REF000117,REF000117,REF000117,REF000117,REF000117,Evergreen Custody,Evergreen Custody,Interest - Evergreen Custody,Interest - Evergreen Custody
Exact Match,1.0,BK-S000118-B1,LD-S000118-L1,ACC3001,CAD,21980.57,21980.57,2026-03-22,2026-03-22,REF000118,REF000118,REF000118,REF000118,REF000118,Summit Client Account,Summit Client Account,Deposit - Summit Client Account,Deposit - Summit Client Account
Exact Match,1.0,BK-S000119-B1,LD-S000119-L1,ACC1001,CAD,16714.75,16714.75,2026-03-10,2026-03-10,REF000119,REF000119,REF000119,REF000119,REF000119,Evergreen Custody,Evergreen Custody,Withdrawal - Evergreen Custody,Withdrawal - Evergreen Custody
Exact Match,1.0,BK-S000120-B1,LD-S000120-L1,ACC2001,USD,2927.57,2927.57,2026-04-14,2026-04-14,REF000120,REF000120,REF000120,REF000120,REF000120,Pinebridge Vendor Services,Pinebridge Vendor Services,Deposit - Pinebridge Vendor Services,Deposit - Pinebridge Vendor Services
Exact Match,1.0,BK-S000121-B1,LD-S000121-L1,ACC2002,USD,19225.64,19225.64,2026-04-10,2026-04-10,REF000121,REF000121,REF000121,REF000121,REF000121,Bluewater Holdings,Bluewater Holdings,Fee - Bluewater Holdings,Fee - Bluewater Holdings
Exact Match,1.0,BK-S000122-B1,LD-S000122-L1,ACC2001,USD,3362.64,3362.64,2026-03-06,2026-03-06,REF000122,REF000122,REF000122,REF000122,REF000122,Cedar Prime LP,Cedar Prime LP,Wire Out - Cedar Prime LP,Wire Out - Cedar Prime LP
Exact Match,1.0,BK-S000123-B1,LD-S000123-L1,ACC2001,USD,2346.86,2346.86,2026-03-03,2026-03-03,REF000123,REF000123,REF000123,REF000123,REF000123,Pinebridge Vendor Services,Pinebridge Vendor Services,Wire In - Pinebridge Vendor Services,Wire In - Pinebridge Vendor Services
Exact Match,1.0,BK-S000124-B1,LD-S000124-L1,ACC1002,CAD,20020.47,20020.47,2026-03-27,2026-03-27,REF000124,REF000124,REF000124,REF000124,REF000124,Evergreen Custody,Evergreen Custody,Deposit - Evergreen Custody,Deposit - Evergreen Custody
Exact Match,1.0,BK-S000125-B1,LD-S000125-L1,ACC2002,USD,22907.9,22907.9,2026-04-13,2026-04-13,REF000125,REF000125,REF000125,REF000125,REF000125,Evergreen Custody,Evergreen Custody,Deposit - Evergreen Custody,Deposit - Evergreen Custody
Exact Match,1.0,BK-S000126-B1,LD-S000126-L1,ACC2001,USD,22573.8,22573.8,2026-03-17,2026-03-17,REF000126,REF000126,REF000126,REF000126,REF000126,Summit Client Account,Summit Client Account,Interest - Summit Client Account,Interest - Summit Client Account
Exact Match,1.0,BK-S000127-B1,LD-S000127-L1,ACC1002,CAD,24703.64,24703.64,2026-03-29,2026-03-29,REF000127,REF000127,REF000127,REF000127,REF000127,North Ridge Treasury,North Ridge Treasury,Wire In - North Ridge Treasury,Wire In - North Ridge Treasury
Exact Match,1.0,BK-S000128-B1,LD-S000128-L1,ACC2001,USD,10232.64,10232.64,2026-03-20,2026-03-20,REF000128,REF000128,REF000128,REF000128,REF000128,Summit Client Account,Summit Client Account,Interest - Summit Client Account,Interest - Summit Client Account
Exact Match,1.0,BK-S000129-B1,LD-S000129-L1,ACC3001,CAD,17782.7,17782.7,2026-04-06,2026-04-06,REF000129,REF000129,REF000129,REF000129,REF000129,Bluewater Holdings,Bluewater Holdings,Fee - Bluewater Holdings,Fee - Bluewater Holdings
Exact Match,1.0,BK-S000130-B1,LD-S000130-L1,ACC1001,CAD,24366.47,24366.47,2026-04-13,2026-04-13,REF000130,REF000130,REF000130,REF000130,REF000130,Summit Client Account,Summit Client Account,Deposit - Summit Client Account,Deposit - Summit Client Account
Exact Match,1.0,BK-S000131-B1,LD-S000131-L1,ACC3001,CAD,15901.39,15901.39,2026-03-15,2026-03-15,REF000131,REF000131,REF000131,REF000131,REF000131,Evergreen Custody,Evergreen Custody,Fee - Evergreen Custody,Fee - Evergreen Custody
Exact Match,1.0,BK-S000132-B1,LD-S000132-L1,ACC1001,CAD,378.38,378.38,2026-03-29,2026-03-29,REF000132,REF000132,REF000132,REF000132,REF000132,Evergreen Custody,Evergreen Custody,Fee - Evergreen Custody,Fee - Evergreen Custody
Exact Match,1.0,BK-S000133-B1,LD-S000133-L1,ACC2002,USD,535.47,535.47,2026-03-13,2026-03-13,REF000133,REF000133,REF000133,REF000133,REF000133,Pinebridge Vendor Services,Pinebridge Vendor Services,Wire Out - Pinebridge Vendor Services,Wire Out - Pinebridge Vendor Services
Exact Match,1.0,BK-S000134-B1,LD-S000134-L1,ACC1002,CAD,8083.39,8083.39,2026-03-31,2026-03-31,REF000134,REF000134,REF000134,REF000134,REF000134,Pinebridge Vendor Services,Pinebridge Vendor Services,Fee - Pinebridge Vendor Services,Fee - Pinebridge Vendor Services
Exact Match,1.0,BK-S000135-B1,LD-S000135-L1,ACC1002,CAD,24518.61,24518.61,2026-04-13,2026-04-13,REF000135,REF000135,REF000135,REF000135,REF000135,Pinebridge Vendor Services,Pinebridge Vendor Services,Wire Out - Pinebridge Vendor Services,Wire Out - Pinebridge Vendor Services
Exact Match,1.0,BK-S000136-B1,LD-S000136-L1,ACC1001,CAD,381.73,381.73,2026-04-04,2026-04-04,REF000136,REF000136,REF000136,REF000136,REF000136,North Ridge Treasury,North Ridge Treasury,Fee - North Ridge Treasury,Fee - North Ridge Treasury
Exact Match,1.0,BK-S000137-B1,LD-S000137-L1,ACC2001,USD,1600.59,1600.59,2026-04-13,2026-04-13,REF000137,REF000137,REF000137,REF000137,REF000137,Pinebridge Vendor Services,Pinebridge Vendor Services,Wire In - Pinebridge Vendor Services,Wire In - Pinebridge Vendor Services
Exact Match,1.0,BK-S000138-B1,LD-S000138-L1,ACC1001,CAD,8252.56,8252.56,2026-03-30,2026-03-30,REF000138,REF000138,REF000138,REF000138,REF000138,RBC Banking Services,RBC Banking Services,Withdrawal - RBC Banking Services,Withdrawal - RBC Banking Services
Exact Match,1.0,BK-S000139-B1,LD-S000139-L1,ACC1001,CAD,261.32,261.32,2026-04-01,2026-04-01,REF000139,REF000139,REF000139,REF000139,REF000139,Evergreen Custody,Evergreen Custody,Fee - Evergreen Custody,Fee - Evergreen Custody
Exact Match,1.0,BK-S000140-B1,LD-S000140-L1,ACC3001,CAD,4708.55,4708.55,2026-04-07,2026-04-07,REF000140,REF000140,REF000140,REF000140,REF000140,RBC Banking Services,RBC Banking Services,Interest - RBC Banking Services,Interest - RBC Banking Services
Exact Match,1.0,BK-S000141-B1,LD-S000141-L1,ACC3001,CAD,383.48,383.48,2026-03-18,2026-03-18,REF000141,REF000141,REF000141,REF000141,REF000141,Summit Client Account,Summit Client Account,Interest - Summit Client Account,Interest - Summit Client Account
Exact Match,1.0,BK-S000142-B1,LD-S000142-L1,ACC1001,CAD,24468.22,24468.22,2026-03-24,2026-03-24,REF000142,REF000142,REF000142,REF000142,REF000142,Pinebridge Vendor Services,Pinebridge Vendor Services,Withdrawal - Pinebridge Vendor Services,Withdrawal - Pinebridge Vendor Services
Exact Match,1.0,BK-S000143-B1,LD-S000143-L1,ACC1002,CAD,240.9,240.9,2026-03-30,2026-03-30,REF000143,REF000143,REF000143,REF000143,REF000143,Bluewater Holdings,Bluewater Holdings,Wire In - Bluewater Holdings,Wire In - Bluewater Holdings
Exact Match,1.0,BK-S000144-B1,LD-S000144-L1,ACC1002,CAD,20915.63,20915.63,2026-04-06,2026-04-06,REF000144,REF000144,REF000144,REF000144,REF000144,Lakeview Partners,Lakeview Partners,Wire Out - Lakeview Partners,Wire Out - Lakeview Partners
Exact Match,1.0,BK-S000145-B1,LD-S000145-L1,ACC2001,USD,822.57,822.57,2026-04-08,2026-04-08,REF000145,REF000145,REF000145,REF000145,REF000145,Evergreen Custody,Evergreen Custody,Wire Out - Evergreen Custody,Wire Out - Evergreen Custody
Exact Match,1.0,BK-S000146-B1,LD-S000146-L1,ACC1002,CAD,4163.28,4163.28,2026-04-12,2026-04-12,REF000146,REF000146,REF000146,REF000146,REF000146,Pinebridge Vendor Services,Pinebridge Vendor Services,Wire In - Pinebridge Vendor Services,Wire In - Pinebridge Vendor Services
Exact Match,1.0,BK-S000147-B1,LD-S000147-L1,ACC1001,CAD,717.55,717.55,2026-03-17,2026-03-17,REF000147,REF000147,REF000147,REF000147,REF000147,Cedar Prime LP,Cedar Prime LP,Wire Out - Cedar Prime LP,Wire Out - Cedar Prime LP
Exact Match,1.0,BK-S000148-B1,LD-S000148-L1,ACC2002,USD,11848.13,11848.13,2026-04-02,2026-04-02,REF000148,REF000148,REF000148,REF000148,REF000148,Lakeview Partners,Lakeview Partners,Fee - Lakeview Partners,Fee - Lakeview Partners
Exact Match,1.0,BK-S000149-B1,LD-S000149-L1,ACC3001,CAD,1747.62,1747.62,2026-03-30,2026-03-30,REF000149,REF000149,REF000149,REF000149,REF000149,Summit Client Account,Summit Client Account,Fee - Summit Client Account,Fee - Summit Client Account
Exact Match,1.0,BK-S000150-B1,LD-S000150-L1,ACC1001,CAD,2763.78,2763.78,2026-04-15,2026-04-15,REF000150,REF000150,REF000150,REF000150,REF000150,Cedar Prime LP,Cedar Prime LP,Interest - Cedar Prime LP,Interest - Cedar Prime LP
Exact Match,1.0,BK-S000151-B1,LD-S000151-L1,ACC1001,CAD,15048.75,15048.75,2026-03-18,2026-03-18,REF000151,REF000151,REF000151,REF000151,REF000151,Pinebridge Vendor Services,Pinebridge Vendor Services,Wire Out - Pinebridge Vendor Services,Wire Out - Pinebridge Vendor Services
Exact Match,1.0,BK-S000152-B1,LD-S000152-L1,ACC2001,USD,3380.28,3380.28,2026-04-02,2026-04-02,REF000152,REF000152,REF000152,REF000152,REF000152,Cedar Prime LP,Cedar Prime LP,Interest - Cedar Prime LP,Interest - Cedar Prime LP
Exact Match,1.0,BK-S000153-B1,LD-S000153-L1,ACC1002,CAD,10931.53,10931.53,2026-03-29,2026-03-29,REF000153,REF000153,REF000153,REF000153,REF000153,Summit Client Account,Summit Client Account,Interest - Summit Client Account,Interest - Summit Client Account
Exact Match,1.0,BK-S000154-B1,LD-S000154-L1,ACC1001,CAD,7117.36,7117.36,2026-03-28,2026-03-28,REF000154,REF000154,REF000154,REF000154,REF000154,Evergreen Custody,Evergreen Custody,Fee - Evergreen Custody,Fee - Evergreen Custody
Exact Match,1.0,BK-S000155-B1,LD-S000155-L1,ACC1001,CAD,18870.14,18870.14,2026-03-06,2026-03-06,REF000155,REF000155,REF000155,REF000155,REF000155,Pinebridge Vendor Services,Pinebridge Vendor Services,Wire In - Pinebridge Vendor Services,Wire In - Pinebridge Vendor Services
Exact Match,1.0,BK-S000156-B1,LD-S000156-L1,ACC3001,CAD,3933.55,3933.55,2026-04-05,2026-04-05,REF000156,REF000156,REF000156,REF000156,REF000156,Pinebridge Vendor Services,Pinebridge Vendor Services,Deposit - Pinebridge Vendor Services,Deposit - Pinebridge Vendor Services
Exact Match,1.0,BK-S000157-B1,LD-S000157-L1,ACC1001,CAD,3486.41,3486.41,2026-04-08,2026-04-08,REF000157,REF000157,REF000157,REF000157,REF000157,Lakeview Partners,Lakeview Partners,Fee - Lakeview Partners,Fee - Lakeview Partners
Exact Match,1.0,BK-S000158-B1,LD-S000158-L1,ACC1002,CAD,9821.47,9821.47,2026-03-23,2026-03-23,REF000158,REF000158,REF000158,REF000158,REF000158,North Ridge Treasury,North Ridge Treasury,Wire In - North Ridge Treasury,Wire In - North Ridge Treasury
Exact Match,1.0,BK-S000159-B1,LD-S000159-L1,ACC3001,CAD,14361.75,14361.75,2026-04-09,2026-04-09,REF000159,REF000159,REF000159,REF000159,REF000159,North Ridge Treasury,North Ridge Treasury,Deposit - North Ridge Treasury,Deposit - North Ridge Treasury
Exact Match,1.0,BK-S000160-B1,LD-S000160-L1,ACC2001,USD,832.88,832.88,2026-03-23,2026-03-23,REF000160,REF000160,REF000160,REF000160,REF000160,RBC Banking Services,RBC Banking Services,Fee - RBC Banking Services,Fee - RBC Banking Services
Exact Match,1.0,BK-S000161-B1,LD-S000161-L1,ACC1001,CAD,11075.98,11075.98,2026-04-03,2026-04-03,REF000161,REF000161,REF000161,REF000161,REF000161,Pinebridge Vendor Services,Pinebridge Vendor Services,Wire In - Pinebridge Vendor Services,Wire In - Pinebridge Vendor Services
Exact Match,1.0,BK-S000162-B1,LD-S000162-L1,ACC2001,USD,97.35,97.35,2026-04-08,2026-04-08,REF000162,REF000162,REF000162,REF000162,REF000162,Evergreen Custody,Evergreen Custody,Deposit - Evergreen Custody,Deposit - Evergreen Custody
Exact Match,1.0,BK-S000163-B1,LD-S000163-L1,ACC1001,CAD,12655.88,12655.88,2026-03-29,2026-03-29,REF000163,REF000163,REF000163,REF000163,REF000163,Summit Client Account,Summit Client Account,Fee - Summit Client Account,Fee - Summit Client Account
Exact Match,1.0,BK-S000164-B1,LD-S000164-L1,ACC3001,CAD,7797.92,7797.92,2026-03-23,2026-03-23,REF000164,REF000164,REF000164,REF000164,REF000164,Summit Client Account,Summit Client Account,Wire In - Summit Client Account,Wire In - Summit Client Account
Exact Match,1.0,BK-S000165-B1,LD-S000165-L1,ACC1001,CAD,2314.77,2314.77,2026-03-26,2026-03-26,REF000165,REF000165,REF000165,REF000165,REF000165,Lakeview Partners,Lakeview Partners,Wire Out - Lakeview Partners,Wire Out - Lakeview Partners
Exact Match,1.0,BK-S000166-B1,LD-S000166-L1,ACC2001,USD,497.65,497.65,2026-03-21,2026-03-21,REF000166,REF000166,REF000166,REF000166,REF000166,RBC Banking Services,RBC Banking Services,Fee - RBC Banking Services,Fee - RBC Banking Services
Exact Match,1.0,BK-S000167-B1,LD-S000167-L1,ACC3001,CAD,21000.5,21000.5,2026-03-15,2026-03-15,REF000167,REF000167,REF000167,REF000167,REF000167,Pinebridge Vendor Services,Pinebridge Vendor Services,Withdrawal - Pinebridge Vendor Services,Withdrawal - Pinebridge Vendor Services
Exact Match,1.0,BK-S000168-B1,LD-S000168-L1,ACC1001,CAD,2868.7,2868.7,2026-03-02,2026-03-02,REF000168,REF000168,REF000168,REF000168,REF000168,Pinebridge Vendor Services,Pinebridge Vendor Services,Interest - Pinebridge Vendor Services,Interest - Pinebridge Vendor Services
Exact Match,1.0,BK-S000169-B1,LD-S000169-L1,ACC2002,USD,3764.16,3764.16,2026-04-10,2026-04-10,REF000169,REF000169,REF000169,REF000169,REF000169,Bluewater Holdings,Bluewater Holdings,Withdrawal - Bluewater Holdings,Withdrawal - Bluewater Holdings
Exact Match,1.0,BK-S000170-B1,LD-S000170-L1,ACC2002,USD,810.04,810.04,2026-03-24,2026-03-24,REF000170,REF000170,REF000170,REF000170,REF000170,Lakeview Partners,Lakeview Partners,Withdrawal - Lakeview Partners,Withdrawal - Lakeview Partners
Exact Match,1.0,BK-S000171-B1,LD-S000171-L1,ACC3001,CAD,18899.32,18899.32,2026-03-26,2026-03-26,REF000171,REF000171,REF000171,REF000171,REF000171,Lakeview Partners,Lakeview Partners,Wire In - Lakeview Partners,Wire In - Lakeview Partners
Exact Match,1.0,BK-S000172-B1,LD-S000172-L1,ACC1001,CAD,508.96,508.96,2026-04-10,2026-04-10,REF000172,REF000172,REF000172,REF000172,REF000172,Pinebridge Vendor Services,Pinebridge Vendor Services,Deposit - Pinebridge Vendor Services,Deposit - Pinebridge Vendor Services
Exact Match,1.0,BK-S000173-B1,LD-S000173-L1,ACC1002,CAD,227.54,227.54,2026-03-07,2026-03-07,REF000173,REF000173,REF000173,REF000173,REF000173,Evergreen Custody,Evergreen Custody,Wire Out - Evergreen Custody,Wire Out - Evergreen Custody
Exact Match,1.0,BK-S000174-B1,LD-S000174-L1,ACC2002,USD,11773.73,11773.73,2026-04-06,2026-04-06,REF000174,REF000174,REF000174,REF000174,REF000174,Pinebridge Vendor Services,Pinebridge Vendor Services,Interest - Pinebridge Vendor Services,Interest - Pinebridge Vendor Services
Exact Match,1.0,BK-S000175-B1,LD-S000175-L1,ACC2002,USD,8267.69,8267.69,2026-03-31,2026-03-31,REF000175,REF000175,REF000175,REF000175,REF000175,North Ridge Treasury,North Ridge Treasury,Wire In - North Ridge Treasury,Wire In - North Ridge Treasury
Exact Match,1.0,BK-S000176-B1,LD-S000176-L1,ACC3001,CAD,1902.57,1902.57,2026-03-20,2026-03-20,REF000176,REF000176,REF000176,REF000176,REF000176,Pinebridge Vendor Services,Pinebridge Vendor Services,Wire In - Pinebridge Vendor Services,Wire In - Pinebridge Vendor Services
Exact Match,1.0,BK-S000177-B1,LD-S000177-L1,ACC1001,CAD,12105.08,12105.08,2026-04-08,2026-04-08,REF000177,REF000177,REF000177,REF000177,REF000177,Bluewater Holdings,Bluewater Holdings,Deposit - Bluewater Holdings,Deposit - Bluewater Holdings
Exact Match,1.0,BK-S000178-B1,LD-S000178-L1,ACC1002,CAD,4620.67,4620.67,2026-04-08,2026-04-08,REF000178,REF000178,REF000178,REF000178,REF000178,Bluewater Holdings,Bluewater Holdings,Fee - Bluewater Holdings,Fee - Bluewater Holdings
Exact Match,1.0,BK-S000179-B1,LD-S000179-L1,ACC1001,CAD,6945.85,6945.85,2026-04-11,2026-04-11,REF000179,REF000179,REF000179,REF000179,REF000179,Summit Client Account,Summit Client Account,Deposit - Summit Client Account,Deposit - Summit Client Account
Exact Match,1.0,BK-S000180-B1,LD-S000180-L1,ACC3001,CAD,7789.45,7789.45,2026-03-24,2026-03-24,REF000180,REF000180,REF000180,REF000180,REF000180,RBC Banking Services,RBC Banking Services,Wire Out - RBC Banking Services,Wire Out - RBC Banking Services
Exact Match,1.0,BK-S000181-B1,LD-S000181-L1,ACC1001,CAD,8912.58,8912.58,2026-04-11,2026-04-11,REF000181,REF000181,REF000181,REF000181,REF000181,RBC Banking Services,RBC Banking Services,Withdrawal - RBC Banking Services,Withdrawal - RBC Banking Services
Exact Match,1.0,BK-S000182-B1,LD-S000182-L1,ACC3001,CAD,647.25,647.25,2026-03-22,2026-03-22,REF000182,REF000182,REF000182,REF000182,REF000182,Pinebridge Vendor Services,Pinebridge Vendor Services,Wire Out - Pinebridge Vendor Services,Wire Out - Pinebridge Vendor Services
Exact Match,1.0,BK-S000183-B1,LD-S000183-L1,ACC2002,USD,3033.26,3033.26,2026-04-08,2026-04-08,REF000183,REF000183,REF000183,REF000183,REF000183,RBC Banking Services,RBC Banking Services,Wire Out - RBC Banking Services,Wire Out - RBC Banking Services
Exact Match,1.0,BK-S000184-B1,LD-S000184-L1,ACC1002,CAD,18730.59,18730.59,2026-04-14,2026-04-14,REF000184,REF000184,REF000184,REF000184,REF000184,Cedar Prime LP,Cedar Prime LP,Withdrawal - Cedar Prime LP,Withdrawal - Cedar Prime LP
Exact Match,1.0,BK-S000185-B1,LD-S000185-L1,ACC3001,CAD,5326.31,5326.31,2026-03-02,2026-03-02,REF000185,REF000185,REF000185,REF000185,REF000185,Lakeview Partners,Lakeview Partners,Fee - Lakeview Partners,Fee - Lakeview Partners
Exact Match,1.0,BK-S000186-B1,LD-S000186-L1,ACC1002,CAD,8099.01,8099.01,2026-03-09,2026-03-09,REF000186,REF000186,REF000186,REF000186,REF000186,Cedar Prime LP,Cedar Prime LP,Wire Out - Cedar Prime LP,Wire Out - Cedar Prime LP
Exact Match,1.0,BK-S000187-B1,LD-S000187-L1,ACC3001,CAD,19391.38,19391.38,2026-04-12,2026-04-12,REF000187,REF000187,REF000187,REF000187,REF000187,Evergreen Custody,Evergreen Custody,Wire In - Evergreen Custody,Wire In - Evergreen Custody
Exact Match,1.0,BK-S000188-B1,LD-S000188-L1,ACC1002,CAD,20417.05,20417.05,2026-04-14,2026-04-14,REF000188,REF000188,REF000188,REF000188,REF000188,Evergreen Custody,Evergreen Custody,Wire Out - Evergreen Custody,Wire Out - Evergreen Custody
Exact Match,1.0,BK-S000189-B1,LD-S000189-L1,ACC2002,USD,24270.13,24270.13,2026-04-13,2026-04-13,REF000189,REF000189,REF000189,REF000189,REF000189,North Ridge Treasury,North Ridge Treasury,Fee - North Ridge Treasury,Fee - North Ridge Treasury
Exact Match,1.0,BK-S000190-B1,LD-S000190-L1,ACC1002,CAD,20406.97,20406.97,2026-03-16,2026-03-16,REF000190,REF000190,REF000190,REF000190,REF000190,Summit Client Account,Summit Client Account,Deposit - Summit Client Account,Deposit - Summit Client Account
Exact Match,1.0,BK-S000191-B1,LD-S000191-L1,ACC3001,CAD,19674.98,19674.98,2026-03-30,2026-03-30,REF000191,REF000191,REF000191,REF000191,REF000191,RBC Banking Services,RBC Banking Services,Interest - RBC Banking Services,Interest - RBC Banking Services
Exact Match,1.0,BK-S000192-B1,LD-S000192-L1,ACC3001,CAD,482.53,482.53,2026-03-17,2026-03-17,REF000192,REF000192,REF000192,REF000192,REF000192,Pinebridge Vendor Services,Pinebridge Vendor Services,Wire Out - Pinebridge Vendor Services,Wire Out - Pinebridge Vendor Services
Exact Match,1.0,BK-S000193-B1,LD-S000193-L1,ACC3001,CAD,194.28,194.28,2026-03-19,2026-03-19,REF000193,REF000193,REF000193,REF000193,REF000193,Summit Client Account,Summit Client Account,Wire In - Summit Client Account,Wire In - Summit Client Account
Exact Match,1.0,BK-S000194-B1,LD-S000194-L1,ACC1001,CAD,23331.33,23331.33,2026-03-29,2026-03-29,REF000194,REF000194,REF000194,REF000194,REF000194,RBC Banking Services,RBC Banking Services,Wire Out - RBC Banking Services,Wire Out - RBC Banking Services
Exact Match,1.0,BK-S000195-B1,LD-S000195-L1,ACC2001,USD,9997.9,9997.9,2026-03-25,2026-03-25,REF000195,REF000195,REF000195,REF000195,REF000195,Bluewater Holdings,Bluewater Holdings,Wire Out - Bluewater Holdings,Wire Out - Bluewater Holdings
Exact Match,1.0,BK-S000196-B1,LD-S000196-L1,ACC2001,USD,875.66,875.66,2026-03-09,2026-03-09,REF000196,REF000196,REF000196,REF000196,REF000196,Summit Client Account,Summit Client Account,Wire Out - Summit Client Account,Wire Out - Summit Client Account
Exact Match,1.0,BK-S000197-B1,LD-S000197-L1,ACC2002,USD,121.3,121.3,2026-04-09,2026-04-09,REF000197,REF000197,REF000197,REF000197,REF000197,North Ridge Treasury,North Ridge Treasury,Interest - North Ridge Treasury,Interest - North Ridge Treasury
Exact Match,1.0,BK-S000198-B1,LD-S000198-L1,ACC3001,CAD,3668.48,3668.48,2026-04-08,2026-04-08,REF000198,REF000198,REF000198,REF000198,REF000198,North Ridge Treasury,North Ridge Treasury,Withdrawal - North Ridge Treasury,Withdrawal - North Ridge Treasury
Exact Match,1.0,BK-S000199-B1,LD-S000199-L1,ACC1001,CAD,15947.45,15947.45,2026-03-27,2026-03-27,REF000199,REF000199,REF000199,REF000199,REF000199,Cedar Prime LP,Cedar Prime LP,Wire Out - Cedar Prime LP,Wire Out - Cedar Prime LP
Exact Match,1.0,BK-S000200-B1,LD-S000200-L1,ACC3001,CAD,14801.14,14801.14,2026-03-02,2026-03-02,REF000200,REF000200,REF000200,REF000200,REF000200,Evergreen Custody,Evergreen Custody,Deposit - Evergreen Custody,Deposit - Evergreen Custody
Exact Match,1.0,BK-S000201-B1,LD-S000201-L1,ACC3001,CAD,5495.53,5495.53,2026-03-16,2026-03-16,REF000201,REF000201,REF000201,REF000201,REF000201,Cedar Prime LP,Cedar Prime LP,Fee - Cedar Prime LP,Fee - Cedar Prime LP
Exact Match,1.0,BK-S000202-B1,LD-S000202-L1,ACC3001,CAD,13182.94,13182.94,2026-04-02,2026-04-02,REF000202,REF000202,REF000202,REF000202,REF000202,Bluewater Holdings,Bluewater Holdings,Deposit - Bluewater Holdings,Deposit - Bluewater Holdings
Exact Match,1.0,BK-S000203-B1,LD-S000203-L1,ACC1001,CAD,7087.61,7087.61,2026-03-25,2026-03-25,REF000203,REF000203,REF000203,REF000203,REF000203,Bluewater Holdings,Bluewater Holdings,Withdrawal - Bluewater Holdings,Withdrawal - Bluewater Holdings
Exact Match,1.0,BK-S000204-B1,LD-S000204-L1,ACC2001,USD,19516.03,19516.03,2026-04-12,2026-04-12,REF000204,REF000204,REF000204,REF000204,REF000204,Pinebridge Vendor Services,Pinebridge Vendor Services,Wire Out - Pinebridge Vendor Services,Wire Out - Pinebridge Vendor Services
Exact Match,1.0,BK-S000205-B1,LD-S000205-L1,ACC3001,CAD,19699.42,19699.42,2026-04-11,2026-04-11,REF000205,REF000205,REF000205,REF000205,REF000205,Summit Client Account,Summit Client Account,Fee - Summit Client Account,Fee - Summit Client Account
Exact Match,1.0,BK-S000206-B1,LD-S000206-L1,ACC1002,CAD,23646.52,23646.52,2026-03-05,2026-03-05,REF000206,REF000206,REF000206,REF000206,REF000206,Bluewater Holdings,Bluewater Holdings,Wire Out - Bluewater Holdings,Wire Out - Bluewater Holdings
Exact Match,1.0,BK-S000207-B1,LD-S000207-L1,ACC1002,CAD,13369.21,13369.21,2026-03-21,2026-03-21,REF000207,REF000207,REF000207,REF000207,REF000207,Summit Client Account,Summit Client Account,Wire In - Summit Client Account,Wire In - Summit Client Account
Exact Match,1.0,BK-S000208-B1,LD-S000208-L1,ACC1002,CAD,2147.3,2147.3,2026-03-23,2026-03-23,REF000208,REF000208,REF000208,REF000208,REF000208,Pinebridge Vendor Services,Pinebridge Vendor Services,Fee - Pinebridge Vendor Services,Fee - Pinebridge Vendor Services
Exact Match,1.0,BK-S000209-B1,LD-S000209-L1,ACC2002,USD,10279.47,10279.47,2026-03-29,2026-03-29,REF000209,REF000209,REF000209,REF000209,REF000209,Evergreen Custody,Evergreen Custody,Interest - Evergreen Custody,Interest - Evergreen Custody
Exact Match,1.0,BK-S000210-B1,LD-S000210-L1,ACC2001,USD,18449.95,18449.95,2026-03-18,2026-03-18,REF000210,REF000210,REF000210,REF000210,REF000210,Cedar Prime LP,Cedar Prime LP,Deposit - Cedar Prime LP,Deposit - Cedar Prime LP
Exact Match,1.0,BK-S000211-B1,LD-S000211-L1,ACC3001,CAD,345.13,345.13,2026-03-21,2026-03-21,REF000211,REF000211,REF000211,REF000211,REF000211,North Ridge Treasury,North Ridge Treasury,Fee - North Ridge Treasury,Fee - North Ridge Treasury
Exact Match,1.0,BK-S000212-B1,LD-S000212-L1,ACC2002,USD,11731.11,11731.11,2026-04-14,2026-04-14,REF000212,REF000212,REF000212,REF000212,REF000212,Pinebridge Vendor Services,Pinebridge Vendor Services,Wire Out - Pinebridge Vendor Services,Wire Out - Pinebridge Vendor Services
Exact Match,1.0,BK-S000213-B1,LD-S000213-L1,ACC1001,CAD,9719.47,9719.47,2026-04-12,2026-04-12,REF000213,REF000213,REF000213,REF000213,REF000213,Evergreen Custody,Evergreen Custody,Wire In - Evergreen Custody,Wire In - Evergreen Custody
Exact Match,1.0,BK-S000214-B1,LD-S000214-L1,ACC2002,USD,750.66,750.66,2026-03-09,2026-03-09,REF000214,REF000214,REF000214,REF000214,REF000214,Pinebridge Vendor Services,Pinebridge Vendor Services,Wire In - Pinebridge Vendor Services,Wire In - Pinebridge Vendor Services
Exact Match,1.0,BK-S000215-B1,LD-S000215-L1,ACC1001,CAD,23771.76,23771.76,2026-03-10,2026-03-10,REF000215,REF000215,REF000215,REF000215,REF000215,Pinebridge Vendor Services,Pinebridge Vendor Services,Deposit - Pinebridge Vendor Services,Deposit - Pinebridge Vendor Services
Exact Match,1.0,BK-S000216-B1,LD-S000216-L1,ACC3001,CAD,8545.25,8545.25,2026-04-03,2026-04-03,REF000216,REF000216,REF000216,REF000216,REF000216,North Ridge Treasury,North Ridge Treasury,Wire Out - North Ridge Treasury,Wire Out - North Ridge Treasury
Exact Match,1.0,BK-S000217-B1,LD-S000217-L1,ACC1002,CAD,14480.15,14480.15,2026-04-03,2026-04-03,REF000217,REF000217,REF000217,REF000217,REF000217,North Ridge Treasury,North Ridge Treasury,Interest - North Ridge Treasury,Interest - North Ridge Treasury
Exact Match,1.0,BK-S000218-B1,LD-S000218-L1,ACC1002,CAD,24967.09,24967.09,2026-03-19,2026-03-19,REF000218,REF000218,REF000218,REF000218,REF000218,Lakeview Partners,Lakeview Partners,Deposit - Lakeview Partners,Deposit - Lakeview Partners
Exact Match,1.0,BK-S000219-B1,LD-S000219-L1,ACC2002,USD,3106.98,3106.98,2026-04-15,2026-04-15,REF000219,REF000219,REF000219,REF000219,REF000219,Pinebridge Vendor Services,Pinebridge Vendor Services,Wire Out - Pinebridge Vendor Services,Wire Out - Pinebridge Vendor Services
Exact Match,1.0,BK-S000220-B1,LD-S000220-L1,ACC1001,CAD,8198.96,8198.96,2026-04-04,2026-04-04,REF000220,REF000220,REF000220,REF000220,REF000220,Evergreen Custody,Evergreen Custody,Deposit - Evergreen Custody,Deposit - Evergreen Custody
Exact Match,1.0,BK-S000221-B1,LD-S000221-L1,ACC1002,CAD,24643.18,24643.18,2026-04-02,2026-04-02,REF000221,REF000221,REF000221,REF000221,REF000221,Evergreen Custody,Evergreen Custody,Fee - Evergreen Custody,Fee - Evergreen Custody
Exact Match,1.0,BK-S000222-B1,LD-S000222-L1,ACC1001,CAD,12217.74,12217.74,2026-04-05,2026-04-05,REF000222,REF000222,REF000222,REF000222,REF000222,Evergreen Custody,Evergreen Custody,Fee - Evergreen Custody,Fee - Evergreen Custody
Exact Match,1.0,BK-S000223-B1,LD-S000223-L1,ACC2001,USD,13616.7,13616.7,2026-04-15,2026-04-15,REF000223,REF000223,REF000223,REF000223,REF000223,RBC Banking Services,RBC Banking Services,Interest - RBC Banking Services,Interest - RBC Banking Services
Exact Match,1.0,BK-S000224-B1,LD-S000224-L1,ACC2001,USD,17322.62,17322.62,2026-03-05,2026-03-05,REF000224,REF000224,REF000224,REF000224,REF000224,Pinebridge Vendor Services,Pinebridge Vendor Services,Withdrawal - Pinebridge Vendor Services,Withdrawal - Pinebridge Vendor Services
Exact Match,1.0,BK-S000225-B1,LD-S000225-L1,ACC3001,CAD,22857.09,22857.09,2026-03-09,2026-03-09,REF000225,REF000225,REF000225,REF000225,REF000225,Bluewater Holdings,Bluewater Holdings,Wire Out - Bluewater Holdings,Wire Out - Bluewater Holdings
Exact Match,1.0,BK-S000226-B1,LD-S000226-L1,ACC2001,USD,18023.97,18023.97,2026-03-11,2026-03-11,REF000226,REF000226,REF000226,REF000226,REF000226,Pinebridge Vendor Services,Pinebridge Vendor Services,Wire Out - Pinebridge Vendor Services,Wire Out - Pinebridge Vendor Services
Exact Match,1.0,BK-S000227-B1,LD-S000227-L1,ACC2001,USD,7586.82,7586.82,2026-04-10,2026-04-10,REF000227,REF000227,REF000227,REF000227,REF000227,North Ridge Treasury,North Ridge Treasury,Wire Out - North Ridge Treasury,Wire Out - North Ridge Treasury
Exact Match,1.0,BK-S000228-B1,LD-S000228-L1,ACC3001,CAD,14935.52,14935.52,2026-03-11,2026-03-11,REF000228,REF000228,REF000228,REF000228,REF000228,Evergreen Custody,Evergreen Custody,Withdrawal - Evergreen Custody,Withdrawal - Evergreen Custody
Exact Match,1.0,BK-S000229-B1,LD-S000229-L1,ACC3001,CAD,827.4,827.4,2026-04-06,2026-04-06,REF000229,REF000229,REF000229,REF000229,REF000229,Cedar Prime LP,Cedar Prime LP,Fee - Cedar Prime LP,Fee - Cedar Prime LP
Exact Match,1.0,BK-S000230-B1,LD-S000230-L1,ACC2001,USD,10998.08,10998.08,2026-03-14,2026-03-14,REF000230,REF000230,REF000230,REF000230,REF000230,Bluewater Holdings,Bluewater Holdings,Withdrawal - Bluewater Holdings,Withdrawal - Bluewater Holdings
Exact Match,1.0,BK-S000231-B1,LD-S000231-L1,ACC2001,USD,20312.52,20312.52,2026-03-20,2026-03-20,REF000231,REF000231,REF000231,REF000231,REF000231,RBC Banking Services,RBC Banking Services,Withdrawal - RBC Banking Services,Withdrawal - RBC Banking Services
Exact Match,1.0,BK-S000232-B1,LD-S000232-L1,ACC1001,CAD,12146.61,12146.61,2026-03-29,2026-03-29,REF000232,REF000232,REF000232,REF000232,REF000232,Pinebridge Vendor Services,Pinebridge Vendor Services,Wire Out - Pinebridge Vendor Services,Wire Out - Pinebridge Vendor Services
Exact Match,1.0,BK-S000233-B1,LD-S000233-L1,ACC2001,USD,4138.39,4138.39,2026-03-23,2026-03-23,REF000233,REF000233,REF000233,REF000233,REF000233,Pinebridge Vendor Services,Pinebridge Vendor Services,Withdrawal - Pinebridge Vendor Services,Withdrawal - Pinebridge Vendor Services
Exact Match,1.0,BK-S000234-B1,LD-S000234-L1,ACC2001,USD,454.64,454.64,2026-03-30,2026-03-30,REF000234,REF000234,REF000234,REF000234,REF000234,Evergreen Custody,Evergreen Custody,Wire Out - Evergreen Custody,Wire Out - Evergreen Custody
Exact Match,1.0,BK-S000235-B1,LD-S000235-L1,ACC2002,USD,21767.38,21767.38,2026-03-27,2026-03-27,REF000235,REF000235,REF000235,REF000235,REF000235,Evergreen Custody,Evergreen Custody,Deposit - Evergreen Custody,Deposit - Evergreen Custody
Exact Match,1.0,BK-S000236-B1,LD-S000236-L1,ACC2001,USD,13353.4,13353.4,2026-03-11,2026-03-11,REF000236,REF000236,REF000236,REF000236,REF000236,Summit Client Account,Summit Client Account,Wire Out - Summit Client Account,Wire Out - Summit Client Account
Exact Match,1.0,BK-S000237-B1,LD-S000237-L1,ACC1001,CAD,6777.49,6777.49,2026-04-02,2026-04-02,REF000237,REF000237,REF000237,REF000237,REF000237,Pinebridge Vendor Services,Pinebridge Vendor Services,Interest - Pinebridge Vendor Services,Interest - Pinebridge Vendor Services
Exact Match,1.0,BK-S000238-B1,LD-S000238-L1,ACC2002,USD,7857.96,7857.96,2026-04-11,2026-04-11,REF000238,REF000238,REF000238,REF000238,REF000238,Bluewater Holdings,Bluewater Holdings,Deposit - Bluewater Holdings,Deposit - Bluewater Holdings
Exact Match,1.0,BK-S000239-B1,LD-S000239-L1,ACC2001,USD,9782.5,9782.5,2026-03-24,2026-03-24,REF000239,REF000239,REF000239,REF000239,REF000239,RBC Banking Services,RBC Banking Services,Withdrawal - RBC Banking Services,Withdrawal - RBC Banking Services
Exact Match,1.0,BK-S000240-B1,LD-S000240-L1,ACC1002,CAD,10272.37,10272.37,2026-04-05,2026-04-05,REF000240,REF000240,REF000240,REF000240,REF000240,Summit Client Account,Summit Client Account,Fee - Summit Client Account,Fee - Summit Client Account
Exact Match,1.0,BK-S000241-B1,LD-S000241-L1,ACC3001,CAD,10453.69,10453.69,2026-03-09,2026-03-09,REF000241,REF000241,REF000241,REF000241,REF000241,Pinebridge Vendor Services,Pinebridge Vendor Services,Wire In - Pinebridge Vendor Services,Wire In - Pinebridge Vendor Services
Exact Match,1.0,BK-S000242-B1,LD-S000242-L1,ACC1002,CAD,1966.12,1966.12,2026-04-02,2026-04-02,REF000242,REF000242,REF000242,REF000242,REF000242,Bluewater Holdings,Bluewater Holdings,Deposit - Bluewater Holdings,Deposit - Bluewater Holdings
Exact Match,1.0,BK-S000243-B1,LD-S000243-L1,ACC2002,USD,853.82,853.82,2026-03-30,2026-03-30,REF000243,REF000243,REF000243,REF000243,REF000243,Evergreen Custody,Evergreen Custody,Deposit - Evergreen Custody,Deposit - Evergreen Custody
Exact Match,1.0,BK-S000244-B1,LD-S000244-L1,ACC1002,CAD,8181.62,8181.62,2026-04-09,2026-04-09,REF000244,REF000244,REF000244,REF000244,REF000244,Pinebridge Vendor Services,Pinebridge Vendor Services,Interest - Pinebridge Vendor Services,Interest - Pinebridge Vendor Services
Exact Match,1.0,BK-S000245-B1,LD-S000245-L1,ACC3001,CAD,12397.42,12397.42,2026-04-15,2026-04-15,REF000245,REF000245,REF000245,REF000245,REF000245,Bluewater Holdings,Bluewater Holdings,Interest - Bluewater Holdings,Interest - Bluewater Holdings
Exact Match,1.0,BK-S000246-B1,LD-S000246-L1,ACC1001,CAD,22570.41,22570.41,2026-04-07,2026-04-07,REF000246,REF000246,REF000246,REF000246,REF000246,Bluewater Holdings,Bluewater Holdings,Interest - Bluewater Holdings,Interest - Bluewater Holdings
Exact Match,1.0,BK-S000247-B1,LD-S000247-L1,ACC3001,CAD,15004.56,15004.56,2026-03-15,2026-03-15,REF000247,REF000247,REF000247,REF000247,REF000247,Evergreen Custody,Evergreen Custody,Deposit - Evergreen Custody,Deposit - Evergreen Custody
Exact Match,1.0,BK-S000248-B1,LD-S000248-L1,ACC3001,CAD,6812.72,6812.72,2026-03-10,2026-03-10,REF000248,REF000248,REF000248,REF000248,REF000248,Cedar Prime LP,Cedar Prime LP,Interest - Cedar Prime LP,Interest - Cedar Prime LP
Exact Match,1.0,BK-S000249-B1,LD-S000249-L1,ACC2001,USD,5893.4,5893.4,2026-03-10,2026-03-10,REF000249,REF000249,REF000249,REF000249,REF000249,Summit Client Account,Summit Client Account,Interest - Summit Client Account,Interest - Summit Client Account
Exact Match,1.0,BK-S000250-B1,LD-S000250-L1,ACC1002,CAD,24954.95,24954.95,2026-03-14,2026-03-14,REF000250,REF000250,REF000250,REF000250,REF000250,Summit Client Account,Summit Client Account,Deposit - Summit Client Account,Deposit - Summit Client Account
Exact Match,1.0,BK-S000461-B1,LD-S000461-L1,ACC1002,CAD,10681.44,10681.44,2026-03-28,2026-03-28,REF000461,REF000461,REF000461,REF000461,REF000461,Summit Client Account,Summit Client Account,Deposit - Summit Client Account,Deposit - Summit Client Account
Exact Match,1.0,BK-S000462-B1,LD-S000462-L1,ACC3001,CAD,22408.15,22408.15,2026-03-24,2026-03-24,REF000462,REF000462,REF000462,REF000462,REF000462,Lakeview Partners,Lakeview Partners,Wire Out - Lakeview Partners,Wire Out - Lakeview Partners
Exact Match,1.0,BK-S000463-B1,LD-S000463-L1,ACC1002,CAD,8490.21,8490.21,2026-04-14,2026-04-14,REF000463,REF000463,REF000463,REF000463,REF000463,Cedar Prime LP,Cedar Prime LP,Wire Out - Cedar Prime LP,Wire Out - Cedar Prime LP
Exact Match,1.0,BK-S000464-B1,LD-S000464-L1,ACC2001,USD,8156.85,8156.85,2026-03-05,2026-03-05,REF000464,REF000464,REF000464,REF000464,REF000464,North Ridge Treasury,North Ridge Treasury,Wire Out - North Ridge Treasury,Wire Out - North Ridge Treasury
Exact Match,1.0,BK-S000465-B1,LD-S000465-L1,ACC3001,CAD,17482.72,17482.72,2026-03-22,2026-03-22,REF000465,REF000465,REF000465,REF000465,REF000465,Evergreen Custody,Evergreen Custody,Deposit - Evergreen Custody,Deposit - Evergreen Custody
Exact Match,1.0,BK-S000466-B1,LD-S000466-L1,ACC1002,CAD,251.89,251.89,2026-03-26,2026-03-26,REF000466,REF000466,REF000466,REF000466,REF000466,Evergreen Custody,Evergreen Custody,Wire Out - Evergreen Custody,Wire Out - Evergreen Custody
Exact Match,1.0,BK-S000467-B1,LD-S000467-L1,ACC3001,CAD,690.0,690.0,2026-03-11,2026-03-11,REF000467,REF000467,REF000467,REF000467,REF000467,Bluewater Holdings,Bluewater Holdings,Deposit - Bluewater Holdings,Deposit - Bluewater Holdings
Exact Match,1.0,BK-S000468-B1,LD-S000468-L1,ACC2001,USD,945.21,945.21,2026-04-09,2026-04-09,REF000468,REF000468,REF000468,REF000468,REF000468,Cedar Prime LP,Cedar Prime LP,Deposit - Cedar Prime LP,Deposit - Cedar Prime LP
Exact Match,1.0,BK-S000469-B1,LD-S000469-L1,ACC1001,CAD,10126.09,10126.09,2026-03-08,2026-03-08,REF000469,REF000469,REF000469,REF000469,REF000469,North Ridge Treasury,North Ridge Treasury,Withdrawal - North Ridge Treasury,Withdrawal - North Ridge Treasury
Exact Match,1.0,BK-S000470-B1,LD-S000470-L1,ACC1002,CAD,8226.79,8226.79,2026-04-13,2026-04-13,REF000470,REF000470,REF000470,REF000470,REF000470,Cedar Prime LP,Cedar Prime LP,Withdrawal - Cedar Prime LP,Withdrawal - Cedar Prime LP
Exact Match,1.0,BK-S000471-B1,LD-S000471-L1,ACC3001,CAD,797.59,797.59,2026-04-14,2026-04-14,REF000471,REF000471,REF000471,REF000471,REF000471,Cedar Prime LP,Cedar Prime LP,Deposit - Cedar Prime LP,Deposit - Cedar Prime LP
Exact Match,1.0,BK-S000472-B1,LD-S000472-L1,ACC1001,CAD,12945.74,12945.74,2026-03-08,2026-03-08,REF000472,REF000472,REF000472,REF000472,REF000472,Lakeview Partners,Lakeview Partners,Fee - Lakeview Partners,Fee - Lakeview Partners
Exact Match,1.0,BK-S000473-B1,LD-S000473-L1,ACC1002,CAD,4848.97,4848.97,2026-04-15,2026-04-15,REF000473,REF000473,REF000473,REF000473,REF000473,Summit Client Account,Summit Client Account,Fee - Summit Client Account,Fee - Summit Client Account
Exact Match,1.0,BK-S000474-B1,LD-S000474-L1,ACC2001,USD,130.1,130.1,2026-03-01,2026-03-01,REF000474,REF000474,REF000474,REF000474,REF000474,Cedar Prime LP,Cedar Prime LP,Wire Out - Cedar Prime LP,Wire Out - Cedar Prime LP
Exact Match,1.0,BK-S000475-B1,LD-S000475-L1,ACC1002,CAD,701.22,701.22,2026-04-02,2026-04-02,REF000475,REF000475,REF000475,REF000475,REF000475,North Ridge Treasury,North Ridge Treasury,Wire In - North Ridge Treasury,Wire In - North Ridge Treasury
Exact Match,1.0,BK-S000476-B1,LD-S000476-L1,ACC2001,USD,781.86,781.86,2026-03-30,2026-03-30,REF000476,REF000476,REF000476,REF000476,REF000476,Bluewater Holdings,Bluewater Holdings,Fee - Bluewater Holdings,Fee - Bluewater Holdings
Exact Match,1.0,BK-S000477-B1,LD-S000477-L1,ACC2001,USD,732.38,732.38,2026-03-08,2026-03-08,REF000477,REF000477,REF000477,REF000477,REF000477,Bluewater Holdings,Bluewater Holdings,Interest - Bluewater Holdings,Interest - Bluewater Holdings
Exact Match,1.0,BK-S000478-B1,LD-S000478-L1,ACC1002,CAD,23922.14,23922.14,2026-03-23,2026-03-23,REF000478,REF000478,REF000478,REF000478,REF000478,North Ridge Treasury,North Ridge Treasury,Fee - North Ridge Treasury,Fee - North Ridge Treasury
Exact Match,1.0,BK-S000479-B1,LD-S000479-L1,ACC2001,USD,24095.44,24095.44,2026-03-08,2026-03-08,REF000479,REF000479,REF000479,REF000479,REF000479,North Ridge Treasury,North Ridge Treasury,Wire Out - North Ridge Treasury,Wire Out - North Ridge Treasury
Exact Match,1.0,BK-S000480-B1,LD-S000480-L1,ACC2002,USD,676.55,676.55,2026-03-11,2026-03-11,REF000480,REF000480,REF000480,REF000480,REF000480,Bluewater Holdings,Bluewater Holdings,Withdrawal - Bluewater Holdings,Withdrawal - Bluewater Holdings
Exact Match,1.0,BK-S000481-B1,LD-S000481-L1,ACC3001,CAD,5350.25,5350.25,2026-04-06,2026-04-06,REF000481,REF000481,REF000481,REF000481,REF000481,RBC Banking Services,RBC Banking Services,Interest - RBC Banking Services,Interest - RBC Banking Services
Exact Match,1.0,BK-S000482-B1,LD-S000482-L1,ACC1002,CAD,420.16,420.16,2026-04-01,2026-04-01,REF000482,REF000482,REF000482,REF000482,REF000482,Bluewater Holdings,Bluewater Holdings,Interest - Bluewater Holdings,Interest - Bluewater Holdings
Exact Match,1.0,BK-S000483-B1,LD-S000483-L1,ACC2001,USD,13595.63,13595.63,2026-04-15,2026-04-15,REF000483,REF000483,REF000483,REF000483,REF000483,Lakeview Partners,Lakeview Partners,Wire In - Lakeview Partners,Wire In - Lakeview Partners
Exact Match,1.0,BK-S000484-B1,LD-S000484-L1,ACC3001,CAD,3285.81,3285.81,2026-04-14,2026-04-14,REF000484,REF000484,REF000484,REF000484,REF000484,Lakeview Partners,Lakeview Partners,Deposit - Lakeview Partners,Deposit - Lakeview Partners
Exact Match,1.0,BK-S000485-B1,LD-S000485-L1,ACC2002,USD,15709.94,15709.94,2026-04-05,2026-04-05,REF000485,REF000485,REF000485,REF000485,REF000485,Bluewater Holdings,Bluewater Holdings,Wire Out - Bluewater Holdings,Wire Out - Bluewater Holdings
Exact Match,1.0,BK-S000486-B1,LD-S000486-L1,ACC2002,USD,492.48,492.48,2026-03-11,2026-03-11,REF000486,REF000486,REF000486,REF000486,REF000486,Lakeview Partners,Lakeview Partners,Interest - Lakeview Partners,Interest - Lakeview Partners
Exact Match,1.0,BK-S000487-B1,LD-S000487-L1,ACC3001,CAD,10678.65,10678.65,2026-04-05,2026-04-05,REF000487,REF000487,REF000487,REF000487,REF000487,Lakeview Partners,Lakeview Partners,Wire Out - Lakeview Partners,Wire Out - Lakeview Partners
Exact Match,1.0,BK-S000488-B1,LD-S000488-L1,ACC3001,CAD,11729.63,11729.63,2026-03-06,2026-03-06,REF000488,REF000488,REF000488,REF000488,REF000488,Cedar Prime LP,Cedar Prime LP,Interest - Cedar Prime LP,Interest - Cedar Prime LP
Exact Match,1.0,BK-S000489-B1,LD-S000489-L1,ACC1001,CAD,14371.14,14371.14,2026-03-26,2026-03-26,REF000489,REF000489,REF000489,REF000489,REF000489,Bluewater Holdings,Bluewater Holdings,Wire In - Bluewater Holdings,Wire In - Bluewater Holdings
Exact Match,1.0,BK-S000490-B1,LD-S000490-L1,ACC3001,CAD,14495.98,14495.98,2026-03-20,2026-03-20,REF000490,REF000490,REF000490,REF000490,REF000490,Summit Client Account,Summit Client Account,Withdrawal - Summit Client Account,Withdrawal - Summit Client Account
Exact Match,1.0,BK-S000491-B1,LD-S000491-L1,ACC1002,CAD,15874.19,15874.19,2026-03-22,2026-03-22,REF000491,REF000491,REF000491,REF000491,REF000491,Summit Client Account,Summit Client Account,Interest - Summit Client Account,Interest - Summit Client Account
Exact Match,1.0,BK-S000492-B1,LD-S000492-L1,ACC2002,USD,6321.93,6321.93,2026-03-07,2026-03-07,REF000492,REF000492,REF000492,REF000492,REF000492,Pinebridge Vendor Services,Pinebridge Vendor Services,Wire In - Pinebridge Vendor Services,Wire In - Pinebridge Vendor Services
Exact Match,1.0,BK-S000493-B1,LD-S000493-L1,ACC2001,USD,3551.73,3551.73,2026-04-03,2026-04-03,REF000493,REF000493,REF000493,REF000493,REF000493,Evergreen Custody,Evergreen Custody,Deposit - Evergreen Custody,Deposit - Evergreen Custody
Exact Match,1.0,BK-S000494-B1,LD-S000494-L1,ACC2002,USD,5501.04,5501.04,2026-03-17,2026-03-17,REF000494,REF000494,REF000494,REF000494,REF000494,RBC Banking Services,RBC Banking Services,Wire In - RBC Banking Services,Wire In - RBC Banking Services
Exact Match,1.0,BK-S000495-B1,LD-S000495-L1,ACC2001,USD,619.92,619.92,2026-03-27,2026-03-27,REF000495,REF000495,REF000495,REF000495,REF000495,Cedar Prime LP,Cedar Prime LP,Wire In - Cedar Prime LP,Wire In - Cedar Prime LP
Exact Match,1.0,BK-S000496-B1,LD-S000496-L1,ACC3001,CAD,1104.1,1104.1,2026-03-09,2026-03-09,REF000496,REF000496,REF000496,REF000496,REF000496,Bluewater Holdings,Bluewater Holdings,Deposit - Bluewater Holdings,Deposit - Bluewater Holdings
Exact Match,1.0,BK-S000497-B1,LD-S000497-L1,ACC2002,USD,5167.61,5167.61,2026-03-12,2026-03-12,REF000497,REF000497,REF000497,REF000497,REF000497,Evergreen Custody,Evergreen Custody,Deposit - Evergreen Custody,Deposit - Evergreen Custody
Exact Match,1.0,BK-S000498-B1,LD-S000498-L1,ACC3001,CAD,10231.9,10231.9,2026-03-21,2026-03-21,REF000498,REF000498,REF000498,REF000498,REF000498,Lakeview Partners,Lakeview Partners,Deposit - Lakeview Partners,Deposit - Lakeview Partners
Exact Match,1.0,BK-S000499-B1,LD-S000499-L1,ACC2001,USD,592.27,592.27,2026-03-09,2026-03-09,REF000499,REF000499,REF000499,REF000499,REF000499,North Ridge Treasury,North Ridge Treasury,Interest - North Ridge Treasury,Interest - North Ridge Treasury
Exact Match,1.0,BK-S000500-B1,LD-S000500-L1,ACC3001,CAD,15980.02,15980.02,2026-03-14,2026-03-14,REF000500,REF000500,REF000500,REF000500,REF000500,North Ridge Treasury,North Ridge Treasury,Withdrawal - North Ridge Treasury,Withdrawal - North Ridge Treasury
Exact Match,1.0,BK-S000576-B1,LD-S000576-L1,ACC3001,CAD,8200.82,8200.82,2026-03-21,2026-03-21,REF000576,REF000576,REF000576,REF000576,REF000576,Bluewater Holdings,Bluewater Holdings,Deposit - Bluewater Holdings,Deposit - Bluewater Holdings
Exact Match,1.0,BK-S000577-B1,LD-S000577-L1,ACC1002,CAD,12436.95,12436.95,2026-03-14,2026-03-14,REF000577,REF000577,REF000577,REF000577,REF000577,Cedar Prime LP,Cedar Prime LP,Wire In - Cedar Prime LP,Wire In - Cedar Prime LP
Exact Match,1.0,BK-S000578-B1,LD-S000578-L1,ACC2001,USD,23364.27,23364.27,2026-03-24,2026-03-24,REF000578,REF000578,REF000578,REF000578,REF000578,North Ridge Treasury,North Ridge Treasury,Fee - North Ridge Treasury,Fee - North Ridge Treasury
Exact Match,1.0,BK-S000579-B1,LD-S000579-L1,ACC1001,CAD,5774.99,5774.99,2026-04-13,2026-04-13,REF000579,REF000579,REF000579,REF000579,REF000579,Evergreen Custody,Evergreen Custody,Fee - Evergreen Custody,Fee - Evergreen Custody
Exact Match,1.0,BK-S000580-B1,LD-S000580-L1,ACC3001,CAD,10145.7,10145.7,2026-03-29,2026-03-29,REF000580,REF000580,REF000580,REF000580,REF000580,North Ridge Treasury,North Ridge Treasury,Interest - North Ridge Treasury,Interest - North Ridge Treasury
Exact Match,1.0,BK-S000581-B1,LD-S000581-L1,ACC1002,CAD,15695.44,15695.44,2026-03-22,2026-03-22,REF000581,REF000581,REF000581,REF000581,REF000581,RBC Banking Services,RBC Banking Services,Withdrawal - RBC Banking Services,Withdrawal - RBC Banking Services
Exact Match,1.0,BK-S000582-B1,LD-S000582-L1,ACC2001,USD,7992.55,7992.55,2026-03-21,2026-03-21,REF000582,REF000582,REF000582,REF000582,REF000582,North Ridge Treasury,North Ridge Treasury,Wire Out - North Ridge Treasury,Wire Out - North Ridge Treasury
Exact Match,1.0,BK-S000583-B1,LD-S000583-L1,ACC2001,USD,13502.46,13502.46,2026-03-24,2026-03-24,REF000583,REF000583,REF000583,REF000583,REF000583,Summit Client Account,Summit Client Account,Interest - Summit Client Account,Interest - Summit Client Account
Exact Match,1.0,BK-S000584-B1,LD-S000584-L1,ACC1001,CAD,23570.5,23570.5,2026-03-16,2026-03-16,REF000584,REF000584,REF000584,REF000584,REF000584,Cedar Prime LP,Cedar Prime LP,Wire Out - Cedar Prime LP,Wire Out - Cedar Prime LP
Exact Match,1.0,BK-S000585-B1,LD-S000585-L1,ACC1001,CAD,12356.46,12356.46,2026-03-05,2026-03-05,REF000585,REF000585,REF000585,REF000585,REF000585,Bluewater Holdings,Bluewater Holdings,Wire In - Bluewater Holdings,Wire In - Bluewater Holdings
Potential Timing Difference,0.95,BK-S000251-B1,LD-S000251-L1,ACC1002,CAD,9502.89,9502.89,2026-04-04,2026-04-06,REF000251,REF000251,REF000251,REF000251,REF000251,North Ridge Treasury,North Ridge Treasury,Interest - North Ridge Treasury,Interest - North Ridge Treasury
Potential Timing Difference,0.95,BK-S000252-B1,LD-S000252-L1,ACC2001,USD,24349.86,24349.86,2026-03-20,2026-03-21,REF000252,REF000252,REF000252,REF000252,REF000252,North Ridge Treasury,North Ridge Treasury,Deposit - North Ridge Treasury,Deposit - North Ridge Treasury
Potential Timing Difference,0.95,BK-S000253-B1,LD-S000253-L1,ACC2002,USD,23408.81,23408.81,2026-03-31,2026-04-01,REF000253,REF000253,REF000253,REF000253,REF000253,North Ridge Treasury,North Ridge Treasury,Fee - North Ridge Treasury,Fee - North Ridge Treasury
Potential Timing Difference,0.95,BK-S000254-B1,LD-S000254-L1,ACC3001,CAD,23910.61,23910.61,2026-03-26,2026-03-27,REF000254,REF000254,REF000254,REF000254,REF000254,Evergreen Custody,Evergreen Custody,Interest - Evergreen Custody,Interest - Evergreen Custody
Potential Timing Difference,0.95,BK-S000255-B1,LD-S000255-L1,ACC1001,CAD,18936.12,18936.12,2026-03-29,2026-03-31,REF000255,REF000255,REF000255,REF000255,REF000255,Lakeview Partners,Lakeview Partners,Fee - Lakeview Partners,Fee - Lakeview Partners
Potential Timing Difference,0.95,BK-S000256-B1,LD-S000256-L1,ACC2001,USD,15083.93,15083.93,2026-03-07,2026-03-08,REF000256,REF000256,REF000256,REF000256,REF000256,Lakeview Partners,Lakeview Partners,Wire Out - Lakeview Partners,Wire Out - Lakeview Partners
Potential Timing Difference,0.95,BK-S000257-B1,LD-S000257-L1,ACC1001,CAD,12337.69,12337.69,2026-03-27,2026-03-28,REF000257,REF000257,REF000257,REF000257,REF000257,Evergreen Custody,Evergreen Custody,Wire In - Evergreen Custody,Wire In - Evergreen Custody
Potential Timing Difference,0.95,BK-S000258-B1,LD-S000258-L1,ACC2002,USD,24133.94,24133.94,2026-04-11,2026-04-12,REF000258,REF000258,REF000258,REF000258,REF000258,Pinebridge Vendor Services,Pinebridge Vendor Services,Interest - Pinebridge Vendor Services,Interest - Pinebridge Vendor Services
Potential Timing Difference,0.95,BK-S000259-B1,LD-S000259-L1,ACC3001,CAD,21407.99,21407.99,2026-04-04,2026-04-06,REF000259,REF000259,REF000259,REF000259,REF000259,Bluewater Holdings,Bluewater Holdings,Wire Out - Bluewater Holdings,Wire Out - Bluewater Holdings
Potential Timing Difference,0.95,BK-S000260-B1,LD-S000260-L1,ACC1001,CAD,18976.08,18976.08,2026-04-01,2026-04-02,REF000260,REF000260,REF000260,REF000260,REF000260,North Ridge Treasury,North Ridge Treasury,Interest - North Ridge Treasury,Interest - North Ridge Treasury
Potential Timing Difference,0.95,BK-S000261-B1,LD-S000261-L1,ACC3001,CAD,24738.39,24738.39,2026-03-22,2026-03-24,REF000261,REF000261,REF000261,REF000261,REF000261,Summit Client Account,Summit Client Account,Wire In - Summit Client Account,Wire In - Summit Client Account
Potential Timing Difference,0.95,BK-S000262-B1,LD-S000262-L1,ACC1001,CAD,16558.85,16558.85,2026-03-11,2026-03-13,REF000262,REF000262,REF000262,REF000262,REF000262,Evergreen Custody,Evergreen Custody,Fee - Evergreen Custody,Fee - Evergreen Custody
Potential Timing Difference,0.95,BK-S000263-B1,LD-S000263-L1,ACC3001,CAD,21547.52,21547.52,2026-03-13,2026-03-15,REF000263,REF000263,REF000263,REF000263,REF000263,RBC Banking Services,RBC Banking Services,Withdrawal - RBC Banking Services,Withdrawal - RBC Banking Services
Potential Timing Difference,0.95,BK-S000264-B1,LD-S000264-L1,ACC1001,CAD,23459.81,23459.81,2026-03-09,2026-03-11,REF000264,REF000264,REF000264,REF000264,REF000264,Bluewater Holdings,Bluewater Holdings,Wire Out - Bluewater Holdings,Wire Out - Bluewater Holdings
Potential Timing Difference,0.95,BK-S000265-B1,LD-S000265-L1,ACC2001,USD,14749.06,14749.06,2026-03-20,2026-03-22,REF000265,REF000265,REF000265,REF000265,REF000265,North Ridge Treasury,North Ridge Treasury,Fee - North Ridge Treasury,Fee - North Ridge Treasury
Potential Timing Difference,0.95,BK-S000266-B1,LD-S000266-L1,ACC1001,CAD,4833.2,4833.2,2026-03-08,2026-03-09,REF000266,REF000266,REF000266,REF000266,REF000266,North Ridge Treasury,North Ridge Treasury,Withdrawal - North Ridge Treasury,Withdrawal - North Ridge Treasury
Potential Timing Difference,0.95,BK-S000267-B1,LD-S000267-L1,ACC2001,USD,4205.65,4205.65,2026-03-15,2026-03-17,REF000267,REF000267,REF000267,REF000267,REF000267,Evergreen Custody,Evergreen Custody,Deposit - Evergreen Custody,Deposit - Evergreen Custody
Potential Timing Difference,0.95,BK-S000268-B1,LD-S000268-L1,ACC3001,CAD,20814.48,20814.48,2026-04-04,2026-04-05,REF000268,REF000268,REF000268,REF000268,REF000268,Lakeview Partners,Lakeview Partners,Interest - Lakeview Partners,Interest - Lakeview Partners
Potential Timing Difference,0.95,BK-S000269-B1,LD-S000269-L1,ACC3001,CAD,557.75,557.75,2026-03-24,2026-03-25,REF000269,REF000269,REF000269,REF000269,REF000269,Bluewater Holdings,Bluewater Holdings,Withdrawal - Bluewater Holdings,Withdrawal - Bluewater Holdings
Potential Timing Difference,0.95,BK-S000270-B1,LD-S000270-L1,ACC1002,CAD,11604.17,11604.17,2026-03-21,2026-03-23,REF000270,REF000270,REF000270,REF000270,REF000270,Lakeview Partners,Lakeview Partners,Wire Out - Lakeview Partners,Wire Out - Lakeview Partners
Potential Timing Difference,0.95,BK-S000271-B1,LD-S000271-L1,ACC2002,USD,423.88,423.88,2026-03-30,2026-04-01,REF000271,REF000271,REF000271,REF000271,REF000271,Bluewater Holdings,Bluewater Holdings,Wire In - Bluewater Holdings,Wire In - Bluewater Holdings
Potential Timing Difference,0.95,BK-S000272-B1,LD-S000272-L1,ACC1001,CAD,18899.31,18899.31,2026-03-17,2026-03-19,REF000272,REF000272,REF000272,REF000272,REF000272,Cedar Prime LP,Cedar Prime LP,Interest - Cedar Prime LP,Interest - Cedar Prime LP
Potential Timing Difference,0.95,BK-S000273-B1,LD-S000273-L1,ACC1001,CAD,2656.46,2656.46,2026-03-04,2026-03-06,REF000273,REF000273,REF000273,REF000273,REF000273,Summit Client Account,Summit Client Account,Deposit - Summit Client Account,Deposit - Summit Client Account
Potential Timing Difference,0.95,BK-S000274-B1,LD-S000274-L1,ACC1002,CAD,9987.06,9987.06,2026-04-11,2026-04-13,REF000274,REF000274,REF000274,REF000274,REF000274,RBC Banking Services,RBC Banking Services,Withdrawal - RBC Banking Services,Withdrawal - RBC Banking Services
Potential Timing Difference,0.95,BK-S000275-B1,LD-S000275-L1,ACC3001,CAD,3847.2,3847.2,2026-04-11,2026-04-12,REF000275,REF000275,REF000275,REF000275,REF000275,RBC Banking Services,RBC Banking Services,Wire Out - RBC Banking Services,Wire Out - RBC Banking Services
Potential Timing Difference,0.95,BK-S000276-B1,LD-S000276-L1,ACC1001,CAD,18258.26,18258.26,2026-03-20,2026-03-22,REF000276,REF000276,REF000276,REF000276,REF000276,RBC Banking Services,RBC Banking Services,Wire In - RBC Banking Services,Wire In - RBC Banking Services
Potential Timing Difference,0.95,BK-S000277-B1,LD-S000277-L1,ACC1002,CAD,5523.53,5523.53,2026-03-23,2026-03-25,REF000277,REF000277,REF000277,REF000277,REF000277,Cedar Prime LP,Cedar Prime LP,Interest - Cedar Prime LP,Interest - Cedar Prime LP
Potential Timing Difference,0.95,BK-S000278-B1,LD-S000278-L1,ACC1002,CAD,80.22,80.22,2026-03-05,2026-03-06,REF000278,REF000278,REF000278,REF000278,REF000278,Bluewater Holdings,Bluewater Holdings,Wire Out - Bluewater Holdings,Wire Out - Bluewater Holdings
Potential Timing Difference,0.95,BK-S000279-B1,LD-S000279-L1,ACC1002,CAD,19625.53,19625.53,2026-03-14,2026-03-16,REF000279,REF000279,REF000279,REF000279,REF000279,Evergreen Custody,Evergreen Custody,Deposit - Evergreen Custody,Deposit - Evergreen Custody
Potential Timing Difference,0.95,BK-S000280-B1,LD-S000280-L1,ACC3001,CAD,17140.77,17140.77,2026-04-06,2026-04-08,REF000280,REF000280,REF000280,REF000280,REF000280,Pinebridge Vendor Services,Pinebridge Vendor Services,Fee - Pinebridge Vendor Services,Fee - Pinebridge Vendor Services
Potential Timing Difference,0.95,BK-S000281-B1,LD-S000281-L1,ACC3001,CAD,2462.98,2462.98,2026-03-27,2026-03-29,REF000281,REF000281,REF000281,REF000281,REF000281,Evergreen Custody,Evergreen Custody,Wire Out - Evergreen Custody,Wire Out - Evergreen Custody
Potential Timing Difference,0.95,BK-S000282-B1,LD-S000282-L1,ACC1001,CAD,19859.31,19859.31,2026-04-11,2026-04-13,REF000282,REF000282,REF000282,REF000282,REF000282,Pinebridge Vendor Services,Pinebridge Vendor Services,Fee - Pinebridge Vendor Services,Fee - Pinebridge Vendor Services
Potential Timing Difference,0.95,BK-S000283-B1,LD-S000283-L1,ACC2001,USD,12364.45,12364.45,2026-03-12,2026-03-13,REF000283,REF000283,REF000283,REF000283,REF000283,Lakeview Partners,Lakeview Partners,Interest - Lakeview Partners,Interest - Lakeview Partners
Potential Timing Difference,0.95,BK-S000284-B1,LD-S000284-L1,ACC1001,CAD,14374.88,14374.88,2026-03-27,2026-03-28,REF000284,REF000284,REF000284,REF000284,REF000284,Evergreen Custody,Evergreen Custody,Deposit - Evergreen Custody,Deposit - Evergreen Custody
Potential Timing Difference,0.95,BK-S000285-B1,LD-S000285-L1,ACC2001,USD,21331.2,21331.2,2026-03-06,2026-03-07,REF000285,REF000285,REF000285,REF000285,REF000285,Cedar Prime LP,Cedar Prime LP,Withdrawal - Cedar Prime LP,Withdrawal - Cedar Prime LP
Potential Timing Difference,0.95,BK-S000286-B1,LD-S000286-L1,ACC2002,USD,21966.89,21966.89,2026-04-08,2026-04-09,REF000286,REF000286,REF000286,REF000286,REF000286,Lakeview Partners,Lakeview Partners,Withdrawal - Lakeview Partners,Withdrawal - Lakeview Partners
Potential Timing Difference,0.95,BK-S000287-B1,LD-S000287-L1,ACC2001,USD,5560.57,5560.57,2026-03-01,2026-03-03,REF000287,REF000287,REF000287,REF000287,REF000287,Cedar Prime LP,Cedar Prime LP,Fee - Cedar Prime LP,Fee - Cedar Prime LP
Potential Timing Difference,0.95,BK-S000288-B1,LD-S000288-L1,ACC3001,CAD,6743.94,6743.94,2026-03-14,2026-03-16,REF000288,REF000288,REF000288,REF000288,REF000288,Pinebridge Vendor Services,Pinebridge Vendor Services,Withdrawal - Pinebridge Vendor Services,Withdrawal - Pinebridge Vendor Services
Potential Timing Difference,0.95,BK-S000289-B1,LD-S000289-L1,ACC2001,USD,22187.49,22187.49,2026-03-17,2026-03-19,REF000289,REF000289,REF000289,REF000289,REF000289,Summit Client Account,Summit Client Account,Fee - Summit Client Account,Fee - Summit Client Account
Potential Timing Difference,0.95,BK-S000290-B1,LD-S000290-L1,ACC1002,CAD,14500.59,14500.59,2026-03-21,2026-03-22,REF000290,REF000290,REF000290,REF000290,REF000290,Lakeview Partners,Lakeview Partners,Fee - Lakeview Partners,Fee - Lakeview Partners
Potential Timing Difference,0.95,BK-S000291-B1,LD-S000291-L1,ACC3001,CAD,8084.61,8084.61,2026-04-07,2026-04-08,REF000291,REF000291,REF000291,REF000291,REF000291,Lakeview Partners,Lakeview Partners,Deposit - Lakeview Partners,Deposit - Lakeview Partners
Potential Timing Difference,0.95,BK-S000292-B1,LD-S000292-L1,ACC1002,CAD,17436.32,17436.32,2026-04-05,2026-04-07,REF000292,REF000292,REF000292,REF000292,REF000292,North Ridge Treasury,North Ridge Treasury,Interest - North Ridge Treasury,Interest - North Ridge Treasury
Potential Timing Difference,0.95,BK-S000293-B1,LD-S000293-L1,ACC2001,USD,12719.59,12719.59,2026-03-09,2026-03-10,REF000293,REF000293,REF000293,REF000293,REF000293,Bluewater Holdings,Bluewater Holdings,Wire Out - Bluewater Holdings,Wire Out - Bluewater Holdings
Potential Timing Difference,0.95,BK-S000294-B1,LD-S000294-L1,ACC1001,CAD,617.63,617.63,2026-03-27,2026-03-28,REF000294,REF000294,REF000294,REF000294,REF000294,Cedar Prime LP,Cedar Prime LP,Wire In - Cedar Prime LP,Wire In - Cedar Prime LP
Potential Timing Difference,0.95,BK-S000295-B1,LD-S000295-L1,ACC3001,CAD,623.96,623.96,2026-03-24,2026-03-26,REF000295,REF000295,REF000295,REF000295,REF000295,Summit Client Account,Summit Client Account,Interest - Summit Client Account,Interest - Summit Client Account
Potential Timing Difference,0.95,BK-S000296-B1,LD-S000296-L1,ACC3001,CAD,526.48,526.48,2026-03-27,2026-03-29,REF000296,REF000296,REF000296,REF000296,REF000296,North Ridge Treasury,North Ridge Treasury,Deposit - North Ridge Treasury,Deposit - North Ridge Treasury
Potential Timing Difference,0.95,BK-S000297-B1,LD-S000297-L1,ACC2002,USD,13585.25,13585.25,2026-03-07,2026-03-09,REF000297,REF000297,REF000297,REF000297,REF000297,Lakeview Partners,Lakeview Partners,Wire Out - Lakeview Partners,Wire Out - Lakeview Partners
Potential Timing Difference,0.95,BK-S000298-B1,LD-S000298-L1,ACC2001,USD,10744.66,10744.66,2026-03-06,2026-03-07,REF000298,REF000298,REF000298,REF000298,REF000298,Lakeview Partners,Lakeview Partners,Interest - Lakeview Partners,Interest - Lakeview Partners
Potential Timing Difference,0.95,BK-S000299-B1,LD-S000299-L1,ACC1001,CAD,3244.01,3244.01,2026-04-11,2026-04-13,REF000299,REF000299,REF000299,REF000299,REF000299,RBC Banking Services,RBC Banking Services,Withdrawal - RBC Banking Services,Withdrawal - RBC Banking Services
Potential Timing Difference,0.95,BK-S000300-B1,LD-S000300-L1,ACC1001,CAD,810.8,810.8,2026-03-11,2026-03-12,REF000300,REF000300,REF000300,REF000300,REF000300,Pinebridge Vendor Services,Pinebridge Vendor Services,Withdrawal - Pinebridge Vendor Services,Withdrawal - Pinebridge Vendor Services
Potential Timing Difference,0.95,BK-S000301-B1,LD-S000301-L1,ACC1002,CAD,12412.01,12412.01,2026-04-14,2026-04-16,REF000301,REF000301,REF000301,REF000301,REF000301,Bluewater Holdings,Bluewater Holdings,Wire Out - Bluewater Holdings,Wire Out - Bluewater Holdings
Potential Timing Difference,0.95,BK-S000302-B1,LD-S000302-L1,ACC1001,CAD,236.44,236.44,2026-03-21,2026-03-23,REF000302,REF000302,REF000302,REF000302,REF000302,Evergreen Custody,Evergreen Custody,Wire Out - Evergreen Custody,Wire Out - Evergreen Custody
Potential Timing Difference,0.95,BK-S000303-B1,LD-S000303-L1,ACC1002,CAD,21386.62,21386.62,2026-03-16,2026-03-17,REF000303,REF000303,REF000303,REF000303,REF000303,Pinebridge Vendor Services,Pinebridge Vendor Services,Deposit - Pinebridge Vendor Services,Deposit - Pinebridge Vendor Services
Potential Timing Difference,0.95,BK-S000304-B1,LD-S000304-L1,ACC1001,CAD,443.38,443.38,2026-03-23,2026-03-25,REF000304,REF000304,REF000304,REF000304,REF000304,Cedar Prime LP,Cedar Prime LP,Deposit - Cedar Prime LP,Deposit - Cedar Prime LP
Potential Timing Difference,0.95,BK-S000305-B1,LD-S000305-L1,ACC1001,CAD,11813.2,11813.2,2026-03-18,2026-03-20,REF000305,REF000305,REF000305,REF000305,REF000305,Lakeview Partners,Lakeview Partners,Withdrawal - Lakeview Partners,Withdrawal - Lakeview Partners
Potential Timing Difference,0.95,BK-S000306-B1,LD-S000306-L1,ACC3001,CAD,606.75,606.75,2026-03-25,2026-03-26,REF000306,REF000306,REF000306,REF000306,REF000306,Lakeview Partners,Lakeview Partners,Withdrawal - Lakeview Partners,Withdrawal - Lakeview Partners
Potential Timing Difference,0.95,BK-S000307-B1,LD-S000307-L1,ACC1002,CAD,4702.65,4702.65,2026-04-15,2026-04-17,REF000307,REF000307,REF000307,REF000307,REF000307,RBC Banking Services,RBC Banking Services,Interest - RBC Banking Services,Interest - RBC Banking Services
Potential Timing Difference,0.95,BK-S000308-B1,LD-S000308-L1,ACC1001,CAD,7474.39,7474.39,2026-03-29,2026-03-30,REF000308,REF000308,REF000308,REF000308,REF000308,Evergreen Custody,Evergreen Custody,Fee - Evergreen Custody,Fee - Evergreen Custody
Potential Timing Difference,0.95,BK-S000309-B1,LD-S000309-L1,ACC3001,CAD,1630.29,1630.29,2026-04-02,2026-04-03,REF000309,REF000309,REF000309,REF000309,REF000309,Pinebridge Vendor Services,Pinebridge Vendor Services,Deposit - Pinebridge Vendor Services,Deposit - Pinebridge Vendor Services
Potential Timing Difference,0.95,BK-S000310-B1,LD-S000310-L1,ACC2001,USD,10307.19,10307.19,2026-03-01,2026-03-02,REF000310,REF000310,REF000310,REF000310,REF000310,Cedar Prime LP,Cedar Prime LP,Interest - Cedar Prime LP,Interest - Cedar Prime LP
Potential Timing Difference,0.95,BK-S000311-B1,LD-S000311-L1,ACC1002,CAD,7454.06,7454.06,2026-03-25,2026-03-26,REF000311,REF000311,REF000311,REF000311,REF000311,North Ridge Treasury,North Ridge Treasury,Withdrawal - North Ridge Treasury,Withdrawal - North Ridge Treasury
Potential Timing Difference,0.95,BK-S000312-B1,LD-S000312-L1,ACC2002,USD,19784.0,19784.0,2026-03-27,2026-03-28,REF000312,REF000312,REF000312,REF000312,REF000312,Pinebridge Vendor Services,Pinebridge Vendor Services,Fee - Pinebridge Vendor Services,Fee - Pinebridge Vendor Services
Potential Timing Difference,0.95,BK-S000313-B1,LD-S000313-L1,ACC2002,USD,3567.34,3567.34,2026-04-09,2026-04-11,REF000313,REF000313,REF000313,REF000313,REF000313,North Ridge Treasury,North Ridge Treasury,Deposit - North Ridge Treasury,Deposit - North Ridge Treasury
Potential Timing Difference,0.95,BK-S000314-B1,LD-S000314-L1,ACC2002,USD,20571.41,20571.41,2026-03-29,2026-03-31,REF000314,REF000314,REF000314,REF000314,REF000314,Evergreen Custody,Evergreen Custody,Fee - Evergreen Custody,Fee - Evergreen Custody
Potential Timing Difference,0.95,BK-S000315-B1,LD-S000315-L1,ACC1002,CAD,10557.75,10557.75,2026-03-21,2026-03-23,REF000315,REF000315,REF000315,REF000315,REF000315,Pinebridge Vendor Services,Pinebridge Vendor Services,Interest - Pinebridge Vendor Services,Interest - Pinebridge Vendor Services
Potential Timing Difference,0.95,BK-S000316-B1,LD-S000316-L1,ACC2001,USD,10430.44,10430.44,2026-03-18,2026-03-19,REF000316,REF000316,REF000316,REF000316,REF000316,Cedar Prime LP,Cedar Prime LP,Interest - Cedar Prime LP,Interest - Cedar Prime LP
Potential Timing Difference,0.95,BK-S000317-B1,LD-S000317-L1,ACC1002,CAD,704.49,704.49,2026-04-05,2026-04-07,REF000317,REF000317,REF000317,REF000317,REF000317,Lakeview Partners,Lakeview Partners,Withdrawal - Lakeview Partners,Withdrawal - Lakeview Partners
Potential Timing Difference,0.95,BK-S000318-B1,LD-S000318-L1,ACC1001,CAD,16200.06,16200.06,2026-04-13,2026-04-14,REF000318,REF000318,REF000318,REF000318,REF000318,Lakeview Partners,Lakeview Partners,Interest - Lakeview Partners,Interest - Lakeview Partners
Potential Timing Difference,0.95,BK-S000319-B1,LD-S000319-L1,ACC2002,USD,12501.63,12501.63,2026-03-29,2026-03-31,REF000319,REF000319,REF000319,REF000319,REF000319,RBC Banking Services,RBC Banking Services,Wire In - RBC Banking Services,Wire In - RBC Banking Services
Potential Timing Difference,0.95,BK-S000320-B1,LD-S000320-L1,ACC2001,USD,22945.63,22945.63,2026-04-04,2026-04-06,REF000320,REF000320,REF000320,REF000320,REF000320,Cedar Prime LP,Cedar Prime LP,Withdrawal - Cedar Prime LP,Withdrawal - Cedar Prime LP
Potential Timing Difference,0.95,BK-S000321-B1,LD-S000321-L1,ACC3001,CAD,17259.33,17259.33,2026-04-06,2026-04-08,REF000321,REF000321,REF000321,REF000321,REF000321,RBC Banking Services,RBC Banking Services,Wire In - RBC Banking Services,Wire In - RBC Banking Services
Potential Timing Difference,0.95,BK-S000322-B1,LD-S000322-L1,ACC1001,CAD,13451.15,13451.15,2026-03-15,2026-03-17,REF000322,REF000322,REF000322,REF000322,REF000322,Lakeview Partners,Lakeview Partners,Fee - Lakeview Partners,Fee - Lakeview Partners
Potential Timing Difference,0.95,BK-S000323-B1,LD-S000323-L1,ACC3001,CAD,24944.87,24944.87,2026-04-02,2026-04-04,REF000323,REF000323,REF000323,REF000323,REF000323,Summit Client Account,Summit Client Account,Withdrawal - Summit Client Account,Withdrawal - Summit Client Account
Potential Timing Difference,0.95,BK-S000324-B1,LD-S000324-L1,ACC1001,CAD,9233.6,9233.6,2026-03-10,2026-03-12,REF000324,REF000324,REF000324,REF000324,REF000324,Lakeview Partners,Lakeview Partners,Withdrawal - Lakeview Partners,Withdrawal - Lakeview Partners
Potential Timing Difference,0.95,BK-S000325-B1,LD-S000325-L1,ACC1001,CAD,2612.18,2612.18,2026-04-14,2026-04-15,REF000325,REF000325,REF000325,REF000325,REF000325,Bluewater Holdings,Bluewater Holdings,Interest - Bluewater Holdings,Interest - Bluewater Holdings
Potential Timing Difference,0.95,BK-S000326-B1,LD-S000326-L1,ACC1001,CAD,18771.75,18771.75,2026-03-11,2026-03-12,REF000326,REF000326,REF000326,REF000326,REF000326,Evergreen Custody,Evergreen Custody,Withdrawal - Evergreen Custody,Withdrawal - Evergreen Custody
Potential Timing Difference,0.95,BK-S000327-B1,LD-S000327-L1,ACC2002,USD,16114.25,16114.25,2026-03-15,2026-03-17,REF000327,REF000327,REF000327,REF000327,REF000327,Evergreen Custody,Evergreen Custody,Interest - Evergreen Custody,Interest - Evergreen Custody
Potential Timing Difference,0.95,BK-S000328-B1,LD-S000328-L1,ACC3001,CAD,10332.06,10332.06,2026-03-29,2026-03-31,REF000328,REF000328,REF000328,REF000328,REF000328,Lakeview Partners,Lakeview Partners,Wire Out - Lakeview Partners,Wire Out - Lakeview Partners
Potential Timing Difference,0.95,BK-S000329-B1,LD-S000329-L1,ACC1001,CAD,13885.34,13885.34,2026-03-07,2026-03-08,REF000329,REF000329,REF000329,REF000329,REF000329,Pinebridge Vendor Services,Pinebridge Vendor Services,Deposit - Pinebridge Vendor Services,Deposit - Pinebridge Vendor Services
Potential Timing Difference,0.95,BK-S000330-B1,LD-S000330-L1,ACC2001,USD,16338.61,16338.61,2026-04-01,2026-04-03,REF000330,REF000330,REF000330,REF000330,REF000330,RBC Banking Services,RBC Banking Services,Withdrawal - RBC Banking Services,Withdrawal - RBC Banking Services
Normalized Reference Match,0.92,BK-S000501-B1,LD-S000501-L1,ACC1002,CAD,5267.5,5267.5,2026-04-11,2026-04-11,REF000501,REF000501,REF 000501,REF000501,REF000501,Pinebridge Vendor Services,Pinebridge Vendor Services,Withdrawal - Pinebridge Vendor Services,Withdrawal - Pinebridge Vendor Services
Normalized Reference Match,0.92,BK-S000503-B1,LD-S000503-L1,ACC1001,CAD,180.79,180.79,2026-03-07,2026-03-07,REF000503,REF000503,ref000503,REF000503,REF000503,Bluewater Holdings,Bluewater Holdings,Deposit - Bluewater Holdings,Deposit - Bluewater Holdings
Normalized Reference Match,0.92,BK-S000507-B1,LD-S000507-L1,ACC2001,USD,276.21,276.21,2026-03-04,2026-03-04,REF000507,REF000507,ref000507,REF000507,REF000507,Summit Client Account,Summit Client Account,Deposit - Summit Client Account,Deposit - Summit Client Account
Normalized Reference Match,0.92,BK-S000509-B1,LD-S000509-L1,ACC1001,CAD,3864.49,3864.49,2026-03-12,2026-03-12,REF000509,REF000509,ref000509,REF000509,REF000509,Bluewater Holdings,Bluewater Holdings,Wire Out - Bluewater Holdings,Wire Out - Bluewater Holdings
Normalized Reference Match,0.92,BK-S000510-B1,LD-S000510-L1,ACC1002,CAD,1135.48,1135.48,2026-04-07,2026-04-07,REF000510,REF000510,REF-000510,REF000510,REF000510,Summit Client Account,Summit Client Account,Wire Out - Summit Client Account,Wire Out - Summit Client Account
Normalized Reference Match,0.92,BK-S000512-B1,LD-S000512-L1,ACC1001,CAD,23967.71,23967.71,2026-03-21,2026-03-21,REF000512,REF000512,REF-000512,REF000512,REF000512,Cedar Prime LP,Cedar Prime LP,Withdrawal - Cedar Prime LP,Withdrawal - Cedar Prime LP
Normalized Reference Match,0.92,BK-S000513-B1,LD-S000513-L1,ACC3001,CAD,22201.52,22201.52,2026-03-06,2026-03-06,REF000513,REF000513,ref000513,REF000513,REF000513,Pinebridge Vendor Services,Pinebridge Vendor Services,Interest - Pinebridge Vendor Services,Interest - Pinebridge Vendor Services
Normalized Reference Match,0.92,BK-S000514-B1,LD-S000514-L1,ACC3001,CAD,20768.52,20768.52,2026-03-31,2026-03-31,REF000514,REF000514,ref000514,REF000514,REF000514,Bluewater Holdings,Bluewater Holdings,Deposit - Bluewater Holdings,Deposit - Bluewater Holdings
Normalized Reference Match,0.92,BK-S000515-B1,LD-S000515-L1,ACC3001,CAD,17381.23,17381.23,2026-03-16,2026-03-16,REF000515,REF000515,REF 000515,REF000515,REF000515,Pinebridge Vendor Services,Pinebridge Vendor Services,Deposit - Pinebridge Vendor Services,Deposit - Pinebridge Vendor Services
Normalized Reference Match,0.92,BK-S000518-B1,LD-S000518-L1,ACC1001,CAD,6116.2,6116.2,2026-04-12,2026-04-12,REF000518,REF000518,REF-000518,REF000518,REF000518,RBC Banking Services,RBC Banking Services,Wire Out - RBC Banking Services,Wire Out - RBC Banking Services
Normalized Reference Match,0.92,BK-S000519-B1,LD-S000519-L1,ACC2002,USD,4690.11,4690.11,2026-03-05,2026-03-05,REF000519,REF000519,ref000519,REF000519,REF000519,Summit Client Account,Summit Client Account,Withdrawal - Summit Client Account,Withdrawal - Summit Client Account
Normalized Reference Match,0.92,BK-S000522-B1,LD-S000522-L1,ACC3001,CAD,9584.8,9584.8,2026-04-14,2026-04-14,REF000522,REF000522,ref000522,REF000522,REF000522,Cedar Prime LP,Cedar Prime LP,Wire In - Cedar Prime LP,Wire In - Cedar Prime LP
Normalized Reference Match,0.92,BK-S000525-B1,LD-S000525-L1,ACC1002,CAD,586.99,586.99,2026-03-03,2026-03-03,REF000525,REF000525,REF-000525,REF000525,REF000525,Cedar Prime LP,Cedar Prime LP,Wire In - Cedar Prime LP,Wire In - Cedar Prime LP
Normalized Reference Match,0.92,BK-S000526-B1,LD-S000526-L1,ACC2001,USD,21435.01,21435.01,2026-03-27,2026-03-27,REF000526,REF000526,REF-000526,REF000526,REF000526,Evergreen Custody,Evergreen Custody,Wire Out - Evergreen Custody,Wire Out - Evergreen Custody
Normalized Reference Match,0.92,BK-S000528-B1,LD-S000528-L1,ACC1001,CAD,138.38,138.38,2026-04-12,2026-04-12,REF000528,REF000528,ref000528,REF000528,REF000528,Summit Client Account,Summit Client Account,Fee - Summit Client Account,Fee - Summit Client Account
Normalized Reference Match,0.92,BK-S000530-B1,LD-S000530-L1,ACC2001,USD,14604.69,14604.69,2026-04-07,2026-04-07,REF000530,REF000530,REF-000530,REF000530,REF000530,Pinebridge Vendor Services,Pinebridge Vendor Services,Withdrawal - Pinebridge Vendor Services,Withdrawal - Pinebridge Vendor Services
Normalized Reference Match,0.92,BK-S000531-B1,LD-S000531-L1,ACC1002,CAD,11466.98,11466.98,2026-04-15,2026-04-15,REF000531,REF000531,ref000531,REF000531,REF000531,Pinebridge Vendor Services,Pinebridge Vendor Services,Wire Out - Pinebridge Vendor Services,Wire Out - Pinebridge Vendor Services
Normalized Reference Match,0.92,BK-S000533-B1,LD-S000533-L1,ACC1002,CAD,22272.06,22272.06,2026-03-13,2026-03-13,REF000533,REF000533,REF 000533,REF000533,REF000533,Cedar Prime LP,Cedar Prime LP,Deposit - Cedar Prime LP,Deposit - Cedar Prime LP
Normalized Reference Match,0.92,BK-S000534-B1,LD-S000534-L1,ACC1001,CAD,15160.87,15160.87,2026-04-07,2026-04-07,REF000534,REF000534,ref000534,REF000534,REF000534,Bluewater Holdings,Bluewater Holdings,Deposit - Bluewater Holdings,Deposit - Bluewater Holdings
Split/Aggregation Match,0.9,BK-S000561-B1,LD-S000561-L1;LD-S000561-L2,ACC3001,CAD,131.15,131.15,2026-04-15,2026-04-15;2026-04-15,REF000561,REF000561;REF000561,REF000561,REF000561;REF000561,REF000561,North Ridge Treasury,North Ridge Treasury;North Ridge Treasury,Wire In - North Ridge Treasury,Wire In - North Ridge Treasury - split 1;Wire In - North Ridge Treasury - split 2
Split/Aggregation Match,0.9,BK-S000562-B1,LD-S000562-L1;LD-S000562-L2,ACC1002,CAD,10694.96,10694.96,2026-03-13,2026-03-13;2026-03-13,REF000562,REF000562;REF000562,REF000562,REF000562;REF000562,REF000562,Bluewater Holdings,Bluewater Holdings;Bluewater Holdings,Deposit - Bluewater Holdings,Deposit - Bluewater Holdings - split 1;Deposit - Bluewater Holdings - split 2
Split/Aggregation Match,0.9,BK-S000563-B1,LD-S000563-L1;LD-S000563-L2,ACC1001,CAD,3808.22,3808.22,2026-03-19,2026-03-19;2026-03-19,REF000563,REF000563;REF000563,REF000563,REF000563;REF000563,REF000563,North Ridge Treasury,North Ridge Treasury;North Ridge Treasury,Deposit - North Ridge Treasury,Deposit - North Ridge Treasury - split 1;Deposit - North Ridge Treasury - split 2
Split/Aggregation Match,0.9,BK-S000564-B1,LD-S000564-L1;LD-S000564-L2,ACC3001,CAD,24069.73,24069.73,2026-03-16,2026-03-16;2026-03-16,REF000564,REF000564;REF000564,REF000564,REF000564;REF000564,REF000564,Summit Client Account,Summit Client Account;Summit Client Account,Interest - Summit Client Account,Interest - Summit Client Account - split 1;Interest - Summit Client Account - split 2
Split/Aggregation Match,0.9,BK-S000565-B1,LD-S000565-L1;LD-S000565-L2,ACC2001,USD,24860.75,24860.75,2026-03-25,2026-03-25;2026-03-25,REF000565,REF000565;REF000565,REF000565,REF000565;REF000565,REF000565,Lakeview Partners,Lakeview Partners;Lakeview Partners,Wire In - Lakeview Partners,Wire In - Lakeview Partners - split 1;Wire In - Lakeview Partners - split 2
Split/Aggregation Match,0.9,BK-S000566-B1,LD-S000566-L1;LD-S000566-L2,ACC2001,USD,656.33,656.3299999999999,2026-03-19,2026-03-19;2026-03-19,REF000566,REF000566;REF000566,REF000566,REF000566;REF000566,REF000566,Pinebridge Vendor Services,Pinebridge Vendor Services;Pinebridge Vendor Services,Wire Out - Pinebridge Vendor Services,Wire Out - Pinebridge Vendor Services - split 1;Wire Out - Pinebridge Vendor Services - split 2
Split/Aggregation Match,0.9,BK-S000567-B1,LD-S000567-L1;LD-S000567-L2,ACC1002,CAD,18907.75,18907.75,2026-03-18,2026-03-18;2026-03-18,REF000567,REF000567;REF000567,REF000567,REF000567;REF000567,REF000567,Lakeview Partners,Lakeview Partners;Lakeview Partners,Deposit - Lakeview Partners,Deposit - Lakeview Partners - split 1;Deposit - Lakeview Partners - split 2
Split/Aggregation Match,0.9,BK-S000568-B1,LD-S000568-L1;LD-S000568-L2,ACC2001,USD,6992.69,6992.6900000000005,2026-03-15,2026-03-15;2026-03-15,REF000568,REF000568;REF000568,REF000568,REF000568;REF000568,REF000568,Pinebridge Vendor Services,Pinebridge Vendor Services;Pinebridge Vendor Services,Wire Out - Pinebridge Vendor Services,Wire Out - Pinebridge Vendor Services - split 1;Wire Out - Pinebridge Vendor Services - split 2
Split/Aggregation Match,0.9,BK-S000569-B1,LD-S000569-L1;LD-S000569-L2,ACC2002,USD,13995.37,13995.369999999999,2026-03-01,2026-03-01;2026-03-01,REF000569,REF000569;REF000569,REF000569,REF000569;REF000569,REF000569,Bluewater Holdings,Bluewater Holdings;Bluewater Holdings,Deposit - Bluewater Holdings,Deposit - Bluewater Holdings - split 1;Deposit - Bluewater Holdings - split 2
Split/Aggregation Match,0.9,BK-S000570-B1,LD-S000570-L1;LD-S000570-L2,ACC2001,USD,22984.16,22984.16,2026-03-12,2026-03-12;2026-03-12,REF000570,REF000570;REF000570,REF000570,REF000570;REF000570,REF000570,North Ridge Treasury,North Ridge Treasury;North Ridge Treasury,Interest - North Ridge Treasury,Interest - North Ridge Treasury - split 1;Interest - North Ridge Treasury - split 2
Split/Aggregation Match,0.9,BK-S000571-B1,LD-S000571-L1;LD-S000571-L2,ACC3001,CAD,1781.5,1781.5,2026-03-31,2026-03-31;2026-03-31,REF000571,REF000571;REF000571,REF000571,REF000571;REF000571,REF000571,Pinebridge Vendor Services,Pinebridge Vendor Services;Pinebridge Vendor Services,Interest - Pinebridge Vendor Services,Interest - Pinebridge Vendor Services - split 1;Interest - Pinebridge Vendor Services - split 2
Split/Aggregation Match,0.9,BK-S000572-B1,LD-S000572-L1;LD-S000572-L2,ACC3001,CAD,1283.68,1283.68,2026-03-21,2026-03-21;2026-03-21,REF000572,REF000572;REF000572,REF000572,REF000572;REF000572,REF000572,Lakeview Partners,Lakeview Partners;Lakeview Partners,Interest - Lakeview Partners,Interest - Lakeview Partners - split 1;Interest - Lakeview Partners - split 2
Split/Aggregation Match,0.9,BK-S000573-B1,LD-S000573-L1;LD-S000573-L2,ACC2001,USD,7465.8,7465.800000000001,2026-04-05,2026-04-05;2026-04-05,REF000573,REF000573;REF000573,REF000573,REF000573;REF000573,REF000573,Pinebridge Vendor Services,Pinebridge Vendor Services;Pinebridge Vendor Services,Wire Out - Pinebridge Vendor Services,Wire Out - Pinebridge Vendor Services - split 1;Wire Out - Pinebridge Vendor Services - split 2
Split/Aggregation Match,0.9,BK-S000574-B1,LD-S000574-L1;LD-S000574-L2,ACC2001,USD,5317.34,5317.34,2026-03-26,2026-03-26;2026-03-26,REF000574,REF000574;REF000574,REF000574,REF000574;REF000574,REF000574,Evergreen Custody,Evergreen Custody;Evergreen Custody,Fee - Evergreen Custody,Fee - Evergreen Custody - split 1;Fee - Evergreen Custody - split 2
Split/Aggregation Match,0.9,BK-S000575-B1,LD-S000575-L1;LD-S000575-L2,ACC1002,CAD,5705.52,5705.52,2026-03-28,2026-03-28;2026-03-28,REF000575,REF000575;REF000575,REF000575,REF000575;REF000575,REF000575,Evergreen Custody,Evergreen Custody;Evergreen Custody,Deposit - Evergreen Custody,Deposit - Evergreen Custody - split 1;Deposit - Evergreen Custody - split 2
