bank_transaction_id,account_id,bank_account_name,transaction_date,posting_date,currency,amount,direction,transaction_type,reference_id,raw_reference,counterparty,description,source_file_id
BK-S000001-B1,ACC1001,Operating Cash - CAD,2026-03-18,2026-03-18,CAD,4348.91,credit,Wire In,REF000001,REF000001,Cedar Prime LP,Wire In - Cedar Prime LP,BANK_STMT_2026_03_04
BK-S000002-B1,ACC1001,Operating Cash - CAD,2026-03-28,2026-03-28,CAD,134.33,credit,Deposit,REF000002,REF000002,Lakeview Partners,Deposit - Lakeview Partners,BANK_STMT_2026_03_04
BK-S000003-B1,ACC3001,Fee Collection - CAD,2026-04-15,2026-04-15,CAD,14078.60,debit,Wire Out,REF000003,REF000003,Lakeview Partners,Wire Out - Lakeview Partners,BANK_STMT_2026_03_04
BK-S000004-B1,ACC1001,Operating Cash - CAD,2026-04-14,2026-04-14,CAD,7668.91,debit,Wire Out,REF000004,REF000004,Lakeview Partners,Wire Out - Lakeview Partners,BANK_STMT_2026_03_04
BK-S000005-B1,ACC2002,Treasury Account - USD,2026-03-23,2026-03-23,USD,15489.42,credit,Wire In,REF000005,REF000005,Bluewater Holdings,Wire In - Bluewater Holdings,BANK_STMT_2026_03_04
BK-S000006-B1,ACC1001,Operating Cash - CAD,2026-03-06,2026-03-06,CAD,20905.71,credit,Interest,REF000006,REF000006,Pinebridge Vendor Services,Interest - Pinebridge Vendor Services,BANK_STMT_2026_03_04
BK-S000007-B1,ACC1001,Operating Cash - CAD,2026-04-12,2026-04-12,CAD,7945.31,credit,Wire In,REF000007,REF000007,Cedar Prime LP,Wire In - Cedar Prime LP,BANK_STMT_2026_03_04
BK-S000008-B1,ACC2002,Treasury Account - USD,2026-03-30,2026-03-30,USD,9755.97,debit,Fee,REF000008,REF000008,Pinebridge Vendor Services,Fee - Pinebridge Vendor Services,BANK_STMT_2026_03_04
BK-S000009-B1,ACC2001,Operating Cash - USD,2026-04-13,2026-04-13,USD,15619.14,debit,Withdrawal,REF000009,REF000009,Evergreen Custody,Withdrawal - Evergreen Custody,BANK_STMT_2026_03_04
BK-S000010-B1,ACC1002,Client Money - CAD,2026-03-25,2026-03-25,CAD,23209.39,credit,Interest,REF000010,REF000010,Lakeview Partners,Interest - Lakeview Partners,BANK_STMT_2026_03_04
BK-S000011-B1,ACC1002,Client Money - CAD,2026-03-21,2026-03-21,CAD,2588.53,credit,Wire In,REF000011,REF000011,Pinebridge Vendor Services,Wire In - Pinebridge Vendor Services,BANK_STMT_2026_03_04
BK-S000012-B1,ACC2002,Treasury Account - USD,2026-03-30,2026-03-30,USD,175.67,debit,Withdrawal,REF000012,REF000012,North Ridge Treasury,Withdrawal - North Ridge Treasury,BANK_STMT_2026_03_04
BK-S000013-B1,ACC3001,Fee Collection - CAD,2026-03-24,2026-03-24,CAD,24940.90,credit,Interest,REF000013,REF000013,Summit Client Account,Interest - Summit Client Account,BANK_STMT_2026_03_04
BK-S000014-B1,ACC1001,Operating Cash - CAD,2026-04-10,2026-04-10,CAD,17331.55,debit,Wire Out,REF000014,REF000014,Cedar Prime LP,Wire Out - Cedar Prime LP,BANK_STMT_2026_03_04
BK-S000015-B1,ACC2002,Treasury Account - USD,2026-03-17,2026-03-17,USD,21658.71,credit,Deposit,REF000015,REF000015,Bluewater Holdings,Deposit - Bluewater Holdings,BANK_STMT_2026_03_04
BK-S000016-B1,ACC3001,Fee Collection - CAD,2026-04-11,2026-04-11,CAD,8044.00,debit,Fee,REF000016,REF000016,Evergreen Custody,Fee - Evergreen Custody,BANK_STMT_2026_03_04
BK-S000017-B1,ACC2001,Operating Cash - USD,2026-03-12,2026-03-12,USD,3553.86,credit,Deposit,REF000017,REF000017,North Ridge Treasury,Deposit - North Ridge Treasury,BANK_STMT_2026_03_04
BK-S000018-B1,ACC1002,Client Money - CAD,2026-03-24,2026-03-24,CAD,13945.10,debit,Wire Out,REF000018,REF000018,Bluewater Holdings,Wire Out - Bluewater Holdings,BANK_STMT_2026_03_04
BK-S000019-B1,ACC1001,Operating Cash - CAD,2026-03-24,2026-03-24,CAD,20959.97,credit,Wire In,REF000019,REF000019,North Ridge Treasury,Wire In - North Ridge Treasury,BANK_STMT_2026_03_04
BK-S000020-B1,ACC3001,Fee Collection - CAD,2026-03-06,2026-03-06,CAD,20584.56,credit,Wire In,REF000020,REF000020,Evergreen Custody,Wire In - Evergreen Custody,BANK_STMT_2026_03_04
BK-S000021-B1,ACC3001,Fee Collection - CAD,2026-03-17,2026-03-17,CAD,15558.25,debit,Wire Out,REF000021,REF000021,Lakeview Partners,Wire Out - Lakeview Partners,BANK_STMT_2026_03_04
BK-S000022-B1,ACC1002,Client Money - CAD,2026-03-20,2026-03-20,CAD,17120.49,debit,Withdrawal,REF000022,REF000022,Pinebridge Vendor Services,Withdrawal - Pinebridge Vendor Services,BANK_STMT_2026_03_04
BK-S000023-B1,ACC1001,Operating Cash - CAD,2026-03-15,2026-03-15,CAD,68.93,debit,Wire Out,REF000023,REF000023,Lakeview Partners,Wire Out - Lakeview Partners,BANK_STMT_2026_03_04
BK-S000024-B1,ACC1001,Operating Cash - CAD,2026-04-10,2026-04-10,CAD,110.66,debit,Withdrawal,REF000024,REF000024,Bluewater Holdings,Withdrawal - Bluewater Holdings,BANK_STMT_2026_03_04
BK-S000025-B1,ACC1002,Client Money - CAD,2026-04-12,2026-04-12,CAD,13941.61,debit,Fee,REF000025,REF000025,Summit Client Account,Fee - Summit Client Account,BANK_STMT_2026_03_04
BK-S000026-B1,ACC2002,Treasury Account - USD,2026-03-07,2026-03-07,USD,437.95,debit,Wire Out,REF000026,REF000026,RBC Banking Services,Wire Out - RBC Banking Services,BANK_STMT_2026_03_04
BK-S000027-B1,ACC1001,Operating Cash - CAD,2026-04-11,2026-04-11,CAD,3362.03,debit,Withdrawal,REF000027,REF000027,RBC Banking Services,Withdrawal - RBC Banking Services,BANK_STMT_2026_03_04
BK-S000028-B1,ACC1002,Client Money - CAD,2026-03-13,2026-03-13,CAD,4364.38,debit,Wire Out,REF000028,REF000028,Evergreen Custody,Wire Out - Evergreen Custody,BANK_STMT_2026_03_04
BK-S000029-B1,ACC1001,Operating Cash - CAD,2026-04-05,2026-04-05,CAD,636.93,credit,Interest,REF000029,REF000029,Bluewater Holdings,Interest - Bluewater Holdings,BANK_STMT_2026_03_04
BK-S000030-B1,ACC1002,Client Money - CAD,2026-04-01,2026-04-01,CAD,21751.61,credit,Interest,REF000030,REF000030,Bluewater Holdings,Interest - Bluewater Holdings,BANK_STMT_2026_03_04
BK-S000031-B1,ACC2002,Treasury Account - USD,2026-03-30,2026-03-30,USD,17718.20,debit,Fee,REF000031,REF000031,Summit Client Account,Fee - Summit Client Account,BANK_STMT_2026_03_04
BK-S000032-B1,ACC1002,Client Money - CAD,2026-04-07,2026-04-07,CAD,2462.98,credit,Wire In,REF000032,REF000032,Pinebridge Vendor Services,Wire In - Pinebridge Vendor Services,BANK_STMT_2026_03_04
BK-S000033-B1,ACC2002,Treasury Account - USD,2026-04-03,2026-04-03,USD,24058.69,credit,Deposit,REF000033,REF000033,Cedar Prime LP,Deposit - Cedar Prime LP,BANK_STMT_2026_03_04
BK-S000034-B1,ACC1001,Operating Cash - CAD,2026-03-16,2026-03-16,CAD,23598.31,debit,Withdrawal,REF000034,REF000034,Lakeview Partners,Withdrawal - Lakeview Partners,BANK_STMT_2026_03_04
BK-S000035-B1,ACC3001,Fee Collection - CAD,2026-03-27,2026-03-27,CAD,14565.45,credit,Wire In,REF000035,REF000035,Pinebridge Vendor Services,Wire In - Pinebridge Vendor Services,BANK_STMT_2026_03_04
BK-S000036-B1,ACC2001,Operating Cash - USD,2026-03-17,2026-03-17,USD,17120.57,debit,Wire Out,REF000036,REF000036,North Ridge Treasury,Wire Out - North Ridge Treasury,BANK_STMT_2026_03_04
BK-S000037-B1,ACC1001,Operating Cash - CAD,2026-04-09,2026-04-09,CAD,24906.31,credit,Interest,REF000037,REF000037,Cedar Prime LP,Interest - Cedar Prime LP,BANK_STMT_2026_03_04
BK-S000038-B1,ACC2001,Operating Cash - USD,2026-03-23,2026-03-23,USD,22102.49,debit,Wire Out,REF000038,REF000038,Pinebridge Vendor Services,Wire Out - Pinebridge Vendor Services,BANK_STMT_2026_03_04
BK-S000039-B1,ACC3001,Fee Collection - CAD,2026-03-20,2026-03-20,CAD,24693.59,debit,Withdrawal,REF000039,REF000039,Bluewater Holdings,Withdrawal - Bluewater Holdings,BANK_STMT_2026_03_04
BK-S000040-B1,ACC2001,Operating Cash - USD,2026-03-07,2026-03-07,USD,4222.99,debit,Withdrawal,REF000040,REF000040,Cedar Prime LP,Withdrawal - Cedar Prime LP,BANK_STMT_2026_03_04
BK-S000041-B1,ACC1002,Client Money - CAD,2026-03-19,2026-03-19,CAD,18222.69,debit,Fee,REF000041,REF000041,Lakeview Partners,Fee - Lakeview Partners,BANK_STMT_2026_03_04
BK-S000042-B1,ACC3001,Fee Collection - CAD,2026-03-17,2026-03-17,CAD,21306.49,credit,Interest,REF000042,REF000042,Cedar Prime LP,Interest - Cedar Prime LP,BANK_STMT_2026_03_04
BK-S000043-B1,ACC1001,Operating Cash - CAD,2026-03-22,2026-03-22,CAD,16290.72,credit,Wire In,REF000043,REF000043,North Ridge Treasury,Wire In - North Ridge Treasury,BANK_STMT_2026_03_04
BK-S000044-B1,ACC3001,Fee Collection - CAD,2026-03-28,2026-03-28,CAD,3684.97,debit,Withdrawal,REF000044,REF000044,Evergreen Custody,Withdrawal - Evergreen Custody,BANK_STMT_2026_03_04
BK-S000045-B1,ACC3001,Fee Collection - CAD,2026-03-10,2026-03-10,CAD,2003.89,credit,Deposit,REF000045,REF000045,Pinebridge Vendor Services,Deposit - Pinebridge Vendor Services,BANK_STMT_2026_03_04
BK-S000046-B1,ACC1002,Client Money - CAD,2026-03-07,2026-03-07,CAD,14437.20,debit,Withdrawal,REF000046,REF000046,RBC Banking Services,Withdrawal - RBC Banking Services,BANK_STMT_2026_03_04
BK-S000047-B1,ACC1002,Client Money - CAD,2026-03-12,2026-03-12,CAD,1594.87,debit,Wire Out,REF000047,REF000047,Pinebridge Vendor Services,Wire Out - Pinebridge Vendor Services,BANK_STMT_2026_03_04
BK-S000048-B1,ACC1002,Client Money - CAD,2026-03-11,2026-03-11,CAD,3594.30,debit,Fee,REF000048,REF000048,Bluewater Holdings,Fee - Bluewater Holdings,BANK_STMT_2026_03_04
BK-S000049-B1,ACC2002,Treasury Account - USD,2026-03-20,2026-03-20,USD,21911.75,debit,Fee,REF000049,REF000049,Lakeview Partners,Fee - Lakeview Partners,BANK_STMT_2026_03_04
BK-S000050-B1,ACC2002,Treasury Account - USD,2026-03-18,2026-03-18,USD,24205.34,debit,Fee,REF000050,REF000050,North Ridge Treasury,Fee - North Ridge Treasury,BANK_STMT_2026_03_04
BK-S000051-B1,ACC2002,Treasury Account - USD,2026-04-04,2026-04-04,USD,1662.41,debit,Withdrawal,REF000051,REF000051,North Ridge Treasury,Withdrawal - North Ridge Treasury,BANK_STMT_2026_03_04
BK-S000052-B1,ACC1001,Operating Cash - CAD,2026-04-08,2026-04-08,CAD,18485.08,credit,Wire In,REF000052,REF000052,Pinebridge Vendor Services,Wire In - Pinebridge Vendor Services,BANK_STMT_2026_03_04
BK-S000053-B1,ACC1001,Operating Cash - CAD,2026-04-06,2026-04-06,CAD,2065.28,credit,Interest,REF000053,REF000053,RBC Banking Services,Interest - RBC Banking Services,BANK_STMT_2026_03_04
BK-S000054-B1,ACC1002,Client Money - CAD,2026-03-28,2026-03-28,CAD,647.81,debit,Fee,REF000054,REF000054,Pinebridge Vendor Services,Fee - Pinebridge Vendor Services,BANK_STMT_2026_03_04
BK-S000055-B1,ACC1001,Operating Cash - CAD,2026-03-20,2026-03-20,CAD,17005.43,debit,Withdrawal,REF000055,REF000055,Pinebridge Vendor Services,Withdrawal - Pinebridge Vendor Services,BANK_STMT_2026_03_04
BK-S000056-B1,ACC3001,Fee Collection - CAD,2026-03-13,2026-03-13,CAD,23568.73,debit,Wire Out,REF000056,REF000056,Evergreen Custody,Wire Out - Evergreen Custody,BANK_STMT_2026_03_04
BK-S000057-B1,ACC2002,Treasury Account - USD,2026-03-01,2026-03-01,USD,6044.38,credit,Deposit,REF000057,REF000057,Pinebridge Vendor Services,Deposit - Pinebridge Vendor Services,BANK_STMT_2026_03_04
BK-S000058-B1,ACC1002,Client Money - CAD,2026-03-31,2026-03-31,CAD,24035.97,credit,Deposit,REF000058,REF000058,Evergreen Custody,Deposit - Evergreen Custody,BANK_STMT_2026_03_04
BK-S000059-B1,ACC3001,Fee Collection - CAD,2026-04-10,2026-04-10,CAD,3241.29,debit,Withdrawal,REF000059,REF000059,Lakeview Partners,Withdrawal - Lakeview Partners,BANK_STMT_2026_03_04
BK-S000060-B1,ACC1002,Client Money - CAD,2026-03-02,2026-03-02,CAD,935.54,debit,Wire Out,REF000060,REF000060,Cedar Prime LP,Wire Out - Cedar Prime LP,BANK_STMT_2026_03_04
BK-S000061-B1,ACC3001,Fee Collection - CAD,2026-04-15,2026-04-15,CAD,12865.05,debit,Wire Out,REF000061,REF000061,Lakeview Partners,Wire Out - Lakeview Partners,BANK_STMT_2026_03_04
BK-S000062-B1,ACC1001,Operating Cash - CAD,2026-03-28,2026-03-28,CAD,20298.64,credit,Wire In,REF000062,REF000062,Summit Client Account,Wire In - Summit Client Account,BANK_STMT_2026_03_04
BK-S000063-B1,ACC1001,Operating Cash - CAD,2026-03-09,2026-03-09,CAD,17021.87,credit,Interest,REF000063,REF000063,Pinebridge Vendor Services,Interest - Pinebridge Vendor Services,BANK_STMT_2026_03_04
BK-S000064-B1,ACC3001,Fee Collection - CAD,2026-04-05,2026-04-05,CAD,4819.79,credit,Interest,REF000064,REF000064,Summit Client Account,Interest - Summit Client Account,BANK_STMT_2026_03_04
BK-S000065-B1,ACC2001,Operating Cash - USD,2026-04-01,2026-04-01,USD,7590.34,credit,Deposit,REF000065,REF000065,Cedar Prime LP,Deposit - Cedar Prime LP,BANK_STMT_2026_03_04
BK-S000066-B1,ACC2001,Operating Cash - USD,2026-03-21,2026-03-21,USD,2933.86,debit,Fee,REF000066,REF000066,Evergreen Custody,Fee - Evergreen Custody,BANK_STMT_2026_03_04
BK-S000067-B1,ACC1002,Client Money - CAD,2026-03-14,2026-03-14,CAD,416.84,debit,Withdrawal,REF000067,REF000067,Summit Client Account,Withdrawal - Summit Client Account,BANK_STMT_2026_03_04
BK-S000068-B1,ACC2002,Treasury Account - USD,2026-04-07,2026-04-07,USD,1468.77,credit,Interest,REF000068,REF000068,RBC Banking Services,Interest - RBC Banking Services,BANK_STMT_2026_03_04
BK-S000069-B1,ACC2001,Operating Cash - USD,2026-03-27,2026-03-27,USD,18631.22,credit,Interest,REF000069,REF000069,Lakeview Partners,Interest - Lakeview Partners,BANK_STMT_2026_03_04
BK-S000070-B1,ACC2002,Treasury Account - USD,2026-03-02,2026-03-02,USD,17052.97,credit,Interest,REF000070,REF000070,RBC Banking Services,Interest - RBC Banking Services,BANK_STMT_2026_03_04
BK-S000071-B1,ACC1002,Client Money - CAD,2026-04-04,2026-04-04,CAD,404.62,credit,Deposit,REF000071,REF000071,Bluewater Holdings,Deposit - Bluewater Holdings,BANK_STMT_2026_03_04
BK-S000072-B1,ACC1002,Client Money - CAD,2026-03-12,2026-03-12,CAD,391.19,credit,Interest,REF000072,REF000072,Lakeview Partners,Interest - Lakeview Partners,BANK_STMT_2026_03_04
BK-S000073-B1,ACC2002,Treasury Account - USD,2026-03-27,2026-03-27,USD,2965.75,debit,Fee,REF000073,REF000073,Bluewater Holdings,Fee - Bluewater Holdings,BANK_STMT_2026_03_04
BK-S000074-B1,ACC2001,Operating Cash - USD,2026-04-11,2026-04-11,USD,911.56,debit,Wire Out,REF000074,REF000074,Bluewater Holdings,Wire Out - Bluewater Holdings,BANK_STMT_2026_03_04
BK-S000075-B1,ACC1001,Operating Cash - CAD,2026-03-10,2026-03-10,CAD,12365.47,credit,Deposit,REF000075,REF000075,Cedar Prime LP,Deposit - Cedar Prime LP,BANK_STMT_2026_03_04
BK-S000076-B1,ACC2001,Operating Cash - USD,2026-03-11,2026-03-11,USD,24129.63,debit,Fee,REF000076,REF000076,Cedar Prime LP,Fee - Cedar Prime LP,BANK_STMT_2026_03_04
BK-S000077-B1,ACC3001,Fee Collection - CAD,2026-03-20,2026-03-20,CAD,22792.63,credit,Wire In,REF000077,REF000077,RBC Banking Services,Wire In - RBC Banking Services,BANK_STMT_2026_03_04
BK-S000078-B1,ACC1001,Operating Cash - CAD,2026-04-14,2026-04-14,CAD,6828.39,credit,Deposit,REF000078,REF000078,North Ridge Treasury,Deposit - North Ridge Treasury,BANK_STMT_2026_03_04
BK-S000079-B1,ACC3001,Fee Collection - CAD,2026-03-23,2026-03-23,CAD,16876.51,credit,Wire In,REF000079,REF000079,Cedar Prime LP,Wire In - Cedar Prime LP,BANK_STMT_2026_03_04
BK-S000080-B1,ACC1001,Operating Cash - CAD,2026-04-01,2026-04-01,CAD,914.71,credit,Interest,REF000080,REF000080,Summit Client Account,Interest - Summit Client Account,BANK_STMT_2026_03_04
BK-S000081-B1,ACC1002,Client Money - CAD,2026-04-03,2026-04-03,CAD,7481.98,debit,Withdrawal,REF000081,REF000081,Summit Client Account,Withdrawal - Summit Client Account,BANK_STMT_2026_03_04
BK-S000082-B1,ACC3001,Fee Collection - CAD,2026-03-21,2026-03-21,CAD,20937.54,debit,Fee,REF000082,REF000082,Cedar Prime LP,Fee - Cedar Prime LP,BANK_STMT_2026_03_04
BK-S000083-B1,ACC2002,Treasury Account - USD,2026-04-09,2026-04-09,USD,9073.52,credit,Deposit,REF000083,REF000083,Summit Client Account,Deposit - Summit Client Account,BANK_STMT_2026_03_04
BK-S000084-B1,ACC1002,Client Money - CAD,2026-03-17,2026-03-17,CAD,22127.68,debit,Fee,REF000084,REF000084,North Ridge Treasury,Fee - North Ridge Treasury,BANK_STMT_2026_03_04
BK-S000085-B1,ACC1002,Client Money - CAD,2026-03-16,2026-03-16,CAD,12725.87,credit,Wire In,REF000085,REF000085,Lakeview Partners,Wire In - Lakeview Partners,BANK_STMT_2026_03_04
BK-S000086-B1,ACC2002,Treasury Account - USD,2026-03-02,2026-03-02,USD,249.44,credit,Interest,REF000086,REF000086,Lakeview Partners,Interest - Lakeview Partners,BANK_STMT_2026_03_04
BK-S000087-B1,ACC2001,Operating Cash - USD,2026-04-05,2026-04-05,USD,11212.09,credit,Interest,REF000087,REF000087,Pinebridge Vendor Services,Interest - Pinebridge Vendor Services,BANK_STMT_2026_03_04
BK-S000088-B1,ACC2001,Operating Cash - USD,2026-03-17,2026-03-17,USD,18310.82,debit,Fee,REF000088,REF000088,Pinebridge Vendor Services,Fee - Pinebridge Vendor Services,BANK_STMT_2026_03_04
BK-S000089-B1,ACC1002,Client Money - CAD,2026-03-14,2026-03-14,CAD,7635.99,debit,Wire Out,REF000089,REF000089,North Ridge Treasury,Wire Out - North Ridge Treasury,BANK_STMT_2026_03_04
BK-S000090-B1,ACC2001,Operating Cash - USD,2026-03-24,2026-03-24,USD,1339.56,debit,Wire Out,REF000090,REF000090,Evergreen Custody,Wire Out - Evergreen Custody,BANK_STMT_2026_03_04
BK-S000091-B1,ACC3001,Fee Collection - CAD,2026-04-14,2026-04-14,CAD,16308.87,debit,Fee,REF000091,REF000091,Summit Client Account,Fee - Summit Client Account,BANK_STMT_2026_03_04
BK-S000092-B1,ACC3001,Fee Collection - CAD,2026-03-31,2026-03-31,CAD,9176.94,debit,Fee,REF000092,REF000092,Bluewater Holdings,Fee - Bluewater Holdings,BANK_STMT_2026_03_04
BK-S000093-B1,ACC1001,Operating Cash - CAD,2026-03-26,2026-03-26,CAD,14848.51,credit,Wire In,REF000093,REF000093,Bluewater Holdings,Wire In - Bluewater Holdings,BANK_STMT_2026_03_04
BK-S000094-B1,ACC2001,Operating Cash - USD,2026-03-16,2026-03-16,USD,738.00,credit,Wire In,REF000094,REF000094,Lakeview Partners,Wire In - Lakeview Partners,BANK_STMT_2026_03_04
BK-S000095-B1,ACC2002,Treasury Account - USD,2026-04-07,2026-04-07,USD,8329.13,debit,Fee,REF000095,REF000095,Bluewater Holdings,Fee - Bluewater Holdings,BANK_STMT_2026_03_04
BK-S000096-B1,ACC1002,Client Money - CAD,2026-03-14,2026-03-14,CAD,2948.50,debit,Withdrawal,REF000096,REF000096,Lakeview Partners,Withdrawal - Lakeview Partners,BANK_STMT_2026_03_04
BK-S000097-B1,ACC1002,Client Money - CAD,2026-03-27,2026-03-27,CAD,15251.47,credit,Wire In,REF000097,REF000097,North Ridge Treasury,Wire In - North Ridge Treasury,BANK_STMT_2026_03_04
BK-S000098-B1,ACC2001,Operating Cash - USD,2026-03-30,2026-03-30,USD,260.08,debit,Withdrawal,REF000098,REF000098,North Ridge Treasury,Withdrawal - North Ridge Treasury,BANK_STMT_2026_03_04
BK-S000099-B1,ACC1002,Client Money - CAD,2026-03-08,2026-03-08,CAD,16543.23,credit,Interest,REF000099,REF000099,North Ridge Treasury,Interest - North Ridge Treasury,BANK_STMT_2026_03_04
BK-S000100-B1,ACC1002,Client Money - CAD,2026-04-08,2026-04-08,CAD,14660.97,debit,Fee,REF000100,REF000100,North Ridge Treasury,Fee - North Ridge Treasury,BANK_STMT_2026_03_04
BK-S000101-B1,ACC2001,Operating Cash - USD,2026-03-26,2026-03-26,USD,13011.33,debit,Withdrawal,REF000101,REF000101,Summit Client Account,Withdrawal - Summit Client Account,BANK_STMT_2026_03_04
BK-S000102-B1,ACC1001,Operating Cash - CAD,2026-03-21,2026-03-21,CAD,1620.76,credit,Interest,REF000102,REF000102,Lakeview Partners,Interest - Lakeview Partners,BANK_STMT_2026_03_04
BK-S000103-B1,ACC3001,Fee Collection - CAD,2026-04-13,2026-04-13,CAD,14829.93,credit,Wire In,REF000103,REF000103,Evergreen Custody,Wire In - Evergreen Custody,BANK_STMT_2026_03_04
BK-S000104-B1,ACC2002,Treasury Account - USD,2026-03-12,2026-03-12,USD,11461.24,debit,Fee,REF000104,REF000104,Summit Client Account,Fee - Summit Client Account,BANK_STMT_2026_03_04
BK-S000105-B1,ACC2002,Treasury Account - USD,2026-03-21,2026-03-21,USD,21585.59,debit,Fee,REF000105,REF000105,Pinebridge Vendor Services,Fee - Pinebridge Vendor Services,BANK_STMT_2026_03_04
BK-S000106-B1,ACC2001,Operating Cash - USD,2026-03-26,2026-03-26,USD,14202.32,debit,Withdrawal,REF000106,REF000106,Summit Client Account,Withdrawal - Summit Client Account,BANK_STMT_2026_03_04
BK-S000107-B1,ACC2001,Operating Cash - USD,2026-03-26,2026-03-26,USD,20798.25,credit,Wire In,REF000107,REF000107,Bluewater Holdings,Wire In - Bluewater Holdings,BANK_STMT_2026_03_04
BK-S000108-B1,ACC2002,Treasury Account - USD,2026-03-04,2026-03-04,USD,9682.70,credit,Interest,REF000108,REF000108,Summit Client Account,Interest - Summit Client Account,BANK_STMT_2026_03_04
BK-S000109-B1,ACC1002,Client Money - CAD,2026-04-05,2026-04-05,CAD,309.23,debit,Fee,REF000109,REF000109,Summit Client Account,Fee - Summit Client Account,BANK_STMT_2026_03_04
BK-S000110-B1,ACC3001,Fee Collection - CAD,2026-04-15,2026-04-15,CAD,14220.14,debit,Wire Out,REF000110,REF000110,RBC Banking Services,Wire Out - RBC Banking Services,BANK_STMT_2026_03_04
BK-S000111-B1,ACC2002,Treasury Account - USD,2026-04-11,2026-04-11,USD,12961.01,credit,Wire In,REF000111,REF000111,North Ridge Treasury,Wire In - North Ridge Treasury,BANK_STMT_2026_03_04
BK-S000112-B1,ACC2002,Treasury Account - USD,2026-03-31,2026-03-31,USD,14230.36,credit,Interest,REF000112,REF000112,RBC Banking Services,Interest - RBC Banking Services,BANK_STMT_2026_03_04
BK-S000113-B1,ACC1002,Client Money - CAD,2026-03-18,2026-03-18,CAD,21505.90,credit,Wire In,REF000113,REF000113,Pinebridge Vendor Services,Wire In - Pinebridge Vendor Services,BANK_STMT_2026_03_04
BK-S000114-B1,ACC2001,Operating Cash - USD,2026-03-20,2026-03-20,USD,14918.16,debit,Withdrawal,REF000114,REF000114,Summit Client Account,Withdrawal - Summit Client Account,BANK_STMT_2026_03_04
BK-S000115-B1,ACC2002,Treasury Account - USD,2026-03-22,2026-03-22,USD,14042.32,debit,Fee,REF000115,REF000115,Summit Client Account,Fee - Summit Client Account,BANK_STMT_2026_03_04
BK-S000116-B1,ACC1002,Client Money - CAD,2026-03-25,2026-03-25,CAD,19613.07,credit,Deposit,REF000116,REF000116,Bluewater Holdings,Deposit - Bluewater Holdings,BANK_STMT_2026_03_04
BK-S000117-B1,ACC2002,Treasury Account - USD,2026-04-12,2026-04-12,USD,16648.46,credit,Interest,REF000117,REF000117,Evergreen Custody,Interest - Evergreen Custody,BANK_STMT_2026_03_04
BK-S000118-B1,ACC3001,Fee Collection - CAD,2026-03-22,2026-03-22,CAD,21980.57,credit,Deposit,REF000118,REF000118,Summit Client Account,Deposit - Summit Client Account,BANK_STMT_2026_03_04
BK-S000119-B1,ACC1001,Operating Cash - CAD,2026-03-10,2026-03-10,CAD,16714.75,debit,Withdrawal,REF000119,REF000119,Evergreen Custody,Withdrawal - Evergreen Custody,BANK_STMT_2026_03_04
BK-S000120-B1,ACC2001,Operating Cash - USD,2026-04-14,2026-04-14,USD,2927.57,credit,Deposit,REF000120,REF000120,Pinebridge Vendor Services,Deposit - Pinebridge Vendor Services,BANK_STMT_2026_03_04
BK-S000121-B1,ACC2002,Treasury Account - USD,2026-04-10,2026-04-10,USD,19225.64,debit,Fee,REF000121,REF000121,Bluewater Holdings,Fee - Bluewater Holdings,BANK_STMT_2026_03_04
BK-S000122-B1,ACC2001,Operating Cash - USD,2026-03-06,2026-03-06,USD,3362.64,debit,Wire Out,REF000122,REF000122,Cedar Prime LP,Wire Out - Cedar Prime LP,BANK_STMT_2026_03_04
BK-S000123-B1,ACC2001,Operating Cash - USD,2026-03-03,2026-03-03,USD,2346.86,credit,Wire In,REF000123,REF000123,Pinebridge Vendor Services,Wire In - Pinebridge Vendor Services,BANK_STMT_2026_03_04
BK-S000124-B1,ACC1002,Client Money - CAD,2026-03-27,2026-03-27,CAD,20020.47,credit,Deposit,REF000124,REF000124,Evergreen Custody,Deposit - Evergreen Custody,BANK_STMT_2026_03_04
BK-S000125-B1,ACC2002,Treasury Account - USD,2026-04-13,2026-04-13,USD,22907.90,credit,Deposit,REF000125,REF000125,Evergreen Custody,Deposit - Evergreen Custody,BANK_STMT_2026_03_04
BK-S000126-B1,ACC2001,Operating Cash - USD,2026-03-17,2026-03-17,USD,22573.80,credit,Interest,REF000126,REF000126,Summit Client Account,Interest - Summit Client Account,BANK_STMT_2026_03_04
BK-S000127-B1,ACC1002,Client Money - CAD,2026-03-29,2026-03-29,CAD,24703.64,credit,Wire In,REF000127,REF000127,North Ridge Treasury,Wire In - North Ridge Treasury,BANK_STMT_2026_03_04
BK-S000128-B1,ACC2001,Operating Cash - USD,2026-03-20,2026-03-20,USD,10232.64,credit,Interest,REF000128,REF000128,Summit Client Account,Interest - Summit Client Account,BANK_STMT_2026_03_04
BK-S000129-B1,ACC3001,Fee Collection - CAD,2026-04-06,2026-04-06,CAD,17782.70,debit,Fee,REF000129,REF000129,Bluewater Holdings,Fee - Bluewater Holdings,BANK_STMT_2026_03_04
BK-S000130-B1,ACC1001,Operating Cash - CAD,2026-04-13,2026-04-13,CAD,24366.47,credit,Deposit,REF000130,REF000130,Summit Client Account,Deposit - Summit Client Account,BANK_STMT_2026_03_04
BK-S000131-B1,ACC3001,Fee Collection - CAD,2026-03-15,2026-03-15,CAD,15901.39,debit,Fee,REF000131,REF000131,Evergreen Custody,Fee - Evergreen Custody,BANK_STMT_2026_03_04
BK-S000132-B1,ACC1001,Operating Cash - CAD,2026-03-29,2026-03-29,CAD,378.38,debit,Fee,REF000132,REF000132,Evergreen Custody,Fee - Evergreen Custody,BANK_STMT_2026_03_04
BK-S000133-B1,ACC2002,Treasury Account - USD,2026-03-13,2026-03-13,USD,535.47,debit,Wire Out,REF000133,REF000133,Pinebridge Vendor Services,Wire Out - Pinebridge Vendor Services,BANK_STMT_2026_03_04
BK-S000134-B1,ACC1002,Client Money - CAD,2026-03-31,2026-03-31,CAD,8083.39,debit,Fee,REF000134,REF000134,Pinebridge Vendor Services,Fee - Pinebridge Vendor Services,BANK_STMT_2026_03_04
BK-S000135-B1,ACC1002,Client Money - CAD,2026-04-13,2026-04-13,CAD,24518.61,debit,Wire Out,REF000135,REF000135,Pinebridge Vendor Services,Wire Out - Pinebridge Vendor Services,BANK_STMT_2026_03_04
BK-S000136-B1,ACC1001,Operating Cash - CAD,2026-04-04,2026-04-04,CAD,381.73,debit,Fee,REF000136,REF000136,North Ridge Treasury,Fee - North Ridge Treasury,BANK_STMT_2026_03_04
BK-S000137-B1,ACC2001,Operating Cash - USD,2026-04-13,2026-04-13,USD,1600.59,credit,Wire In,REF000137,REF000137,Pinebridge Vendor Services,Wire In - Pinebridge Vendor Services,BANK_STMT_2026_03_04
BK-S000138-B1,ACC1001,Operating Cash - CAD,2026-03-30,2026-03-30,CAD,8252.56,debit,Withdrawal,REF000138,REF000138,RBC Banking Services,Withdrawal - RBC Banking Services,BANK_STMT_2026_03_04
BK-S000139-B1,ACC1001,Operating Cash - CAD,2026-04-01,2026-04-01,CAD,261.32,debit,Fee,REF000139,REF000139,Evergreen Custody,Fee - Evergreen Custody,BANK_STMT_2026_03_04
BK-S000140-B1,ACC3001,Fee Collection - CAD,2026-04-07,2026-04-07,CAD,4708.55,credit,Interest,REF000140,REF000140,RBC Banking Services,Interest - RBC Banking Services,BANK_STMT_2026_03_04
BK-S000141-B1,ACC3001,Fee Collection - CAD,2026-03-18,2026-03-18,CAD,383.48,credit,Interest,REF000141,REF000141,Summit Client Account,Interest - Summit Client Account,BANK_STMT_2026_03_04
BK-S000142-B1,ACC1001,Operating Cash - CAD,2026-03-24,2026-03-24,CAD,24468.22,debit,Withdrawal,REF000142,REF000142,Pinebridge Vendor Services,Withdrawal - Pinebridge Vendor Services,BANK_STMT_2026_03_04
BK-S000143-B1,ACC1002,Client Money - CAD,2026-03-30,2026-03-30,CAD,240.90,credit,Wire In,REF000143,REF000143,Bluewater Holdings,Wire In - Bluewater Holdings,BANK_STMT_2026_03_04
BK-S000144-B1,ACC1002,Client Money - CAD,2026-04-06,2026-04-06,CAD,20915.63,debit,Wire Out,REF000144,REF000144,Lakeview Partners,Wire Out - Lakeview Partners,BANK_STMT_2026_03_04
BK-S000145-B1,ACC2001,Operating Cash - USD,2026-04-08,2026-04-08,USD,822.57,debit,Wire Out,REF000145,REF000145,Evergreen Custody,Wire Out - Evergreen Custody,BANK_STMT_2026_03_04
BK-S000146-B1,ACC1002,Client Money - CAD,2026-04-12,2026-04-12,CAD,4163.28,credit,Wire In,REF000146,REF000146,Pinebridge Vendor Services,Wire In - Pinebridge Vendor Services,BANK_STMT_2026_03_04
BK-S000147-B1,ACC1001,Operating Cash - CAD,2026-03-17,2026-03-17,CAD,717.55,debit,Wire Out,REF000147,REF000147,Cedar Prime LP,Wire Out - Cedar Prime LP,BANK_STMT_2026_03_04
BK-S000148-B1,ACC2002,Treasury Account - USD,2026-04-02,2026-04-02,USD,11848.13,debit,Fee,REF000148,REF000148,Lakeview Partners,Fee - Lakeview Partners,BANK_STMT_2026_03_04
BK-S000149-B1,ACC3001,Fee Collection - CAD,2026-03-30,2026-03-30,CAD,1747.62,debit,Fee,REF000149,REF000149,Summit Client Account,Fee - Summit Client Account,BANK_STMT_2026_03_04
BK-S000150-B1,ACC1001,Operating Cash - CAD,2026-04-15,2026-04-15,CAD,2763.78,credit,Interest,REF000150,REF000150,Cedar Prime LP,Interest - Cedar Prime LP,BANK_STMT_2026_03_04
BK-S000151-B1,ACC1001,Operating Cash - CAD,2026-03-18,2026-03-18,CAD,15048.75,debit,Wire Out,REF000151,REF000151,Pinebridge Vendor Services,Wire Out - Pinebridge Vendor Services,BANK_STMT_2026_03_04
BK-S000152-B1,ACC2001,Operating Cash - USD,2026-04-02,2026-04-02,USD,3380.28,credit,Interest,REF000152,REF000152,Cedar Prime LP,Interest - Cedar Prime LP,BANK_STMT_2026_03_04
BK-S000153-B1,ACC1002,Client Money - CAD,2026-03-29,2026-03-29,CAD,10931.53,credit,Interest,REF000153,REF000153,Summit Client Account,Interest - Summit Client Account,BANK_STMT_2026_03_04
BK-S000154-B1,ACC1001,Operating Cash - CAD,2026-03-28,2026-03-28,CAD,7117.36,debit,Fee,REF000154,REF000154,Evergreen Custody,Fee - Evergreen Custody,BANK_STMT_2026_03_04
BK-S000155-B1,ACC1001,Operating Cash - CAD,2026-03-06,2026-03-06,CAD,18870.14,credit,Wire In,REF000155,REF000155,Pinebridge Vendor Services,Wire In - Pinebridge Vendor Services,BANK_STMT_2026_03_04
BK-S000156-B1,ACC3001,Fee Collection - CAD,2026-04-05,2026-04-05,CAD,3933.55,credit,Deposit,REF000156,REF000156,Pinebridge Vendor Services,Deposit - Pinebridge Vendor Services,BANK_STMT_2026_03_04
BK-S000157-B1,ACC1001,Operating Cash - CAD,2026-04-08,2026-04-08,CAD,3486.41,debit,Fee,REF000157,REF000157,Lakeview Partners,Fee - Lakeview Partners,BANK_STMT_2026_03_04
BK-S000158-B1,ACC1002,Client Money - CAD,2026-03-23,2026-03-23,CAD,9821.47,credit,Wire In,REF000158,REF000158,North Ridge Treasury,Wire In - North Ridge Treasury,BANK_STMT_2026_03_04
BK-S000159-B1,ACC3001,Fee Collection - CAD,2026-04-09,2026-04-09,CAD,14361.75,credit,Deposit,REF000159,REF000159,North Ridge Treasury,Deposit - North Ridge Treasury,BANK_STMT_2026_03_04
BK-S000160-B1,ACC2001,Operating Cash - USD,2026-03-23,2026-03-23,USD,832.88,debit,Fee,REF000160,REF000160,RBC Banking Services,Fee - RBC Banking Services,BANK_STMT_2026_03_04
BK-S000161-B1,ACC1001,Operating Cash - CAD,2026-04-03,2026-04-03,CAD,11075.98,credit,Wire In,REF000161,REF000161,Pinebridge Vendor Services,Wire In - Pinebridge Vendor Services,BANK_STMT_2026_03_04
BK-S000162-B1,ACC2001,Operating Cash - USD,2026-04-08,2026-04-08,USD,97.35,credit,Deposit,REF000162,REF000162,Evergreen Custody,Deposit - Evergreen Custody,BANK_STMT_2026_03_04
BK-S000163-B1,ACC1001,Operating Cash - CAD,2026-03-29,2026-03-29,CAD,12655.88,debit,Fee,REF000163,REF000163,Summit Client Account,Fee - Summit Client Account,BANK_STMT_2026_03_04
BK-S000164-B1,ACC3001,Fee Collection - CAD,2026-03-23,2026-03-23,CAD,7797.92,credit,Wire In,REF000164,REF000164,Summit Client Account,Wire In - Summit Client Account,BANK_STMT_2026_03_04
BK-S000165-B1,ACC1001,Operating Cash - CAD,2026-03-26,2026-03-26,CAD,2314.77,debit,Wire Out,REF000165,REF000165,Lakeview Partners,Wire Out - Lakeview Partners,BANK_STMT_2026_03_04
BK-S000166-B1,ACC2001,Operating Cash - USD,2026-03-21,2026-03-21,USD,497.65,debit,Fee,REF000166,REF000166,RBC Banking Services,Fee - RBC Banking Services,BANK_STMT_2026_03_04
BK-S000167-B1,ACC3001,Fee Collection - CAD,2026-03-15,2026-03-15,CAD,21000.50,debit,Withdrawal,REF000167,REF000167,Pinebridge Vendor Services,Withdrawal - Pinebridge Vendor Services,BANK_STMT_2026_03_04
BK-S000168-B1,ACC1001,Operating Cash - CAD,2026-03-02,2026-03-02,CAD,2868.70,credit,Interest,REF000168,REF000168,Pinebridge Vendor Services,Interest - Pinebridge Vendor Services,BANK_STMT_2026_03_04
BK-S000169-B1,ACC2002,Treasury Account - USD,2026-04-10,2026-04-10,USD,3764.16,debit,Withdrawal,REF000169,REF000169,Bluewater Holdings,Withdrawal - Bluewater Holdings,BANK_STMT_2026_03_04
BK-S000170-B1,ACC2002,Treasury Account - USD,2026-03-24,2026-03-24,USD,810.04,debit,Withdrawal,REF000170,REF000170,Lakeview Partners,Withdrawal - Lakeview Partners,BANK_STMT_2026_03_04
BK-S000171-B1,ACC3001,Fee Collection - CAD,2026-03-26,2026-03-26,CAD,18899.32,credit,Wire In,REF000171,REF000171,Lakeview Partners,Wire In - Lakeview Partners,BANK_STMT_2026_03_04
BK-S000172-B1,ACC1001,Operating Cash - CAD,2026-04-10,2026-04-10,CAD,508.96,credit,Deposit,REF000172,REF000172,Pinebridge Vendor Services,Deposit - Pinebridge Vendor Services,BANK_STMT_2026_03_04
BK-S000173-B1,ACC1002,Client Money - CAD,2026-03-07,2026-03-07,CAD,227.54,debit,Wire Out,REF000173,REF000173,Evergreen Custody,Wire Out - Evergreen Custody,BANK_STMT_2026_03_04
BK-S000174-B1,ACC2002,Treasury Account - USD,2026-04-06,2026-04-06,USD,11773.73,credit,Interest,REF000174,REF000174,Pinebridge Vendor Services,Interest - Pinebridge Vendor Services,BANK_STMT_2026_03_04
BK-S000175-B1,ACC2002,Treasury Account - USD,2026-03-31,2026-03-31,USD,8267.69,credit,Wire In,REF000175,REF000175,North Ridge Treasury,Wire In - North Ridge Treasury,BANK_STMT_2026_03_04
BK-S000176-B1,ACC3001,Fee Collection - CAD,2026-03-20,2026-03-20,CAD,1902.57,credit,Wire In,REF000176,REF000176,Pinebridge Vendor Services,Wire In - Pinebridge Vendor Services,BANK_STMT_2026_03_04
BK-S000177-B1,ACC1001,Operating Cash - CAD,2026-04-08,2026-04-08,CAD,12105.08,credit,Deposit,REF000177,REF000177,Bluewater Holdings,Deposit - Bluewater Holdings,BANK_STMT_2026_03_04
BK-S000178-B1,ACC1002,Client Money - CAD,2026-04-08,2026-04-08,CAD,4620.67,debit,Fee,REF000178,REF000178,Bluewater Holdings,Fee - Bluewater Holdings,BANK_STMT_2026_03_04
BK-S000179-B1,ACC1001,Operating Cash - CAD,2026-04-11,2026-04-11,CAD,6945.85,credit,Deposit,REF000179,REF000179,Summit Client Account,Deposit - Summit Client Account,BANK_STMT_2026_03_04
BK-S000180-B1,ACC3001,Fee Collection - CAD,2026-03-24,2026-03-24,CAD,7789.45,debit,Wire Out,REF000180,REF000180,RBC Banking Services,Wire Out - RBC Banking Services,BANK_STMT_2026_03_04
BK-S000181-B1,ACC1001,Operating Cash - CAD,2026-04-11,2026-04-11,CAD,8912.58,debit,Withdrawal,REF000181,REF000181,RBC Banking Services,Withdrawal - RBC Banking Services,BANK_STMT_2026_03_04
BK-S000182-B1,ACC3001,Fee Collection - CAD,2026-03-22,2026-03-22,CAD,647.25,debit,Wire Out,REF000182,REF000182,Pinebridge Vendor Services,Wire Out - Pinebridge Vendor Services,BANK_STMT_2026_03_04
BK-S000183-B1,ACC2002,Treasury Account - USD,2026-04-08,2026-04-08,USD,3033.26,debit,Wire Out,REF000183,REF000183,RBC Banking Services,Wire Out - RBC Banking Services,BANK_STMT_2026_03_04
BK-S000184-B1,ACC1002,Client Money - CAD,2026-04-14,2026-04-14,CAD,18730.59,debit,Withdrawal,REF000184,REF000184,Cedar Prime LP,Withdrawal - Cedar Prime LP,BANK_STMT_2026_03_04
BK-S000185-B1,ACC3001,Fee Collection - CAD,2026-03-02,2026-03-02,CAD,5326.31,debit,Fee,REF000185,REF000185,Lakeview Partners,Fee - Lakeview Partners,BANK_STMT_2026_03_04
BK-S000186-B1,ACC1002,Client Money - CAD,2026-03-09,2026-03-09,CAD,8099.01,debit,Wire Out,REF000186,REF000186,Cedar Prime LP,Wire Out - Cedar Prime LP,BANK_STMT_2026_03_04
BK-S000187-B1,ACC3001,Fee Collection - CAD,2026-04-12,2026-04-12,CAD,19391.38,credit,Wire In,REF000187,REF000187,Evergreen Custody,Wire In - Evergreen Custody,BANK_STMT_2026_03_04
BK-S000188-B1,ACC1002,Client Money - CAD,2026-04-14,2026-04-14,CAD,20417.05,debit,Wire Out,REF000188,REF000188,Evergreen Custody,Wire Out - Evergreen Custody,BANK_STMT_2026_03_04
BK-S000189-B1,ACC2002,Treasury Account - USD,2026-04-13,2026-04-13,USD,24270.13,debit,Fee,REF000189,REF000189,North Ridge Treasury,Fee - North Ridge Treasury,BANK_STMT_2026_03_04
BK-S000190-B1,ACC1002,Client Money - CAD,2026-03-16,2026-03-16,CAD,20406.97,credit,Deposit,REF000190,REF000190,Summit Client Account,Deposit - Summit Client Account,BANK_STMT_2026_03_04
BK-S000191-B1,ACC3001,Fee Collection - CAD,2026-03-30,2026-03-30,CAD,19674.98,credit,Interest,REF000191,REF000191,RBC Banking Services,Interest - RBC Banking Services,BANK_STMT_2026_03_04
BK-S000192-B1,ACC3001,Fee Collection - CAD,2026-03-17,2026-03-17,CAD,482.53,debit,Wire Out,REF000192,REF000192,Pinebridge Vendor Services,Wire Out - Pinebridge Vendor Services,BANK_STMT_2026_03_04
BK-S000193-B1,ACC3001,Fee Collection - CAD,2026-03-19,2026-03-19,CAD,194.28,credit,Wire In,REF000193,REF000193,Summit Client Account,Wire In - Summit Client Account,BANK_STMT_2026_03_04
BK-S000194-B1,ACC1001,Operating Cash - CAD,2026-03-29,2026-03-29,CAD,23331.33,debit,Wire Out,REF000194,REF000194,RBC Banking Services,Wire Out - RBC Banking Services,BANK_STMT_2026_03_04
BK-S000195-B1,ACC2001,Operating Cash - USD,2026-03-25,2026-03-25,USD,9997.90,debit,Wire Out,REF000195,REF000195,Bluewater Holdings,Wire Out - Bluewater Holdings,BANK_STMT_2026_03_04
BK-S000196-B1,ACC2001,Operating Cash - USD,2026-03-09,2026-03-09,USD,875.66,debit,Wire Out,REF000196,REF000196,Summit Client Account,Wire Out - Summit Client Account,BANK_STMT_2026_03_04
BK-S000197-B1,ACC2002,Treasury Account - USD,2026-04-09,2026-04-09,USD,121.30,credit,Interest,REF000197,REF000197,North Ridge Treasury,Interest - North Ridge Treasury,BANK_STMT_2026_03_04
BK-S000198-B1,ACC3001,Fee Collection - CAD,2026-04-08,2026-04-08,CAD,3668.48,debit,Withdrawal,REF000198,REF000198,North Ridge Treasury,Withdrawal - North Ridge Treasury,BANK_STMT_2026_03_04
BK-S000199-B1,ACC1001,Operating Cash - CAD,2026-03-27,2026-03-27,CAD,15947.45,debit,Wire Out,REF000199,REF000199,Cedar Prime LP,Wire Out - Cedar Prime LP,BANK_STMT_2026_03_04
BK-S000200-B1,ACC3001,Fee Collection - CAD,2026-03-02,2026-03-02,CAD,14801.14,credit,Deposit,REF000200,REF000200,Evergreen Custody,Deposit - Evergreen Custody,BANK_STMT_2026_03_04
BK-S000201-B1,ACC3001,Fee Collection - CAD,2026-03-16,2026-03-16,CAD,5495.53,debit,Fee,REF000201,REF000201,Cedar Prime LP,Fee - Cedar Prime LP,BANK_STMT_2026_03_04
BK-S000202-B1,ACC3001,Fee Collection - CAD,2026-04-02,2026-04-02,CAD,13182.94,credit,Deposit,REF000202,REF000202,Bluewater Holdings,Deposit - Bluewater Holdings,BANK_STMT_2026_03_04
BK-S000203-B1,ACC1001,Operating Cash - CAD,2026-03-25,2026-03-25,CAD,7087.61,debit,Withdrawal,REF000203,REF000203,Bluewater Holdings,Withdrawal - Bluewater Holdings,BANK_STMT_2026_03_04
BK-S000204-B1,ACC2001,Operating Cash - USD,2026-04-12,2026-04-12,USD,19516.03,debit,Wire Out,REF000204,REF000204,Pinebridge Vendor Services,Wire Out - Pinebridge Vendor Services,BANK_STMT_2026_03_04
BK-S000205-B1,ACC3001,Fee Collection - CAD,2026-04-11,2026-04-11,CAD,19699.42,debit,Fee,REF000205,REF000205,Summit Client Account,Fee - Summit Client Account,BANK_STMT_2026_03_04
BK-S000206-B1,ACC1002,Client Money - CAD,2026-03-05,2026-03-05,CAD,23646.52,debit,Wire Out,REF000206,REF000206,Bluewater Holdings,Wire Out - Bluewater Holdings,BANK_STMT_2026_03_04
BK-S000207-B1,ACC1002,Client Money - CAD,2026-03-21,2026-03-21,CAD,13369.21,credit,Wire In,REF000207,REF000207,Summit Client Account,Wire In - Summit Client Account,BANK_STMT_2026_03_04
BK-S000208-B1,ACC1002,Client Money - CAD,2026-03-23,2026-03-23,CAD,2147.30,debit,Fee,REF000208,REF000208,Pinebridge Vendor Services,Fee - Pinebridge Vendor Services,BANK_STMT_2026_03_04
BK-S000209-B1,ACC2002,Treasury Account - USD,2026-03-29,2026-03-29,USD,10279.47,credit,Interest,REF000209,REF000209,Evergreen Custody,Interest - Evergreen Custody,BANK_STMT_2026_03_04
BK-S000210-B1,ACC2001,Operating Cash - USD,2026-03-18,2026-03-18,USD,18449.95,credit,Deposit,REF000210,REF000210,Cedar Prime LP,Deposit - Cedar Prime LP,BANK_STMT_2026_03_04
BK-S000211-B1,ACC3001,Fee Collection - CAD,2026-03-21,2026-03-21,CAD,345.13,debit,Fee,REF000211,REF000211,North Ridge Treasury,Fee - North Ridge Treasury,BANK_STMT_2026_03_04
BK-S000212-B1,ACC2002,Treasury Account - USD,2026-04-14,2026-04-14,USD,11731.11,debit,Wire Out,REF000212,REF000212,Pinebridge Vendor Services,Wire Out - Pinebridge Vendor Services,BANK_STMT_2026_03_04
BK-S000213-B1,ACC1001,Operating Cash - CAD,2026-04-12,2026-04-12,CAD,9719.47,credit,Wire In,REF000213,REF000213,Evergreen Custody,Wire In - Evergreen Custody,BANK_STMT_2026_03_04
BK-S000214-B1,ACC2002,Treasury Account - USD,2026-03-09,2026-03-09,USD,750.66,credit,Wire In,REF000214,REF000214,Pinebridge Vendor Services,Wire In - Pinebridge Vendor Services,BANK_STMT_2026_03_04
BK-S000215-B1,ACC1001,Operating Cash - CAD,2026-03-10,2026-03-10,CAD,23771.76,credit,Deposit,REF000215,REF000215,Pinebridge Vendor Services,Deposit - Pinebridge Vendor Services,BANK_STMT_2026_03_04
BK-S000216-B1,ACC3001,Fee Collection - CAD,2026-04-03,2026-04-03,CAD,8545.25,debit,Wire Out,REF000216,REF000216,North Ridge Treasury,Wire Out - North Ridge Treasury,BANK_STMT_2026_03_04
BK-S000217-B1,ACC1002,Client Money - CAD,2026-04-03,2026-04-03,CAD,14480.15,credit,Interest,REF000217,REF000217,North Ridge Treasury,Interest - North Ridge Treasury,BANK_STMT_2026_03_04
BK-S000218-B1,ACC1002,Client Money - CAD,2026-03-19,2026-03-19,CAD,24967.09,credit,Deposit,REF000218,REF000218,Lakeview Partners,Deposit - Lakeview Partners,BANK_STMT_2026_03_04
BK-S000219-B1,ACC2002,Treasury Account - USD,2026-04-15,2026-04-15,USD,3106.98,debit,Wire Out,REF000219,REF000219,Pinebridge Vendor Services,Wire Out - Pinebridge Vendor Services,BANK_STMT_2026_03_04
BK-S000220-B1,ACC1001,Operating Cash - CAD,2026-04-04,2026-04-04,CAD,8198.96,credit,Deposit,REF000220,REF000220,Evergreen Custody,Deposit - Evergreen Custody,BANK_STMT_2026_03_04
BK-S000221-B1,ACC1002,Client Money - CAD,2026-04-02,2026-04-02,CAD,24643.18,debit,Fee,REF000221,REF000221,Evergreen Custody,Fee - Evergreen Custody,BANK_STMT_2026_03_04
BK-S000222-B1,ACC1001,Operating Cash - CAD,2026-04-05,2026-04-05,CAD,12217.74,debit,Fee,REF000222,REF000222,Evergreen Custody,Fee - Evergreen Custody,BANK_STMT_2026_03_04
BK-S000223-B1,ACC2001,Operating Cash - USD,2026-04-15,2026-04-15,USD,13616.70,credit,Interest,REF000223,REF000223,RBC Banking Services,Interest - RBC Banking Services,BANK_STMT_2026_03_04
BK-S000224-B1,ACC2001,Operating Cash - USD,2026-03-05,2026-03-05,USD,17322.62,debit,Withdrawal,REF000224,REF000224,Pinebridge Vendor Services,Withdrawal - Pinebridge Vendor Services,BANK_STMT_2026_03_04
BK-S000225-B1,ACC3001,Fee Collection - CAD,2026-03-09,2026-03-09,CAD,22857.09,debit,Wire Out,REF000225,REF000225,Bluewater Holdings,Wire Out - Bluewater Holdings,BANK_STMT_2026_03_04
BK-S000226-B1,ACC2001,Operating Cash - USD,2026-03-11,2026-03-11,USD,18023.97,debit,Wire Out,REF000226,REF000226,Pinebridge Vendor Services,Wire Out - Pinebridge Vendor Services,BANK_STMT_2026_03_04
BK-S000227-B1,ACC2001,Operating Cash - USD,2026-04-10,2026-04-10,USD,7586.82,debit,Wire Out,REF000227,REF000227,North Ridge Treasury,Wire Out - North Ridge Treasury,BANK_STMT_2026_03_04
BK-S000228-B1,ACC3001,Fee Collection - CAD,2026-03-11,2026-03-11,CAD,14935.52,debit,Withdrawal,REF000228,REF000228,Evergreen Custody,Withdrawal - Evergreen Custody,BANK_STMT_2026_03_04
BK-S000229-B1,ACC3001,Fee Collection - CAD,2026-04-06,2026-04-06,CAD,827.40,debit,Fee,REF000229,REF000229,Cedar Prime LP,Fee - Cedar Prime LP,BANK_STMT_2026_03_04
BK-S000230-B1,ACC2001,Operating Cash - USD,2026-03-14,2026-03-14,USD,10998.08,debit,Withdrawal,REF000230,REF000230,Bluewater Holdings,Withdrawal - Bluewater Holdings,BANK_STMT_2026_03_04
BK-S000231-B1,ACC2001,Operating Cash - USD,2026-03-20,2026-03-20,USD,20312.52,debit,Withdrawal,REF000231,REF000231,RBC Banking Services,Withdrawal - RBC Banking Services,BANK_STMT_2026_03_04
BK-S000232-B1,ACC1001,Operating Cash - CAD,2026-03-29,2026-03-29,CAD,12146.61,debit,Wire Out,REF000232,REF000232,Pinebridge Vendor Services,Wire Out - Pinebridge Vendor Services,BANK_STMT_2026_03_04
BK-S000233-B1,ACC2001,Operating Cash - USD,2026-03-23,2026-03-23,USD,4138.39,debit,Withdrawal,REF000233,REF000233,Pinebridge Vendor Services,Withdrawal - Pinebridge Vendor Services,BANK_STMT_2026_03_04
BK-S000234-B1,ACC2001,Operating Cash - USD,2026-03-30,2026-03-30,USD,454.64,debit,Wire Out,REF000234,REF000234,Evergreen Custody,Wire Out - Evergreen Custody,BANK_STMT_2026_03_04
BK-S000235-B1,ACC2002,Treasury Account - USD,2026-03-27,2026-03-27,USD,21767.38,credit,Deposit,REF000235,REF000235,Evergreen Custody,Deposit - Evergreen Custody,BANK_STMT_2026_03_04
BK-S000236-B1,ACC2001,Operating Cash - USD,2026-03-11,2026-03-11,USD,13353.40,debit,Wire Out,REF000236,REF000236,Summit Client Account,Wire Out - Summit Client Account,BANK_STMT_2026_03_04
BK-S000237-B1,ACC1001,Operating Cash - CAD,2026-04-02,2026-04-02,CAD,6777.49,credit,Interest,REF000237,REF000237,Pinebridge Vendor Services,Interest - Pinebridge Vendor Services,BANK_STMT_2026_03_04
BK-S000238-B1,ACC2002,Treasury Account - USD,2026-04-11,2026-04-11,USD,7857.96,credit,Deposit,REF000238,REF000238,Bluewater Holdings,Deposit - Bluewater Holdings,BANK_STMT_2026_03_04
BK-S000239-B1,ACC2001,Operating Cash - USD,2026-03-24,2026-03-24,USD,9782.50,debit,Withdrawal,REF000239,REF000239,RBC Banking Services,Withdrawal - RBC Banking Services,BANK_STMT_2026_03_04
BK-S000240-B1,ACC1002,Client Money - CAD,2026-04-05,2026-04-05,CAD,10272.37,debit,Fee,REF000240,REF000240,Summit Client Account,Fee - Summit Client Account,BANK_STMT_2026_03_04
BK-S000241-B1,ACC3001,Fee Collection - CAD,2026-03-09,2026-03-09,CAD,10453.69,credit,Wire In,REF000241,REF000241,Pinebridge Vendor Services,Wire In - Pinebridge Vendor Services,BANK_STMT_2026_03_04
BK-S000242-B1,ACC1002,Client Money - CAD,2026-04-02,2026-04-02,CAD,1966.12,credit,Deposit,REF000242,REF000242,Bluewater Holdings,Deposit - Bluewater Holdings,BANK_STMT_2026_03_04
BK-S000243-B1,ACC2002,Treasury Account - USD,2026-03-30,2026-03-30,USD,853.82,credit,Deposit,REF000243,REF000243,Evergreen Custody,Deposit - Evergreen Custody,BANK_STMT_2026_03_04
BK-S000244-B1,ACC1002,Client Money - CAD,2026-04-09,2026-04-09,CAD,8181.62,credit,Interest,REF000244,REF000244,Pinebridge Vendor Services,Interest - Pinebridge Vendor Services,BANK_STMT_2026_03_04
BK-S000245-B1,ACC3001,Fee Collection - CAD,2026-04-15,2026-04-15,CAD,12397.42,credit,Interest,REF000245,REF000245,Bluewater Holdings,Interest - Bluewater Holdings,BANK_STMT_2026_03_04
BK-S000246-B1,ACC1001,Operating Cash - CAD,2026-04-07,2026-04-07,CAD,22570.41,credit,Interest,REF000246,REF000246,Bluewater Holdings,Interest - Bluewater Holdings,BANK_STMT_2026_03_04
BK-S000247-B1,ACC3001,Fee Collection - CAD,2026-03-15,2026-03-15,CAD,15004.56,credit,Deposit,REF000247,REF000247,Evergreen Custody,Deposit - Evergreen Custody,BANK_STMT_2026_03_04
BK-S000248-B1,ACC3001,Fee Collection - CAD,2026-03-10,2026-03-10,CAD,6812.72,credit,Interest,REF000248,REF000248,Cedar Prime LP,Interest - Cedar Prime LP,BANK_STMT_2026_03_04
BK-S000249-B1,ACC2001,Operating Cash - USD,2026-03-10,2026-03-10,USD,5893.40,credit,Interest,REF000249,REF000249,Summit Client Account,Interest - Summit Client Account,BANK_STMT_2026_03_04
BK-S000250-B1,ACC1002,Client Money - CAD,2026-03-14,2026-03-14,CAD,24954.95,credit,Deposit,REF000250,REF000250,Summit Client Account,Deposit - Summit Client Account,BANK_STMT_2026_03_04
BK-S000251-B1,ACC1002,Client Money - CAD,2026-04-04,2026-04-04,CAD,9502.89,credit,Interest,REF000251,REF000251,North Ridge Treasury,Interest - North Ridge Treasury,BANK_STMT_2026_03_04
BK-S000252-B1,ACC2001,Operating Cash - USD,2026-03-20,2026-03-20,USD,24349.86,credit,Deposit,REF000252,REF000252,North Ridge Treasury,Deposit - North Ridge Treasury,BANK_STMT_2026_03_04
BK-S000253-B1,ACC2002,Treasury Account - USD,2026-03-31,2026-03-31,USD,23408.81,debit,Fee,REF000253,REF000253,North Ridge Treasury,Fee - North Ridge Treasury,BANK_STMT_2026_03_04
BK-S000254-B1,ACC3001,Fee Collection - CAD,2026-03-26,2026-03-26,CAD,23910.61,credit,Interest,REF000254,REF000254,Evergreen Custody,Interest - Evergreen Custody,BANK_STMT_2026_03_04
BK-S000255-B1,ACC1001,Operating Cash - CAD,2026-03-29,2026-03-29,CAD,18936.12,debit,Fee,REF000255,REF000255,Lakeview Partners,Fee - Lakeview Partners,BANK_STMT_2026_03_04
BK-S000256-B1,ACC2001,Operating Cash - USD,2026-03-07,2026-03-07,USD,15083.93,debit,Wire Out,REF000256,REF000256,Lakeview Partners,Wire Out - Lakeview Partners,BANK_STMT_2026_03_04
BK-S000257-B1,ACC1001,Operating Cash - CAD,2026-03-27,2026-03-27,CAD,12337.69,credit,Wire In,REF000257,REF000257,Evergreen Custody,Wire In - Evergreen Custody,BANK_STMT_2026_03_04
BK-S000258-B1,ACC2002,Treasury Account - USD,2026-04-11,2026-04-11,USD,24133.94,credit,Interest,REF000258,REF000258,Pinebridge Vendor Services,Interest - Pinebridge Vendor Services,BANK_STMT_2026_03_04
BK-S000259-B1,ACC3001,Fee Collection - CAD,2026-04-04,2026-04-04,CAD,21407.99,debit,Wire Out,REF000259,REF000259,Bluewater Holdings,Wire Out - Bluewater Holdings,BANK_STMT_2026_03_04
BK-S000260-B1,ACC1001,Operating Cash - CAD,2026-04-01,2026-04-01,CAD,18976.08,credit,Interest,REF000260,REF000260,North Ridge Treasury,Interest - North Ridge Treasury,BANK_STMT_2026_03_04
BK-S000261-B1,ACC3001,Fee Collection - CAD,2026-03-22,2026-03-22,CAD,24738.39,credit,Wire In,REF000261,REF000261,Summit Client Account,Wire In - Summit Client Account,BANK_STMT_2026_03_04
BK-S000262-B1,ACC1001,Operating Cash - CAD,2026-03-11,2026-03-11,CAD,16558.85,debit,Fee,REF000262,REF000262,Evergreen Custody,Fee - Evergreen Custody,BANK_STMT_2026_03_04
BK-S000263-B1,ACC3001,Fee Collection - CAD,2026-03-13,2026-03-13,CAD,21547.52,debit,Withdrawal,REF000263,REF000263,RBC Banking Services,Withdrawal - RBC Banking Services,BANK_STMT_2026_03_04
BK-S000264-B1,ACC1001,Operating Cash - CAD,2026-03-09,2026-03-09,CAD,23459.81,debit,Wire Out,REF000264,REF000264,Bluewater Holdings,Wire Out - Bluewater Holdings,BANK_STMT_2026_03_04
BK-S000265-B1,ACC2001,Operating Cash - USD,2026-03-20,2026-03-20,USD,14749.06,debit,Fee,REF000265,REF000265,North Ridge Treasury,Fee - North Ridge Treasury,BANK_STMT_2026_03_04
BK-S000266-B1,ACC1001,Operating Cash - CAD,2026-03-08,2026-03-08,CAD,4833.20,debit,Withdrawal,REF000266,REF000266,North Ridge Treasury,Withdrawal - North Ridge Treasury,BANK_STMT_2026_03_04
BK-S000267-B1,ACC2001,Operating Cash - USD,2026-03-15,2026-03-15,USD,4205.65,credit,Deposit,REF000267,REF000267,Evergreen Custody,Deposit - Evergreen Custody,BANK_STMT_2026_03_04
BK-S000268-B1,ACC3001,Fee Collection - CAD,2026-04-04,2026-04-04,CAD,20814.48,credit,Interest,REF000268,REF000268,Lakeview Partners,Interest - Lakeview Partners,BANK_STMT_2026_03_04
BK-S000269-B1,ACC3001,Fee Collection - CAD,2026-03-24,2026-03-24,CAD,557.75,debit,Withdrawal,REF000269,REF000269,Bluewater Holdings,Withdrawal - Bluewater Holdings,BANK_STMT_2026_03_04
BK-S000270-B1,ACC1002,Client Money - CAD,2026-03-21,2026-03-21,CAD,11604.17,debit,Wire Out,REF000270,REF000270,Lakeview Partners,Wire Out - Lakeview Partners,BANK_STMT_2026_03_04
BK-S000271-B1,ACC2002,Treasury Account - USD,2026-03-30,2026-03-30,USD,423.88,credit,Wire In,REF000271,REF000271,Bluewater Holdings,Wire In - Bluewater Holdings,BANK_STMT_2026_03_04
BK-S000272-B1,ACC1001,Operating Cash - CAD,2026-03-17,2026-03-17,CAD,18899.31,credit,Interest,REF000272,REF000272,Cedar Prime LP,Interest - Cedar Prime LP,BANK_STMT_2026_03_04
BK-S000273-B1,ACC1001,Operating Cash - CAD,2026-03-04,2026-03-04,CAD,2656.46,credit,Deposit,REF000273,REF000273,Summit Client Account,Deposit - Summit Client Account,BANK_STMT_2026_03_04
BK-S000274-B1,ACC1002,Client Money - CAD,2026-04-11,2026-04-11,CAD,9987.06,debit,Withdrawal,REF000274,REF000274,RBC Banking Services,Withdrawal - RBC Banking Services,BANK_STMT_2026_03_04
BK-S000275-B1,ACC3001,Fee Collection - CAD,2026-04-11,2026-04-11,CAD,3847.20,debit,Wire Out,REF000275,REF000275,RBC Banking Services,Wire Out - RBC Banking Services,BANK_STMT_2026_03_04
BK-S000276-B1,ACC1001,Operating Cash - CAD,2026-03-20,2026-03-20,CAD,18258.26,credit,Wire In,REF000276,REF000276,RBC Banking Services,Wire In - RBC Banking Services,BANK_STMT_2026_03_04
BK-S000277-B1,ACC1002,Client Money - CAD,2026-03-23,2026-03-23,CAD,5523.53,credit,Interest,REF000277,REF000277,Cedar Prime LP,Interest - Cedar Prime LP,BANK_STMT_2026_03_04
BK-S000278-B1,ACC1002,Client Money - CAD,2026-03-05,2026-03-05,CAD,80.22,debit,Wire Out,REF000278,REF000278,Bluewater Holdings,Wire Out - Bluewater Holdings,BANK_STMT_2026_03_04
BK-S000279-B1,ACC1002,Client Money - CAD,2026-03-14,2026-03-14,CAD,19625.53,credit,Deposit,REF000279,REF000279,Evergreen Custody,Deposit - Evergreen Custody,BANK_STMT_2026_03_04
BK-S000280-B1,ACC3001,Fee Collection - CAD,2026-04-06,2026-04-06,CAD,17140.77,debit,Fee,REF000280,REF000280,Pinebridge Vendor Services,Fee - Pinebridge Vendor Services,BANK_STMT_2026_03_04
BK-S000281-B1,ACC3001,Fee Collection - CAD,2026-03-27,2026-03-27,CAD,2462.98,debit,Wire Out,REF000281,REF000281,Evergreen Custody,Wire Out - Evergreen Custody,BANK_STMT_2026_03_04
BK-S000282-B1,ACC1001,Operating Cash - CAD,2026-04-11,2026-04-11,CAD,19859.31,debit,Fee,REF000282,REF000282,Pinebridge Vendor Services,Fee - Pinebridge Vendor Services,BANK_STMT_2026_03_04
BK-S000283-B1,ACC2001,Operating Cash - USD,2026-03-12,2026-03-12,USD,12364.45,credit,Interest,REF000283,REF000283,Lakeview Partners,Interest - Lakeview Partners,BANK_STMT_2026_03_04
BK-S000284-B1,ACC1001,Operating Cash - CAD,2026-03-27,2026-03-27,CAD,14374.88,credit,Deposit,REF000284,REF000284,Evergreen Custody,Deposit - Evergreen Custody,BANK_STMT_2026_03_04
BK-S000285-B1,ACC2001,Operating Cash - USD,2026-03-06,2026-03-06,USD,21331.20,debit,Withdrawal,REF000285,REF000285,Cedar Prime LP,Withdrawal - Cedar Prime LP,BANK_STMT_2026_03_04
BK-S000286-B1,ACC2002,Treasury Account - USD,2026-04-08,2026-04-08,USD,21966.89,debit,Withdrawal,REF000286,REF000286,Lakeview Partners,Withdrawal - Lakeview Partners,BANK_STMT_2026_03_04
BK-S000287-B1,ACC2001,Operating Cash - USD,2026-03-01,2026-03-01,USD,5560.57,debit,Fee,REF000287,REF000287,Cedar Prime LP,Fee - Cedar Prime LP,BANK_STMT_2026_03_04
BK-S000288-B1,ACC3001,Fee Collection - CAD,2026-03-14,2026-03-14,CAD,6743.94,debit,Withdrawal,REF000288,REF000288,Pinebridge Vendor Services,Withdrawal - Pinebridge Vendor Services,BANK_STMT_2026_03_04
BK-S000289-B1,ACC2001,Operating Cash - USD,2026-03-17,2026-03-17,USD,22187.49,debit,Fee,REF000289,REF000289,Summit Client Account,Fee - Summit Client Account,BANK_STMT_2026_03_04
BK-S000290-B1,ACC1002,Client Money - CAD,2026-03-21,2026-03-21,CAD,14500.59,debit,Fee,REF000290,REF000290,Lakeview Partners,Fee - Lakeview Partners,BANK_STMT_2026_03_04
BK-S000291-B1,ACC3001,Fee Collection - CAD,2026-04-07,2026-04-07,CAD,8084.61,credit,Deposit,REF000291,REF000291,Lakeview Partners,Deposit - Lakeview Partners,BANK_STMT_2026_03_04
BK-S000292-B1,ACC1002,Client Money - CAD,2026-04-05,2026-04-05,CAD,17436.32,credit,Interest,REF000292,REF000292,North Ridge Treasury,Interest - North Ridge Treasury,BANK_STMT_2026_03_04
BK-S000293-B1,ACC2001,Operating Cash - USD,2026-03-09,2026-03-09,USD,12719.59,debit,Wire Out,REF000293,REF000293,Bluewater Holdings,Wire Out - Bluewater Holdings,BANK_STMT_2026_03_04
BK-S000294-B1,ACC1001,Operating Cash - CAD,2026-03-27,2026-03-27,CAD,617.63,credit,Wire In,REF000294,REF000294,Cedar Prime LP,Wire In - Cedar Prime LP,BANK_STMT_2026_03_04
BK-S000295-B1,ACC3001,Fee Collection - CAD,2026-03-24,2026-03-24,CAD,623.96,credit,Interest,REF000295,REF000295,Summit Client Account,Interest - Summit Client Account,BANK_STMT_2026_03_04
BK-S000296-B1,ACC3001,Fee Collection - CAD,2026-03-27,2026-03-27,CAD,526.48,credit,Deposit,REF000296,REF000296,North Ridge Treasury,Deposit - North Ridge Treasury,BANK_STMT_2026_03_04
BK-S000297-B1,ACC2002,Treasury Account - USD,2026-03-07,2026-03-07,USD,13585.25,debit,Wire Out,REF000297,REF000297,Lakeview Partners,Wire Out - Lakeview Partners,BANK_STMT_2026_03_04
BK-S000298-B1,ACC2001,Operating Cash - USD,2026-03-06,2026-03-06,USD,10744.66,credit,Interest,REF000298,REF000298,Lakeview Partners,Interest - Lakeview Partners,BANK_STMT_2026_03_04
BK-S000299-B1,ACC1001,Operating Cash - CAD,2026-04-11,2026-04-11,CAD,3244.01,debit,Withdrawal,REF000299,REF000299,RBC Banking Services,Withdrawal - RBC Banking Services,BANK_STMT_2026_03_04
BK-S000300-B1,ACC1001,Operating Cash - CAD,2026-03-11,2026-03-11,CAD,810.80,debit,Withdrawal,REF000300,REF000300,Pinebridge Vendor Services,Withdrawal - Pinebridge Vendor Services,BANK_STMT_2026_03_04
BK-S000301-B1,ACC1002,Client Money - CAD,2026-04-14,2026-04-14,CAD,12412.01,debit,Wire Out,REF000301,REF000301,Bluewater Holdings,Wire Out - Bluewater Holdings,BANK_STMT_2026_03_04
BK-S000302-B1,ACC1001,Operating Cash - CAD,2026-03-21,2026-03-21,CAD,236.44,debit,Wire Out,REF000302,REF000302,Evergreen Custody,Wire Out - Evergreen Custody,BANK_STMT_2026_03_04
BK-S000303-B1,ACC1002,Client Money - CAD,2026-03-16,2026-03-16,CAD,21386.62,credit,Deposit,REF000303,REF000303,Pinebridge Vendor Services,Deposit - Pinebridge Vendor Services,BANK_STMT_2026_03_04
BK-S000304-B1,ACC1001,Operating Cash - CAD,2026-03-23,2026-03-23,CAD,443.38,credit,Deposit,REF000304,REF000304,Cedar Prime LP,Deposit - Cedar Prime LP,BANK_STMT_2026_03_04
BK-S000305-B1,ACC1001,Operating Cash - CAD,2026-03-18,2026-03-18,CAD,11813.20,debit,Withdrawal,REF000305,REF000305,Lakeview Partners,Withdrawal - Lakeview Partners,BANK_STMT_2026_03_04
BK-S000306-B1,ACC3001,Fee Collection - CAD,2026-03-25,2026-03-25,CAD,606.75,debit,Withdrawal,REF000306,REF000306,Lakeview Partners,Withdrawal - Lakeview Partners,BANK_STMT_2026_03_04
BK-S000307-B1,ACC1002,Client Money - CAD,2026-04-15,2026-04-15,CAD,4702.65,credit,Interest,REF000307,REF000307,RBC Banking Services,Interest - RBC Banking Services,BANK_STMT_2026_03_04
BK-S000308-B1,ACC1001,Operating Cash - CAD,2026-03-29,2026-03-29,CAD,7474.39,debit,Fee,REF000308,REF000308,Evergreen Custody,Fee - Evergreen Custody,BANK_STMT_2026_03_04
BK-S000309-B1,ACC3001,Fee Collection - CAD,2026-04-02,2026-04-02,CAD,1630.29,credit,Deposit,REF000309,REF000309,Pinebridge Vendor Services,Deposit - Pinebridge Vendor Services,BANK_STMT_2026_03_04
BK-S000310-B1,ACC2001,Operating Cash - USD,2026-03-01,2026-03-01,USD,10307.19,credit,Interest,REF000310,REF000310,Cedar Prime LP,Interest - Cedar Prime LP,BANK_STMT_2026_03_04
BK-S000311-B1,ACC1002,Client Money - CAD,2026-03-25,2026-03-25,CAD,7454.06,debit,Withdrawal,REF000311,REF000311,North Ridge Treasury,Withdrawal - North Ridge Treasury,BANK_STMT_2026_03_04
BK-S000312-B1,ACC2002,Treasury Account - USD,2026-03-27,2026-03-27,USD,19784.00,debit,Fee,REF000312,REF000312,Pinebridge Vendor Services,Fee - Pinebridge Vendor Services,BANK_STMT_2026_03_04
BK-S000313-B1,ACC2002,Treasury Account - USD,2026-04-09,2026-04-09,USD,3567.34,credit,Deposit,REF000313,REF000313,North Ridge Treasury,Deposit - North Ridge Treasury,BANK_STMT_2026_03_04
BK-S000314-B1,ACC2002,Treasury Account - USD,2026-03-29,2026-03-29,USD,20571.41,debit,Fee,REF000314,REF000314,Evergreen Custody,Fee - Evergreen Custody,BANK_STMT_2026_03_04
BK-S000315-B1,ACC1002,Client Money - CAD,2026-03-21,2026-03-21,CAD,10557.75,credit,Interest,REF000315,REF000315,Pinebridge Vendor Services,Interest - Pinebridge Vendor Services,BANK_STMT_2026_03_04
BK-S000316-B1,ACC2001,Operating Cash - USD,2026-03-18,2026-03-18,USD,10430.44,credit,Interest,REF000316,REF000316,Cedar Prime LP,Interest - Cedar Prime LP,BANK_STMT_2026_03_04
BK-S000317-B1,ACC1002,Client Money - CAD,2026-04-05,2026-04-05,CAD,704.49,debit,Withdrawal,REF000317,REF000317,Lakeview Partners,Withdrawal - Lakeview Partners,BANK_STMT_2026_03_04
BK-S000318-B1,ACC1001,Operating Cash - CAD,2026-04-13,2026-04-13,CAD,16200.06,credit,Interest,REF000318,REF000318,Lakeview Partners,Interest - Lakeview Partners,BANK_STMT_2026_03_04
BK-S000319-B1,ACC2002,Treasury Account - USD,2026-03-29,2026-03-29,USD,12501.63,credit,Wire In,REF000319,REF000319,RBC Banking Services,Wire In - RBC Banking Services,BANK_STMT_2026_03_04
BK-S000320-B1,ACC2001,Operating Cash - USD,2026-04-04,2026-04-04,USD,22945.63,debit,Withdrawal,REF000320,REF000320,Cedar Prime LP,Withdrawal - Cedar Prime LP,BANK_STMT_2026_03_04
BK-S000321-B1,ACC3001,Fee Collection - CAD,2026-04-06,2026-04-06,CAD,17259.33,credit,Wire In,REF000321,REF000321,RBC Banking Services,Wire In - RBC Banking Services,BANK_STMT_2026_03_04
BK-S000322-B1,ACC1001,Operating Cash - CAD,2026-03-15,2026-03-15,CAD,13451.15,debit,Fee,REF000322,REF000322,Lakeview Partners,Fee - Lakeview Partners,BANK_STMT_2026_03_04
BK-S000323-B1,ACC3001,Fee Collection - CAD,2026-04-02,2026-04-02,CAD,24944.87,debit,Withdrawal,REF000323,REF000323,Summit Client Account,Withdrawal - Summit Client Account,BANK_STMT_2026_03_04
BK-S000324-B1,ACC1001,Operating Cash - CAD,2026-03-10,2026-03-10,CAD,9233.60,debit,Withdrawal,REF000324,REF000324,Lakeview Partners,Withdrawal - Lakeview Partners,BANK_STMT_2026_03_04
BK-S000325-B1,ACC1001,Operating Cash - CAD,2026-04-14,2026-04-14,CAD,2612.18,credit,Interest,REF000325,REF000325,Bluewater Holdings,Interest - Bluewater Holdings,BANK_STMT_2026_03_04
BK-S000326-B1,ACC1001,Operating Cash - CAD,2026-03-11,2026-03-11,CAD,18771.75,debit,Withdrawal,REF000326,REF000326,Evergreen Custody,Withdrawal - Evergreen Custody,BANK_STMT_2026_03_04
BK-S000327-B1,ACC2002,Treasury Account - USD,2026-03-15,2026-03-15,USD,16114.25,credit,Interest,REF000327,REF000327,Evergreen Custody,Interest - Evergreen Custody,BANK_STMT_2026_03_04
BK-S000328-B1,ACC3001,Fee Collection - CAD,2026-03-29,2026-03-29,CAD,10332.06,debit,Wire Out,REF000328,REF000328,Lakeview Partners,Wire Out - Lakeview Partners,BANK_STMT_2026_03_04
BK-S000329-B1,ACC1001,Operating Cash - CAD,2026-03-07,2026-03-07,CAD,13885.34,credit,Deposit,REF000329,REF000329,Pinebridge Vendor Services,Deposit - Pinebridge Vendor Services,BANK_STMT_2026_03_04
BK-S000330-B1,ACC2001,Operating Cash - USD,2026-04-01,2026-04-01,USD,16338.61,debit,Withdrawal,REF000330,REF000330,RBC Banking Services,Withdrawal - RBC Banking Services,BANK_STMT_2026_03_04
BK-S000376-B1,ACC1001,Operating Cash - CAD,2026-03-24,2026-03-24,CAD,655.99,credit,Deposit,REF000376,REF000376,Bluewater Holdings,Deposit - Bluewater Holdings,BANK_STMT_2026_03_04
BK-S000377-B1,ACC1002,Client Money - CAD,2026-03-03,2026-03-03,CAD,2654.23,credit,Deposit,REF000377,REF000377,Summit Client Account,Deposit - Summit Client Account,BANK_STMT_2026_03_04
BK-S000378-B1,ACC2001,Operating Cash - USD,2026-03-06,2026-03-06,USD,1191.26,debit,Fee,REF000378,REF000378,Lakeview Partners,Fee - Lakeview Partners,BANK_STMT_2026_03_04
BK-S000379-B1,ACC3001,Fee Collection - CAD,2026-04-09,2026-04-09,CAD,9838.57,debit,Fee,REF000379,REF000379,Summit Client Account,Fee - Summit Client Account,BANK_STMT_2026_03_04
BK-S000380-B1,ACC3001,Fee Collection - CAD,2026-03-10,2026-03-10,CAD,419.03,debit,Wire Out,REF000380,REF000380,Lakeview Partners,Wire Out - Lakeview Partners,BANK_STMT_2026_03_04
BK-S000381-B1,ACC2001,Operating Cash - USD,2026-04-14,2026-04-14,USD,23823.77,debit,Withdrawal,REF000381,REF000381,Bluewater Holdings,Withdrawal - Bluewater Holdings,BANK_STMT_2026_03_04
BK-S000382-B1,ACC2002,Treasury Account - USD,2026-03-20,2026-03-20,USD,526.83,debit,Withdrawal,REF000382,REF000382,Lakeview Partners,Withdrawal - Lakeview Partners,BANK_STMT_2026_03_04
BK-S000383-B1,ACC2002,Treasury Account - USD,2026-03-10,2026-03-10,USD,3232.64,credit,Wire In,REF000383,REF000383,Lakeview Partners,Wire In - Lakeview Partners,BANK_STMT_2026_03_04
BK-S000384-B1,ACC2002,Treasury Account - USD,2026-03-24,2026-03-24,USD,18949.59,debit,Withdrawal,REF000384,REF000384,Cedar Prime LP,Withdrawal - Cedar Prime LP,BANK_STMT_2026_03_04
BK-S000385-B1,ACC1002,Client Money - CAD,2026-03-26,2026-03-26,CAD,561.04,debit,Withdrawal,REF000385,REF000385,RBC Banking Services,Withdrawal - RBC Banking Services,BANK_STMT_2026_03_04
BK-S000386-B1,ACC1002,Client Money - CAD,2026-03-19,2026-03-19,CAD,8560.21,debit,Wire Out,REF000386,REF000386,RBC Banking Services,Wire Out - RBC Banking Services,BANK_STMT_2026_03_04
BK-S000387-B1,ACC2001,Operating Cash - USD,2026-03-29,2026-03-29,USD,2792.50,debit,Fee,REF000387,REF000387,Lakeview Partners,Fee - Lakeview Partners,BANK_STMT_2026_03_04
BK-S000388-B1,ACC3001,Fee Collection - CAD,2026-03-10,2026-03-10,CAD,454.61,credit,Wire In,REF000388,REF000388,Pinebridge Vendor Services,Wire In - Pinebridge Vendor Services,BANK_STMT_2026_03_04
BK-S000389-B1,ACC1001,Operating Cash - CAD,2026-03-23,2026-03-23,CAD,5983.27,credit,Deposit,REF000389,REF000389,North Ridge Treasury,Deposit - North Ridge Treasury,BANK_STMT_2026_03_04
BK-S000390-B1,ACC2001,Operating Cash - USD,2026-03-06,2026-03-06,USD,17465.32,credit,Wire In,REF000390,REF000390,Bluewater Holdings,Wire In - Bluewater Holdings,BANK_STMT_2026_03_04
BK-S000391-B1,ACC2001,Operating Cash - USD,2026-03-06,2026-03-06,USD,24241.60,debit,Wire Out,REF000391,REF000391,RBC Banking Services,Wire Out - RBC Banking Services,BANK_STMT_2026_03_04
BK-S000392-B1,ACC1001,Operating Cash - CAD,2026-03-20,2026-03-20,CAD,24776.24,debit,Withdrawal,REF000392,REF000392,Bluewater Holdings,Withdrawal - Bluewater Holdings,BANK_STMT_2026_03_04
BK-S000393-B1,ACC2002,Treasury Account - USD,2026-04-05,2026-04-05,USD,12089.04,credit,Deposit,REF000393,REF000393,Evergreen Custody,Deposit - Evergreen Custody,BANK_STMT_2026_03_04
BK-S000394-B1,ACC1001,Operating Cash - CAD,2026-03-15,2026-03-15,CAD,791.31,credit,Wire In,REF000394,REF000394,Pinebridge Vendor Services,Wire In - Pinebridge Vendor Services,BANK_STMT_2026_03_04
BK-S000395-B1,ACC1001,Operating Cash - CAD,2026-04-07,2026-04-07,CAD,20505.93,credit,Deposit,REF000395,REF000395,Bluewater Holdings,Deposit - Bluewater Holdings,BANK_STMT_2026_03_04
BK-S000396-B1,ACC1002,Client Money - CAD,2026-03-29,2026-03-29,CAD,3207.49,debit,Withdrawal,REF000396,REF000396,Pinebridge Vendor Services,Withdrawal - Pinebridge Vendor Services,BANK_STMT_2026_03_04
BK-S000397-B1,ACC1001,Operating Cash - CAD,2026-03-04,2026-03-04,CAD,14773.22,credit,Interest,REF000397,REF000397,RBC Banking Services,Interest - RBC Banking Services,BANK_STMT_2026_03_04
BK-S000398-B1,ACC1001,Operating Cash - CAD,2026-04-13,2026-04-13,CAD,9494.64,credit,Interest,REF000398,REF000398,Evergreen Custody,Interest - Evergreen Custody,BANK_STMT_2026_03_04
BK-S000399-B1,ACC2001,Operating Cash - USD,2026-03-10,2026-03-10,USD,607.26,credit,Interest,REF000399,REF000399,Lakeview Partners,Interest - Lakeview Partners,BANK_STMT_2026_03_04
BK-S000400-B1,ACC2001,Operating Cash - USD,2026-03-27,2026-03-27,USD,12496.74,credit,Interest,REF000400,REF000400,Cedar Prime LP,Interest - Cedar Prime LP,BANK_STMT_2026_03_04
BK-S000401-B1,ACC2002,Treasury Account - USD,2026-03-27,2026-03-27,USD,22231.66,debit,Wire Out,REF000401,REF000401,Lakeview Partners,Wire Out - Lakeview Partners,BANK_STMT_2026_03_04
BK-S000402-B1,ACC3001,Fee Collection - CAD,2026-03-25,2026-03-25,CAD,9618.69,credit,Wire In,REF000402,REF000402,Summit Client Account,Wire In - Summit Client Account,BANK_STMT_2026_03_04
BK-S000403-B1,ACC3001,Fee Collection - CAD,2026-03-21,2026-03-21,CAD,5315.58,credit,Deposit,REF000403,REF000403,Pinebridge Vendor Services,Deposit - Pinebridge Vendor Services,BANK_STMT_2026_03_04
BK-S000404-B1,ACC1002,Client Money - CAD,2026-03-18,2026-03-18,CAD,942.38,credit,Wire In,REF000404,REF000404,Pinebridge Vendor Services,Wire In - Pinebridge Vendor Services,BANK_STMT_2026_03_04
BK-S000405-B1,ACC1002,Client Money - CAD,2026-03-07,2026-03-07,CAD,6787.67,debit,Wire Out,REF000405,REF000405,Bluewater Holdings,Wire Out - Bluewater Holdings,BANK_STMT_2026_03_04
BK-S000406-B1,ACC3001,Fee Collection - CAD,2026-03-23,2026-03-23,CAD,24797.01,credit,Interest,REF000406,REF000406,Evergreen Custody,Interest - Evergreen Custody,BANK_STMT_2026_03_04
BK-S000407-B1,ACC1002,Client Money - CAD,2026-03-21,2026-03-21,CAD,17743.04,credit,Deposit,REF000407,REF000407,Bluewater Holdings,Deposit - Bluewater Holdings,BANK_STMT_2026_03_04
BK-S000408-B1,ACC2001,Operating Cash - USD,2026-04-06,2026-04-06,USD,903.53,credit,Deposit,REF000408,REF000408,Summit Client Account,Deposit - Summit Client Account,BANK_STMT_2026_03_04
BK-S000409-B1,ACC2001,Operating Cash - USD,2026-04-01,2026-04-01,USD,100.55,debit,Wire Out,REF000409,REF000409,Lakeview Partners,Wire Out - Lakeview Partners,BANK_STMT_2026_03_04
BK-S000410-B1,ACC3001,Fee Collection - CAD,2026-03-01,2026-03-01,CAD,15739.23,credit,Interest,REF000410,REF000410,Evergreen Custody,Interest - Evergreen Custody,BANK_STMT_2026_03_04
BK-S000411-B1,ACC1002,Client Money - CAD,2026-03-04,2026-03-04,CAD,577.95,debit,Fee,REF000411,REF000411,Evergreen Custody,Fee - Evergreen Custody,BANK_STMT_2026_03_04
BK-S000412-B1,ACC3001,Fee Collection - CAD,2026-03-05,2026-03-05,CAD,23606.16,debit,Fee,REF000412,REF000412,RBC Banking Services,Fee - RBC Banking Services,BANK_STMT_2026_03_04
BK-S000413-B1,ACC1001,Operating Cash - CAD,2026-03-20,2026-03-20,CAD,24420.66,debit,Fee,REF000413,REF000413,RBC Banking Services,Fee - RBC Banking Services,BANK_STMT_2026_03_04
BK-S000414-B1,ACC2002,Treasury Account - USD,2026-03-21,2026-03-21,USD,24249.83,debit,Withdrawal,REF000414,REF000414,Pinebridge Vendor Services,Withdrawal - Pinebridge Vendor Services,BANK_STMT_2026_03_04
BK-S000415-B1,ACC3001,Fee Collection - CAD,2026-03-25,2026-03-25,CAD,17523.96,debit,Wire Out,REF000415,REF000415,Evergreen Custody,Wire Out - Evergreen Custody,BANK_STMT_2026_03_04
BK-S000416-B1,ACC1001,Operating Cash - CAD,2026-04-06,2026-04-06,CAD,24862.80,debit,Withdrawal,REF000416,REF000416,Bluewater Holdings,Withdrawal - Bluewater Holdings,BANK_STMT_2026_03_04
BK-S000417-B1,ACC3001,Fee Collection - CAD,2026-04-09,2026-04-09,CAD,14573.21,debit,Fee,REF000417,REF000417,Summit Client Account,Fee - Summit Client Account,BANK_STMT_2026_03_04
BK-S000418-B1,ACC2001,Operating Cash - USD,2026-03-05,2026-03-05,USD,24577.11,debit,Withdrawal,REF000418,REF000418,Evergreen Custody,Withdrawal - Evergreen Custody,BANK_STMT_2026_03_04
BK-S000419-B1,ACC1001,Operating Cash - CAD,2026-04-12,2026-04-12,CAD,22279.68,debit,Withdrawal,REF000419,REF000419,Summit Client Account,Withdrawal - Summit Client Account,BANK_STMT_2026_03_04
BK-S000420-B1,ACC2001,Operating Cash - USD,2026-03-16,2026-03-16,USD,9411.55,debit,Wire Out,REF000420,REF000420,Cedar Prime LP,Wire Out - Cedar Prime LP,BANK_STMT_2026_03_04
BK-S000421-B1,ACC1001,Operating Cash - CAD,2026-03-25,2026-03-25,CAD,11071.68,credit,Wire In,REF000421,REF000421,Evergreen Custody,Wire In - Evergreen Custody,BANK_STMT_2026_03_04
BK-S000422-B1,ACC3001,Fee Collection - CAD,2026-03-07,2026-03-07,CAD,19929.52,credit,Interest,REF000422,REF000422,Lakeview Partners,Interest - Lakeview Partners,BANK_STMT_2026_03_04
BK-S000423-B1,ACC2001,Operating Cash - USD,2026-03-21,2026-03-21,USD,3513.40,credit,Wire In,REF000423,REF000423,Pinebridge Vendor Services,Wire In - Pinebridge Vendor Services,BANK_STMT_2026_03_04
BK-S000424-B1,ACC1001,Operating Cash - CAD,2026-03-06,2026-03-06,CAD,24646.63,credit,Deposit,REF000424,REF000424,Summit Client Account,Deposit - Summit Client Account,BANK_STMT_2026_03_04
BK-S000425-B1,ACC1002,Client Money - CAD,2026-03-28,2026-03-28,CAD,3430.19,credit,Deposit,REF000425,REF000425,Lakeview Partners,Deposit - Lakeview Partners,BANK_STMT_2026_03_04
BK-S000426-B1,ACC3001,Fee Collection - CAD,2026-04-12,2026-04-12,CAD,6701.16,debit,Fee,REF000426,REF000426,Bluewater Holdings,Fee - Bluewater Holdings,BANK_STMT_2026_03_04
BK-S000427-B1,ACC2001,Operating Cash - USD,2026-03-28,2026-03-28,USD,791.51,credit,Wire In,REF000427,REF000427,Summit Client Account,Wire In - Summit Client Account,BANK_STMT_2026_03_04
BK-S000428-B1,ACC1002,Client Money - CAD,2026-03-19,2026-03-19,CAD,12365.70,debit,Withdrawal,REF000428,REF000428,Cedar Prime LP,Withdrawal - Cedar Prime LP,BANK_STMT_2026_03_04
BK-S000429-B1,ACC2001,Operating Cash - USD,2026-04-11,2026-04-11,USD,5437.15,credit,Wire In,REF000429,REF000429,RBC Banking Services,Wire In - RBC Banking Services,BANK_STMT_2026_03_04
BK-S000430-B1,ACC2001,Operating Cash - USD,2026-03-30,2026-03-30,USD,21089.89,credit,Interest,REF000430,REF000430,Bluewater Holdings,Interest - Bluewater Holdings,BANK_STMT_2026_03_04
BK-S000431-B1,ACC2001,Operating Cash - USD,2026-03-27,2026-03-27,USD,15153.43,credit,Deposit,REF000431,REF000431,Bluewater Holdings,Deposit - Bluewater Holdings,BANK_STMT_2026_03_04
BK-S000432-B1,ACC2002,Treasury Account - USD,2026-03-16,2026-03-16,USD,2894.92,credit,Deposit,REF000432,REF000432,Bluewater Holdings,Deposit - Bluewater Holdings,BANK_STMT_2026_03_04
BK-S000433-B1,ACC1002,Client Money - CAD,2026-03-14,2026-03-14,CAD,4028.46,debit,Wire Out,REF000433,REF000433,RBC Banking Services,Wire Out - RBC Banking Services,BANK_STMT_2026_03_04
BK-S000434-B1,ACC1002,Client Money - CAD,2026-03-17,2026-03-17,CAD,18450.47,credit,Deposit,REF000434,REF000434,Cedar Prime LP,Deposit - Cedar Prime LP,BANK_STMT_2026_03_04
BK-S000435-B1,ACC3001,Fee Collection - CAD,2026-03-18,2026-03-18,CAD,23011.89,debit,Fee,REF000435,REF000435,Bluewater Holdings,Fee - Bluewater Holdings,BANK_STMT_2026_03_04
BK-S000436-B1,ACC1002,Client Money - CAD,2026-04-06,2026-04-06,CAD,19201.06,debit,Wire Out,REF000436,REF000436,Cedar Prime LP,Wire Out - Cedar Prime LP,BANK_STMT_2026_03_04
BK-S000437-B1,ACC3001,Fee Collection - CAD,2026-03-27,2026-03-27,CAD,16714.90,debit,Fee,REF000437,REF000437,Summit Client Account,Fee - Summit Client Account,BANK_STMT_2026_03_04
BK-S000438-B1,ACC1002,Client Money - CAD,2026-04-08,2026-04-08,CAD,10641.28,credit,Deposit,REF000438,REF000438,RBC Banking Services,Deposit - RBC Banking Services,BANK_STMT_2026_03_04
BK-S000439-B1,ACC2002,Treasury Account - USD,2026-03-24,2026-03-24,USD,785.65,debit,Fee,REF000439,REF000439,North Ridge Treasury,Fee - North Ridge Treasury,BANK_STMT_2026_03_04
BK-S000440-B1,ACC1001,Operating Cash - CAD,2026-03-09,2026-03-09,CAD,18849.37,debit,Wire Out,REF000440,REF000440,Pinebridge Vendor Services,Wire Out - Pinebridge Vendor Services,BANK_STMT_2026_03_04
BK-S000441-B1,ACC1001,Operating Cash - CAD,2026-03-29,2026-03-29,CAD,20775.27,debit,Wire Out,REF000441,REF000441,Summit Client Account,Wire Out - Summit Client Account,BANK_STMT_2026_03_04
BK-S000442-B1,ACC3001,Fee Collection - CAD,2026-03-05,2026-03-05,CAD,13163.09,debit,Wire Out,REF000442,REF000442,Evergreen Custody,Wire Out - Evergreen Custody,BANK_STMT_2026_03_04
BK-S000443-B1,ACC1002,Client Money - CAD,2026-03-16,2026-03-16,CAD,95.50,credit,Wire In,REF000443,REF000443,Pinebridge Vendor Services,Wire In - Pinebridge Vendor Services,BANK_STMT_2026_03_04
BK-S000444-B1,ACC2002,Treasury Account - USD,2026-03-26,2026-03-26,USD,3972.95,credit,Deposit,REF000444,REF000444,Bluewater Holdings,Deposit - Bluewater Holdings,BANK_STMT_2026_03_04
BK-S000445-B1,ACC2002,Treasury Account - USD,2026-03-31,2026-03-31,USD,9394.24,debit,Wire Out,REF000445,REF000445,Evergreen Custody,Wire Out - Evergreen Custody,BANK_STMT_2026_03_04
BK-S000446-B1,ACC2002,Treasury Account - USD,2026-03-11,2026-03-11,USD,19715.92,credit,Wire In,REF000446,REF000446,Lakeview Partners,Wire In - Lakeview Partners,BANK_STMT_2026_03_04
BK-S000447-B1,ACC2001,Operating Cash - USD,2026-03-27,2026-03-27,USD,21751.12,debit,Withdrawal,REF000447,REF000447,Bluewater Holdings,Withdrawal - Bluewater Holdings,BANK_STMT_2026_03_04
BK-S000448-B1,ACC3001,Fee Collection - CAD,2026-03-15,2026-03-15,CAD,20322.05,credit,Wire In,REF000448,REF000448,North Ridge Treasury,Wire In - North Ridge Treasury,BANK_STMT_2026_03_04
BK-S000449-B1,ACC2001,Operating Cash - USD,2026-03-17,2026-03-17,USD,8251.48,credit,Interest,REF000449,REF000449,RBC Banking Services,Interest - RBC Banking Services,BANK_STMT_2026_03_04
BK-S000450-B1,ACC2001,Operating Cash - USD,2026-04-11,2026-04-11,USD,7784.25,credit,Deposit,REF000450,REF000450,Cedar Prime LP,Deposit - Cedar Prime LP,BANK_STMT_2026_03_04
BK-S000451-B1,ACC2001,Operating Cash - USD,2026-03-17,2026-03-17,USD,23852.51,debit,Fee,REF000451,REF000451,North Ridge Treasury,Fee - North Ridge Treasury,BANK_STMT_2026_03_04
BK-S000452-B1,ACC1001,Operating Cash - CAD,2026-03-26,2026-03-26,CAD,17338.14,credit,Deposit,REF000452,REF000452,Bluewater Holdings,Deposit - Bluewater Holdings,BANK_STMT_2026_03_04
BK-S000453-B1,ACC2002,Treasury Account - USD,2026-03-25,2026-03-25,USD,14992.57,credit,Interest,REF000453,REF000453,Lakeview Partners,Interest - Lakeview Partners,BANK_STMT_2026_03_04
BK-S000454-B1,ACC2002,Treasury Account - USD,2026-03-23,2026-03-23,USD,21290.06,debit,Withdrawal,REF000454,REF000454,Evergreen Custody,Withdrawal - Evergreen Custody,BANK_STMT_2026_03_04
BK-S000455-B1,ACC2001,Operating Cash - USD,2026-04-05,2026-04-05,USD,5393.64,debit,Withdrawal,REF000455,REF000455,Pinebridge Vendor Services,Withdrawal - Pinebridge Vendor Services,BANK_STMT_2026_03_04
BK-S000456-B1,ACC1002,Client Money - CAD,2026-03-20,2026-03-20,CAD,22284.25,debit,Withdrawal,REF000456,REF000456,Pinebridge Vendor Services,Withdrawal - Pinebridge Vendor Services,BANK_STMT_2026_03_04
BK-S000457-B1,ACC2002,Treasury Account - USD,2026-04-10,2026-04-10,USD,23663.22,credit,Wire In,REF000457,REF000457,Cedar Prime LP,Wire In - Cedar Prime LP,BANK_STMT_2026_03_04
BK-S000458-B1,ACC2002,Treasury Account - USD,2026-03-20,2026-03-20,USD,21900.38,credit,Deposit,REF000458,REF000458,Evergreen Custody,Deposit - Evergreen Custody,BANK_STMT_2026_03_04
BK-S000459-B1,ACC3001,Fee Collection - CAD,2026-03-10,2026-03-10,CAD,18176.04,credit,Interest,REF000459,REF000459,Cedar Prime LP,Interest - Cedar Prime LP,BANK_STMT_2026_03_04
BK-S000460-B1,ACC2001,Operating Cash - USD,2026-03-04,2026-03-04,USD,296.18,debit,Withdrawal,REF000460,REF000460,Evergreen Custody,Withdrawal - Evergreen Custody,BANK_STMT_2026_03_04
BK-S000461-B1,ACC1002,Client Money - CAD,2026-03-28,2026-03-28,CAD,10681.44,credit,Deposit,REF000461,REF000461,Summit Client Account,Deposit - Summit Client Account,BANK_STMT_2026_03_04
BK-S000461-B2,ACC1002,Client Money - CAD,2026-03-28,2026-03-28,CAD,10681.44,credit,Deposit,REF000461,REF000461,Summit Client Account,Deposit - Summit Client Account,BANK_STMT_2026_03_04
BK-S000462-B1,ACC3001,Fee Collection - CAD,2026-03-24,2026-03-24,CAD,22408.15,debit,Wire Out,REF000462,REF000462,Lakeview Partners,Wire Out - Lakeview Partners,BANK_STMT_2026_03_04
BK-S000462-B2,ACC3001,Fee Collection - CAD,2026-03-24,2026-03-24,CAD,22408.15,debit,Wire Out,REF000462,REF000462,Lakeview Partners,Wire Out - Lakeview Partners,BANK_STMT_2026_03_04
BK-S000463-B1,ACC1002,Client Money - CAD,2026-04-14,2026-04-14,CAD,8490.21,debit,Wire Out,REF000463,REF000463,Cedar Prime LP,Wire Out - Cedar Prime LP,BANK_STMT_2026_03_04
BK-S000463-B2,ACC1002,Client Money - CAD,2026-04-14,2026-04-14,CAD,8490.21,debit,Wire Out,REF000463,REF000463,Cedar Prime LP,Wire Out - Cedar Prime LP,BANK_STMT_2026_03_04
BK-S000464-B1,ACC2001,Operating Cash - USD,2026-03-05,2026-03-05,USD,8156.85,debit,Wire Out,REF000464,REF000464,North Ridge Treasury,Wire Out - North Ridge Treasury,BANK_STMT_2026_03_04
BK-S000464-B2,ACC2001,Operating Cash - USD,2026-03-05,2026-03-05,USD,8156.85,debit,Wire Out,REF000464,REF000464,North Ridge Treasury,Wire Out - North Ridge Treasury,BANK_STMT_2026_03_04
BK-S000465-B1,ACC3001,Fee Collection - CAD,2026-03-22,2026-03-22,CAD,17482.72,credit,Deposit,REF000465,REF000465,Evergreen Custody,Deposit - Evergreen Custody,BANK_STMT_2026_03_04
BK-S000465-B2,ACC3001,Fee Collection - CAD,2026-03-22,2026-03-22,CAD,17482.72,credit,Deposit,REF000465,REF000465,Evergreen Custody,Deposit - Evergreen Custody,BANK_STMT_2026_03_04
BK-S000466-B1,ACC1002,Client Money - CAD,2026-03-26,2026-03-26,CAD,251.89,debit,Wire Out,REF000466,REF000466,Evergreen Custody,Wire Out - Evergreen Custody,BANK_STMT_2026_03_04
BK-S000466-B2,ACC1002,Client Money - CAD,2026-03-26,2026-03-26,CAD,251.89,debit,Wire Out,REF000466,REF000466,Evergreen Custody,Wire Out - Evergreen Custody,BANK_STMT_2026_03_04
BK-S000467-B1,ACC3001,Fee Collection - CAD,2026-03-11,2026-03-11,CAD,690.00,credit,Deposit,REF000467,REF000467,Bluewater Holdings,Deposit - Bluewater Holdings,BANK_STMT_2026_03_04
BK-S000467-B2,ACC3001,Fee Collection - CAD,2026-03-11,2026-03-11,CAD,690.00,credit,Deposit,REF000467,REF000467,Bluewater Holdings,Deposit - Bluewater Holdings,BANK_STMT_2026_03_04
BK-S000468-B1,ACC2001,Operating Cash - USD,2026-04-09,2026-04-09,USD,945.21,credit,Deposit,REF000468,REF000468,Cedar Prime LP,Deposit - Cedar Prime LP,BANK_STMT_2026_03_04
BK-S000468-B2,ACC2001,Operating Cash - USD,2026-04-09,2026-04-09,USD,945.21,credit,Deposit,REF000468,REF000468,Cedar Prime LP,Deposit - Cedar Prime LP,BANK_STMT_2026_03_04
BK-S000469-B1,ACC1001,Operating Cash - CAD,2026-03-08,2026-03-08,CAD,10126.09,debit,Withdrawal,REF000469,REF000469,North Ridge Treasury,Withdrawal - North Ridge Treasury,BANK_STMT_2026_03_04
BK-S000469-B2,ACC1001,Operating Cash - CAD,2026-03-08,2026-03-08,CAD,10126.09,debit,Withdrawal,REF000469,REF000469,North Ridge Treasury,Withdrawal - North Ridge Treasury,BANK_STMT_2026_03_04
BK-S000470-B1,ACC1002,Client Money - CAD,2026-04-13,2026-04-13,CAD,8226.79,debit,Withdrawal,REF000470,REF000470,Cedar Prime LP,Withdrawal - Cedar Prime LP,BANK_STMT_2026_03_04
BK-S000470-B2,ACC1002,Client Money - CAD,2026-04-13,2026-04-13,CAD,8226.79,debit,Withdrawal,REF000470,REF000470,Cedar Prime LP,Withdrawal - Cedar Prime LP,BANK_STMT_2026_03_04
BK-S000471-B1,ACC3001,Fee Collection - CAD,2026-04-14,2026-04-14,CAD,797.59,credit,Deposit,REF000471,REF000471,Cedar Prime LP,Deposit - Cedar Prime LP,BANK_STMT_2026_03_04
BK-S000471-B2,ACC3001,Fee Collection - CAD,2026-04-14,2026-04-14,CAD,797.59,credit,Deposit,REF000471,REF000471,Cedar Prime LP,Deposit - Cedar Prime LP,BANK_STMT_2026_03_04
BK-S000472-B1,ACC1001,Operating Cash - CAD,2026-03-08,2026-03-08,CAD,12945.74,debit,Fee,REF000472,REF000472,Lakeview Partners,Fee - Lakeview Partners,BANK_STMT_2026_03_04
BK-S000472-B2,ACC1001,Operating Cash - CAD,2026-03-08,2026-03-08,CAD,12945.74,debit,Fee,REF000472,REF000472,Lakeview Partners,Fee - Lakeview Partners,BANK_STMT_2026_03_04
BK-S000473-B1,ACC1002,Client Money - CAD,2026-04-15,2026-04-15,CAD,4848.97,debit,Fee,REF000473,REF000473,Summit Client Account,Fee - Summit Client Account,BANK_STMT_2026_03_04
BK-S000473-B2,ACC1002,Client Money - CAD,2026-04-15,2026-04-15,CAD,4848.97,debit,Fee,REF000473,REF000473,Summit Client Account,Fee - Summit Client Account,BANK_STMT_2026_03_04
BK-S000474-B1,ACC2001,Operating Cash - USD,2026-03-01,2026-03-01,USD,130.10,debit,Wire Out,REF000474,REF000474,Cedar Prime LP,Wire Out - Cedar Prime LP,BANK_STMT_2026_03_04
BK-S000474-B2,ACC2001,Operating Cash - USD,2026-03-01,2026-03-01,USD,130.10,debit,Wire Out,REF000474,REF000474,Cedar Prime LP,Wire Out - Cedar Prime LP,BANK_STMT_2026_03_04
BK-S000475-B1,ACC1002,Client Money - CAD,2026-04-02,2026-04-02,CAD,701.22,credit,Wire In,REF000475,REF000475,North Ridge Treasury,Wire In - North Ridge Treasury,BANK_STMT_2026_03_04
BK-S000475-B2,ACC1002,Client Money - CAD,2026-04-02,2026-04-02,CAD,701.22,credit,Wire In,REF000475,REF000475,North Ridge Treasury,Wire In - North Ridge Treasury,BANK_STMT_2026_03_04
BK-S000476-B1,ACC2001,Operating Cash - USD,2026-03-30,2026-03-30,USD,781.86,debit,Fee,REF000476,REF000476,Bluewater Holdings,Fee - Bluewater Holdings,BANK_STMT_2026_03_04
BK-S000476-B2,ACC2001,Operating Cash - USD,2026-03-30,2026-03-30,USD,781.86,debit,Fee,REF000476,REF000476,Bluewater Holdings,Fee - Bluewater Holdings,BANK_STMT_2026_03_04
BK-S000477-B1,ACC2001,Operating Cash - USD,2026-03-08,2026-03-08,USD,732.38,credit,Interest,REF000477,REF000477,Bluewater Holdings,Interest - Bluewater Holdings,BANK_STMT_2026_03_04
BK-S000477-B2,ACC2001,Operating Cash - USD,2026-03-08,2026-03-08,USD,732.38,credit,Interest,REF000477,REF000477,Bluewater Holdings,Interest - Bluewater Holdings,BANK_STMT_2026_03_04
BK-S000478-B1,ACC1002,Client Money - CAD,2026-03-23,2026-03-23,CAD,23922.14,debit,Fee,REF000478,REF000478,North Ridge Treasury,Fee - North Ridge Treasury,BANK_STMT_2026_03_04
BK-S000478-B2,ACC1002,Client Money - CAD,2026-03-23,2026-03-23,CAD,23922.14,debit,Fee,REF000478,REF000478,North Ridge Treasury,Fee - North Ridge Treasury,BANK_STMT_2026_03_04
BK-S000479-B1,ACC2001,Operating Cash - USD,2026-03-08,2026-03-08,USD,24095.44,debit,Wire Out,REF000479,REF000479,North Ridge Treasury,Wire Out - North Ridge Treasury,BANK_STMT_2026_03_04
BK-S000479-B2,ACC2001,Operating Cash - USD,2026-03-08,2026-03-08,USD,24095.44,debit,Wire Out,REF000479,REF000479,North Ridge Treasury,Wire Out - North Ridge Treasury,BANK_STMT_2026_03_04
BK-S000480-B1,ACC2002,Treasury Account - USD,2026-03-11,2026-03-11,USD,676.55,debit,Withdrawal,REF000480,REF000480,Bluewater Holdings,Withdrawal - Bluewater Holdings,BANK_STMT_2026_03_04
BK-S000480-B2,ACC2002,Treasury Account - USD,2026-03-11,2026-03-11,USD,676.55,debit,Withdrawal,REF000480,REF000480,Bluewater Holdings,Withdrawal - Bluewater Holdings,BANK_STMT_2026_03_04
BK-S000481-B1,ACC3001,Fee Collection - CAD,2026-04-06,2026-04-06,CAD,5350.25,credit,Interest,REF000481,REF000481,RBC Banking Services,Interest - RBC Banking Services,BANK_STMT_2026_03_04
BK-S000482-B1,ACC1002,Client Money - CAD,2026-04-01,2026-04-01,CAD,420.16,credit,Interest,REF000482,REF000482,Bluewater Holdings,Interest - Bluewater Holdings,BANK_STMT_2026_03_04
BK-S000483-B1,ACC2001,Operating Cash - USD,2026-04-15,2026-04-15,USD,13595.63,credit,Wire In,REF000483,REF000483,Lakeview Partners,Wire In - Lakeview Partners,BANK_STMT_2026_03_04
BK-S000484-B1,ACC3001,Fee Collection - CAD,2026-04-14,2026-04-14,CAD,3285.81,credit,Deposit,REF000484,REF000484,Lakeview Partners,Deposit - Lakeview Partners,BANK_STMT_2026_03_04
BK-S000485-B1,ACC2002,Treasury Account - USD,2026-04-05,2026-04-05,USD,15709.94,debit,Wire Out,REF000485,REF000485,Bluewater Holdings,Wire Out - Bluewater Holdings,BANK_STMT_2026_03_04
BK-S000486-B1,ACC2002,Treasury Account - USD,2026-03-11,2026-03-11,USD,492.48,credit,Interest,REF000486,REF000486,Lakeview Partners,Interest - Lakeview Partners,BANK_STMT_2026_03_04
BK-S000487-B1,ACC3001,Fee Collection - CAD,2026-04-05,2026-04-05,CAD,10678.65,debit,Wire Out,REF000487,REF000487,Lakeview Partners,Wire Out - Lakeview Partners,BANK_STMT_2026_03_04
BK-S000488-B1,ACC3001,Fee Collection - CAD,2026-03-06,2026-03-06,CAD,11729.63,credit,Interest,REF000488,REF000488,Cedar Prime LP,Interest - Cedar Prime LP,BANK_STMT_2026_03_04
BK-S000489-B1,ACC1001,Operating Cash - CAD,2026-03-26,2026-03-26,CAD,14371.14,credit,Wire In,REF000489,REF000489,Bluewater Holdings,Wire In - Bluewater Holdings,BANK_STMT_2026_03_04
BK-S000490-B1,ACC3001,Fee Collection - CAD,2026-03-20,2026-03-20,CAD,14495.98,debit,Withdrawal,REF000490,REF000490,Summit Client Account,Withdrawal - Summit Client Account,BANK_STMT_2026_03_04
BK-S000491-B1,ACC1002,Client Money - CAD,2026-03-22,2026-03-22,CAD,15874.19,credit,Interest,REF000491,REF000491,Summit Client Account,Interest - Summit Client Account,BANK_STMT_2026_03_04
BK-S000492-B1,ACC2002,Treasury Account - USD,2026-03-07,2026-03-07,USD,6321.93,credit,Wire In,REF000492,REF000492,Pinebridge Vendor Services,Wire In - Pinebridge Vendor Services,BANK_STMT_2026_03_04
BK-S000493-B1,ACC2001,Operating Cash - USD,2026-04-03,2026-04-03,USD,3551.73,credit,Deposit,REF000493,REF000493,Evergreen Custody,Deposit - Evergreen Custody,BANK_STMT_2026_03_04
BK-S000494-B1,ACC2002,Treasury Account - USD,2026-03-17,2026-03-17,USD,5501.04,credit,Wire In,REF000494,REF000494,RBC Banking Services,Wire In - RBC Banking Services,BANK_STMT_2026_03_04
BK-S000495-B1,ACC2001,Operating Cash - USD,2026-03-27,2026-03-27,USD,619.92,credit,Wire In,REF000495,REF000495,Cedar Prime LP,Wire In - Cedar Prime LP,BANK_STMT_2026_03_04
BK-S000496-B1,ACC3001,Fee Collection - CAD,2026-03-09,2026-03-09,CAD,1104.10,credit,Deposit,REF000496,REF000496,Bluewater Holdings,Deposit - Bluewater Holdings,BANK_STMT_2026_03_04
BK-S000497-B1,ACC2002,Treasury Account - USD,2026-03-12,2026-03-12,USD,5167.61,credit,Deposit,REF000497,REF000497,Evergreen Custody,Deposit - Evergreen Custody,BANK_STMT_2026_03_04
BK-S000498-B1,ACC3001,Fee Collection - CAD,2026-03-21,2026-03-21,CAD,10231.90,credit,Deposit,REF000498,REF000498,Lakeview Partners,Deposit - Lakeview Partners,BANK_STMT_2026_03_04
BK-S000499-B1,ACC2001,Operating Cash - USD,2026-03-09,2026-03-09,USD,592.27,credit,Interest,REF000499,REF000499,North Ridge Treasury,Interest - North Ridge Treasury,BANK_STMT_2026_03_04
BK-S000500-B1,ACC3001,Fee Collection - CAD,2026-03-14,2026-03-14,CAD,15980.02,debit,Withdrawal,REF000500,REF000500,North Ridge Treasury,Withdrawal - North Ridge Treasury,BANK_STMT_2026_03_04
BK-S000501-B1,ACC1002,Client Money - CAD,2026-04-11,2026-04-11,CAD,5267.50,debit,Withdrawal,REF000501,REF 000501,Pinebridge Vendor Services,Withdrawal - Pinebridge Vendor Services,BANK_STMT_2026_03_04
BK-S000502-B1,ACC3001,Fee Collection - CAD,2026-04-07,2026-04-07,CAD,17011.77,credit,Interest,REF000502,REF000502-BK,RBC Banking Services,Interest - RBC Banking Services,BANK_STMT_2026_03_04
BK-S000503-B1,ACC1001,Operating Cash - CAD,2026-03-07,2026-03-07,CAD,180.79,credit,Deposit,REF000503,ref000503,Bluewater Holdings,Deposit - Bluewater Holdings,BANK_STMT_2026_03_04
BK-S000504-B1,ACC2001,Operating Cash - USD,2026-03-17,2026-03-17,USD,105.83,debit,Withdrawal,REF000504,REF000504-BK,North Ridge Treasury,Withdrawal - North Ridge Treasury,BANK_STMT_2026_03_04
BK-S000505-B1,ACC2002,Treasury Account - USD,2026-04-09,2026-04-09,USD,18747.82,credit,Wire In,REF000505,REF000505-BK,Lakeview Partners,Wire In - Lakeview Partners,BANK_STMT_2026_03_04
BK-S000506-B1,ACC3001,Fee Collection - CAD,2026-03-19,2026-03-19,CAD,2127.52,debit,Withdrawal,REF000506,WIRE-REF000506,RBC Banking Services,Withdrawal - RBC Banking Services,BANK_STMT_2026_03_04
BK-S000507-B1,ACC2001,Operating Cash - USD,2026-03-04,2026-03-04,USD,276.21,credit,Deposit,REF000507,ref000507,Summit Client Account,Deposit - Summit Client Account,BANK_STMT_2026_03_04
BK-S000508-B1,ACC3001,Fee Collection - CAD,2026-04-08,2026-04-08,CAD,18397.95,debit,Withdrawal,REF000508,WIRE-REF000508,Lakeview Partners,Withdrawal - Lakeview Partners,BANK_STMT_2026_03_04
BK-S000509-B1,ACC1001,Operating Cash - CAD,2026-03-12,2026-03-12,CAD,3864.49,debit,Wire Out,REF000509,ref000509,Bluewater Holdings,Wire Out - Bluewater Holdings,BANK_STMT_2026_03_04
BK-S000510-B1,ACC1002,Client Money - CAD,2026-04-07,2026-04-07,CAD,1135.48,debit,Wire Out,REF000510,REF-000510,Summit Client Account,Wire Out - Summit Client Account,BANK_STMT_2026_03_04
BK-S000511-B1,ACC2001,Operating Cash - USD,2026-03-04,2026-03-04,USD,16008.80,credit,Deposit,REF000511,REF000511-BK,North Ridge Treasury,Deposit - North Ridge Treasury,BANK_STMT_2026_03_04
BK-S000512-B1,ACC1001,Operating Cash - CAD,2026-03-21,2026-03-21,CAD,23967.71,debit,Withdrawal,REF000512,REF-000512,Cedar Prime LP,Withdrawal - Cedar Prime LP,BANK_STMT_2026_03_04
BK-S000513-B1,ACC3001,Fee Collection - CAD,2026-03-06,2026-03-06,CAD,22201.52,credit,Interest,REF000513,ref000513,Pinebridge Vendor Services,Interest - Pinebridge Vendor Services,BANK_STMT_2026_03_04
BK-S000514-B1,ACC3001,Fee Collection - CAD,2026-03-31,2026-03-31,CAD,20768.52,credit,Deposit,REF000514,ref000514,Bluewater Holdings,Deposit - Bluewater Holdings,BANK_STMT_2026_03_04
BK-S000515-B1,ACC3001,Fee Collection - CAD,2026-03-16,2026-03-16,CAD,17381.23,credit,Deposit,REF000515,REF 000515,Pinebridge Vendor Services,Deposit - Pinebridge Vendor Services,BANK_STMT_2026_03_04
BK-S000516-B1,ACC3001,Fee Collection - CAD,2026-03-19,2026-03-19,CAD,515.18,debit,Withdrawal,REF000516,REF000516-BK,Pinebridge Vendor Services,Withdrawal - Pinebridge Vendor Services,BANK_STMT_2026_03_04
BK-S000517-B1,ACC1001,Operating Cash - CAD,2026-04-11,2026-04-11,CAD,13333.47,debit,Fee,REF000517,REF000517-BK,Cedar Prime LP,Fee - Cedar Prime LP,BANK_STMT_2026_03_04
BK-S000518-B1,ACC1001,Operating Cash - CAD,2026-04-12,2026-04-12,CAD,6116.20,debit,Wire Out,REF000518,REF-000518,RBC Banking Services,Wire Out - RBC Banking Services,BANK_STMT_2026_03_04
BK-S000519-B1,ACC2002,Treasury Account - USD,2026-03-05,2026-03-05,USD,4690.11,debit,Withdrawal,REF000519,ref000519,Summit Client Account,Withdrawal - Summit Client Account,BANK_STMT_2026_03_04
BK-S000520-B1,ACC1001,Operating Cash - CAD,2026-03-12,2026-03-12,CAD,14394.02,credit,Wire In,REF000520,WIRE-REF000520,Lakeview Partners,Wire In - Lakeview Partners,BANK_STMT_2026_03_04
BK-S000521-B1,ACC2002,Treasury Account - USD,2026-03-21,2026-03-21,USD,655.97,credit,Interest,REF000521,REF000521-BK,Bluewater Holdings,Interest - Bluewater Holdings,BANK_STMT_2026_03_04
BK-S000522-B1,ACC3001,Fee Collection - CAD,2026-04-14,2026-04-14,CAD,9584.80,credit,Wire In,REF000522,ref000522,Cedar Prime LP,Wire In - Cedar Prime LP,BANK_STMT_2026_03_04
BK-S000523-B1,ACC2001,Operating Cash - USD,2026-03-25,2026-03-25,USD,16857.36,credit,Interest,REF000523,REF000523-BK,Summit Client Account,Interest - Summit Client Account,BANK_STMT_2026_03_04
BK-S000524-B1,ACC2002,Treasury Account - USD,2026-03-19,2026-03-19,USD,4457.81,credit,Deposit,REF000524,REF000524-BK,Pinebridge Vendor Services,Deposit - Pinebridge Vendor Services,BANK_STMT_2026_03_04
BK-S000525-B1,ACC1002,Client Money - CAD,2026-03-03,2026-03-03,CAD,586.99,credit,Wire In,REF000525,REF-000525,Cedar Prime LP,Wire In - Cedar Prime LP,BANK_STMT_2026_03_04
BK-S000526-B1,ACC2001,Operating Cash - USD,2026-03-27,2026-03-27,USD,21435.01,debit,Wire Out,REF000526,REF-000526,Evergreen Custody,Wire Out - Evergreen Custody,BANK_STMT_2026_03_04
BK-S000527-B1,ACC2001,Operating Cash - USD,2026-03-08,2026-03-08,USD,20191.84,debit,Wire Out,REF000527,WIRE-REF000527,Bluewater Holdings,Wire Out - Bluewater Holdings,BANK_STMT_2026_03_04
BK-S000528-B1,ACC1001,Operating Cash - CAD,2026-04-12,2026-04-12,CAD,138.38,debit,Fee,REF000528,ref000528,Summit Client Account,Fee - Summit Client Account,BANK_STMT_2026_03_04
BK-S000529-B1,ACC1002,Client Money - CAD,2026-03-19,2026-03-19,CAD,22602.85,credit,Wire In,REF000529,WIRE-REF000529,Pinebridge Vendor Services,Wire In - Pinebridge Vendor Services,BANK_STMT_2026_03_04
BK-S000530-B1,ACC2001,Operating Cash - USD,2026-04-07,2026-04-07,USD,14604.69,debit,Withdrawal,REF000530,REF-000530,Pinebridge Vendor Services,Withdrawal - Pinebridge Vendor Services,BANK_STMT_2026_03_04
BK-S000531-B1,ACC1002,Client Money - CAD,2026-04-15,2026-04-15,CAD,11466.98,debit,Wire Out,REF000531,ref000531,Pinebridge Vendor Services,Wire Out - Pinebridge Vendor Services,BANK_STMT_2026_03_04
BK-S000532-B1,ACC2002,Treasury Account - USD,2026-03-23,2026-03-23,USD,12687.31,credit,Interest,REF000532,REF000532-BK,Cedar Prime LP,Interest - Cedar Prime LP,BANK_STMT_2026_03_04
BK-S000533-B1,ACC1002,Client Money - CAD,2026-03-13,2026-03-13,CAD,22272.06,credit,Deposit,REF000533,REF 000533,Cedar Prime LP,Deposit - Cedar Prime LP,BANK_STMT_2026_03_04
BK-S000534-B1,ACC1001,Operating Cash - CAD,2026-04-07,2026-04-07,CAD,15160.87,credit,Deposit,REF000534,ref000534,Bluewater Holdings,Deposit - Bluewater Holdings,BANK_STMT_2026_03_04
BK-S000535-B1,ACC2002,Treasury Account - USD,2026-03-10,2026-03-10,USD,6359.36,debit,Withdrawal,REF000535,WIRE-REF000535,North Ridge Treasury,Withdrawal - North Ridge Treasury,BANK_STMT_2026_03_04
BK-S000536-B1,ACC1001,Operating Cash - CAD,2026-03-24,2026-03-24,CAD,16904.28,credit,Interest,REF000536,REF-000536,Evergreen Custody,Interest - Evergreen Custody,BANK_STMT_2026_03_04
BK-S000537-B1,ACC3001,Fee Collection - CAD,2026-04-12,2026-04-12,CAD,4508.78,credit,Deposit,REF000537,REF 000537,Summit Client Account,Deposit - Summit Client Account,BANK_STMT_2026_03_04
BK-S000538-B1,ACC1002,Client Money - CAD,2026-03-17,2026-03-17,CAD,2027.40,credit,Wire In,REF000538,ref000538,Lakeview Partners,Wire In - Lakeview Partners,BANK_STMT_2026_03_04
BK-S000539-B1,ACC1001,Operating Cash - CAD,2026-04-11,2026-04-11,CAD,17889.67,credit,Wire In,REF000539,ref000539,North Ridge Treasury,Wire In - North Ridge Treasury,BANK_STMT_2026_03_04
BK-S000540-B1,ACC2002,Treasury Account - USD,2026-04-07,2026-04-07,USD,21051.26,debit,Fee,REF000540,REF-000540,North Ridge Treasury,Fee - North Ridge Treasury,BANK_STMT_2026_03_04
BK-S000541-B1,ACC2002,Treasury Account - USD,2026-04-08,2026-04-08,USD,843.83,credit,Interest,REF000541,REF-000541,Summit Client Account,Interest - Summit Client Account,BANK_STMT_2026_03_04
BK-S000542-B1,ACC2001,Operating Cash - USD,2026-03-10,2026-03-10,USD,9693.35,debit,Wire Out,REF000542,REF-000542,Cedar Prime LP,Wire Out - Cedar Prime LP,BANK_STMT_2026_03_04
BK-S000543-B1,ACC1001,Operating Cash - CAD,2026-04-13,2026-04-13,CAD,6056.89,credit,Interest,REF000543,WIRE-REF000543,Evergreen Custody,Interest - Evergreen Custody,BANK_STMT_2026_03_04
BK-S000544-B1,ACC1002,Client Money - CAD,2026-04-07,2026-04-07,CAD,16108.97,credit,Deposit,REF000544,REF-000544,Bluewater Holdings,Deposit - Bluewater Holdings,BANK_STMT_2026_03_04
BK-S000545-B1,ACC1002,Client Money - CAD,2026-03-26,2026-03-26,CAD,14526.51,credit,Deposit,REF000545,ref000545,Bluewater Holdings,Deposit - Bluewater Holdings,BANK_STMT_2026_03_04
BK-S000546-B1,ACC3001,Fee Collection - CAD,2026-03-31,2026-03-31,CAD,20928.73,credit,Interest,REF000546,REF-000546,Evergreen Custody,Interest - Evergreen Custody,BANK_STMT_2026_03_04
BK-S000547-B1,ACC2001,Operating Cash - USD,2026-04-08,2026-04-08,USD,6515.53,credit,Interest,REF000547,REF 000547,RBC Banking Services,Interest - RBC Banking Services,BANK_STMT_2026_03_04
BK-S000548-B1,ACC3001,Fee Collection - CAD,2026-03-27,2026-03-27,CAD,15532.26,debit,Withdrawal,REF000548,REF000548-BK,Evergreen Custody,Withdrawal - Evergreen Custody,BANK_STMT_2026_03_04
BK-S000549-B1,ACC3001,Fee Collection - CAD,2026-03-06,2026-03-06,CAD,4127.89,credit,Wire In,REF000549,WIRE-REF000549,Bluewater Holdings,Wire In - Bluewater Holdings,BANK_STMT_2026_03_04
BK-S000550-B1,ACC3001,Fee Collection - CAD,2026-03-15,2026-03-15,CAD,12570.96,credit,Interest,REF000550,REF000550-BK,RBC Banking Services,Interest - RBC Banking Services,BANK_STMT_2026_03_04
BK-S000551-B1,ACC2001,Operating Cash - USD,2026-03-15,2026-03-15,USD,3011.62,credit,Interest,REF000551,REF-000551,RBC Banking Services,Interest - RBC Banking Services,BANK_STMT_2026_03_04
BK-S000552-B1,ACC1001,Operating Cash - CAD,2026-04-03,2026-04-03,CAD,56.47,credit,Deposit,REF000552,ref000552,Lakeview Partners,Deposit - Lakeview Partners,BANK_STMT_2026_03_04
BK-S000553-B1,ACC1002,Client Money - CAD,2026-04-11,2026-04-11,CAD,7271.27,credit,Interest,REF000553,ref000553,RBC Banking Services,Interest - RBC Banking Services,BANK_STMT_2026_03_04
BK-S000554-B1,ACC1002,Client Money - CAD,2026-04-05,2026-04-05,CAD,12579.23,credit,Interest,REF000554,REF000554-BK,Pinebridge Vendor Services,Interest - Pinebridge Vendor Services,BANK_STMT_2026_03_04
BK-S000555-B1,ACC3001,Fee Collection - CAD,2026-04-15,2026-04-15,CAD,4313.64,debit,Fee,REF000555,REF-000555,Cedar Prime LP,Fee - Cedar Prime LP,BANK_STMT_2026_03_04
BK-S000556-B1,ACC1002,Client Money - CAD,2026-03-14,2026-03-14,CAD,19865.95,credit,Wire In,REF000556,WIRE-REF000556,Bluewater Holdings,Wire In - Bluewater Holdings,BANK_STMT_2026_03_04
BK-S000557-B1,ACC1002,Client Money - CAD,2026-04-08,2026-04-08,CAD,2537.93,credit,Interest,REF000557,REF 000557,Lakeview Partners,Interest - Lakeview Partners,BANK_STMT_2026_03_04
BK-S000558-B1,ACC2002,Treasury Account - USD,2026-04-11,2026-04-11,USD,18078.54,credit,Deposit,REF000558,WIRE-REF000558,Bluewater Holdings,Deposit - Bluewater Holdings,BANK_STMT_2026_03_04
BK-S000559-B1,ACC3001,Fee Collection - CAD,2026-03-13,2026-03-13,CAD,589.56,debit,Fee,REF000559,REF-000559,Lakeview Partners,Fee - Lakeview Partners,BANK_STMT_2026_03_04
BK-S000560-B1,ACC1001,Operating Cash - CAD,2026-03-06,2026-03-06,CAD,19712.15,debit,Wire Out,REF000560,WIRE-REF000560,Pinebridge Vendor Services,Wire Out - Pinebridge Vendor Services,BANK_STMT_2026_03_04
BK-S000561-B1,ACC3001,Fee Collection - CAD,2026-04-15,2026-04-15,CAD,131.15,credit,Wire In,REF000561,REF000561,North Ridge Treasury,Wire In - North Ridge Treasury,BANK_STMT_2026_03_04
BK-S000562-B1,ACC1002,Client Money - CAD,2026-03-13,2026-03-13,CAD,10694.96,credit,Deposit,REF000562,REF000562,Bluewater Holdings,Deposit - Bluewater Holdings,BANK_STMT_2026_03_04
BK-S000563-B1,ACC1001,Operating Cash - CAD,2026-03-19,2026-03-19,CAD,3808.22,credit,Deposit,REF000563,REF000563,North Ridge Treasury,Deposit - North Ridge Treasury,BANK_STMT_2026_03_04
BK-S000564-B1,ACC3001,Fee Collection - CAD,2026-03-16,2026-03-16,CAD,24069.73,credit,Interest,REF000564,REF000564,Summit Client Account,Interest - Summit Client Account,BANK_STMT_2026_03_04
BK-S000565-B1,ACC2001,Operating Cash - USD,2026-03-25,2026-03-25,USD,24860.75,credit,Wire In,REF000565,REF000565,Lakeview Partners,Wire In - Lakeview Partners,BANK_STMT_2026_03_04
BK-S000566-B1,ACC2001,Operating Cash - USD,2026-03-19,2026-03-19,USD,656.33,debit,Wire Out,REF000566,REF000566,Pinebridge Vendor Services,Wire Out - Pinebridge Vendor Services,BANK_STMT_2026_03_04
BK-S000567-B1,ACC1002,Client Money - CAD,2026-03-18,2026-03-18,CAD,18907.75,credit,Deposit,REF000567,REF000567,Lakeview Partners,Deposit - Lakeview Partners,BANK_STMT_2026_03_04
BK-S000568-B1,ACC2001,Operating Cash - USD,2026-03-15,2026-03-15,USD,6992.69,debit,Wire Out,REF000568,REF000568,Pinebridge Vendor Services,Wire Out - Pinebridge Vendor Services,BANK_STMT_2026_03_04
BK-S000569-B1,ACC2002,Treasury Account - USD,2026-03-01,2026-03-01,USD,13995.37,credit,Deposit,REF000569,REF000569,Bluewater Holdings,Deposit - Bluewater Holdings,BANK_STMT_2026_03_04
BK-S000570-B1,ACC2001,Operating Cash - USD,2026-03-12,2026-03-12,USD,22984.16,credit,Interest,REF000570,REF000570,North Ridge Treasury,Interest - North Ridge Treasury,BANK_STMT_2026_03_04
BK-S000571-B1,ACC3001,Fee Collection - CAD,2026-03-31,2026-03-31,CAD,1781.50,credit,Interest,REF000571,REF000571,Pinebridge Vendor Services,Interest - Pinebridge Vendor Services,BANK_STMT_2026_03_04
BK-S000572-B1,ACC3001,Fee Collection - CAD,2026-03-21,2026-03-21,CAD,1283.68,credit,Interest,REF000572,REF000572,Lakeview Partners,Interest - Lakeview Partners,BANK_STMT_2026_03_04
BK-S000573-B1,ACC2001,Operating Cash - USD,2026-04-05,2026-04-05,USD,7465.80,debit,Wire Out,REF000573,REF000573,Pinebridge Vendor Services,Wire Out - Pinebridge Vendor Services,BANK_STMT_2026_03_04
BK-S000574-B1,ACC2001,Operating Cash - USD,2026-03-26,2026-03-26,USD,5317.34,debit,Fee,REF000574,REF000574,Evergreen Custody,Fee - Evergreen Custody,BANK_STMT_2026_03_04
BK-S000575-B1,ACC1002,Client Money - CAD,2026-03-28,2026-03-28,CAD,5705.52,credit,Deposit,REF000575,REF000575,Evergreen Custody,Deposit - Evergreen Custody,BANK_STMT_2026_03_04
BK-S000576-B1,ACC3001,Fee Collection - CAD,2026-03-21,2026-03-21,CAD,8200.82,credit,Deposit,REF000576,REF000576,Bluewater Holdings,Deposit - Bluewater Holdings,BANK_STMT_2026_03_04
BK-S000576-B2,ACC3001,Fee Collection - CAD,2026-03-21,2026-03-21,CAD,8200.82,debit,Deposit,REF000576,REF000576,Bluewater Holdings,Reversal/correction for REF000576,BANK_STMT_2026_03_04
BK-S000577-B1,ACC1002,Client Money - CAD,2026-03-14,2026-03-14,CAD,12436.95,credit,Wire In,REF000577,REF000577,Cedar Prime LP,Wire In - Cedar Prime LP,BANK_STMT_2026_03_04
BK-S000577-B2,ACC1002,Client Money - CAD,2026-03-14,2026-03-14,CAD,12436.95,debit,Wire In,REF000577,REF000577,Cedar Prime LP,Reversal/correction for REF000577,BANK_STMT_2026_03_04
BK-S000578-B1,ACC2001,Operating Cash - USD,2026-03-24,2026-03-24,USD,23364.27,debit,Fee,REF000578,REF000578,North Ridge Treasury,Fee - North Ridge Treasury,BANK_STMT_2026_03_04
BK-S000578-B2,ACC2001,Operating Cash - USD,2026-03-24,2026-03-24,USD,23364.27,credit,Fee,REF000578,REF000578,North Ridge Treasury,Reversal/correction for REF000578,BANK_STMT_2026_03_04
BK-S000579-B1,ACC1001,Operating Cash - CAD,2026-04-13,2026-04-13,CAD,5774.99,debit,Fee,REF000579,REF000579,Evergreen Custody,Fee - Evergreen Custody,BANK_STMT_2026_03_04
BK-S000579-B2,ACC1001,Operating Cash - CAD,2026-04-13,2026-04-13,CAD,5774.99,credit,Fee,REF000579,REF000579,Evergreen Custody,Reversal/correction for REF000579,BANK_STMT_2026_03_04
BK-S000580-B1,ACC3001,Fee Collection - CAD,2026-03-29,2026-03-29,CAD,10145.70,credit,Interest,REF000580,REF000580,North Ridge Treasury,Interest - North Ridge Treasury,BANK_STMT_2026_03_04
BK-S000580-B2,ACC3001,Fee Collection - CAD,2026-03-29,2026-03-29,CAD,10145.70,debit,Interest,REF000580,REF000580,North Ridge Treasury,Reversal/correction for REF000580,BANK_STMT_2026_03_04
BK-S000581-B1,ACC1002,Client Money - CAD,2026-03-22,2026-03-22,CAD,15695.44,debit,Withdrawal,REF000581,REF000581,RBC Banking Services,Withdrawal - RBC Banking Services,BANK_STMT_2026_03_04
BK-S000581-B2,ACC1002,Client Money - CAD,2026-03-22,2026-03-22,CAD,15695.44,credit,Withdrawal,REF000581,REF000581,RBC Banking Services,Reversal/correction for REF000581,BANK_STMT_2026_03_04
BK-S000582-B1,ACC2001,Operating Cash - USD,2026-03-21,2026-03-21,USD,7992.55,debit,Wire Out,REF000582,REF000582,North Ridge Treasury,Wire Out - North Ridge Treasury,BANK_STMT_2026_03_04
BK-S000582-B2,ACC2001,Operating Cash - USD,2026-03-21,2026-03-21,USD,7992.55,credit,Wire Out,REF000582,REF000582,North Ridge Treasury,Reversal/correction for REF000582,BANK_STMT_2026_03_04
BK-S000583-B1,ACC2001,Operating Cash - USD,2026-03-24,2026-03-24,USD,13502.46,credit,Interest,REF000583,REF000583,Summit Client Account,Interest - Summit Client Account,BANK_STMT_2026_03_04
BK-S000583-B2,ACC2001,Operating Cash - USD,2026-03-24,2026-03-24,USD,13502.46,debit,Interest,REF000583,REF000583,Summit Client Account,Reversal/correction for REF000583,BANK_STMT_2026_03_04
BK-S000584-B1,ACC1001,Operating Cash - CAD,2026-03-16,2026-03-16,CAD,23570.50,debit,Wire Out,REF000584,REF000584,Cedar Prime LP,Wire Out - Cedar Prime LP,BANK_STMT_2026_03_04
BK-S000584-B2,ACC1001,Operating Cash - CAD,2026-03-16,2026-03-16,CAD,23570.50,credit,Wire Out,REF000584,REF000584,Cedar Prime LP,Reversal/correction for REF000584,BANK_STMT_2026_03_04
BK-S000585-B1,ACC1001,Operating Cash - CAD,2026-03-05,2026-03-05,CAD,12356.46,credit,Wire In,REF000585,REF000585,Bluewater Holdings,Wire In - Bluewater Holdings,BANK_STMT_2026_03_04
BK-S000585-B2,ACC1001,Operating Cash - CAD,2026-03-05,2026-03-05,CAD,12356.46,debit,Wire In,REF000585,REF000585,Bluewater Holdings,Reversal/correction for REF000585,BANK_STMT_2026_03_04
BK-S000586-B1,ACC3001,Fee Collection - CAD,2026-03-07,2026-03-07,,4726.58,credit,Wire In,REF000586,REF000586,RBC Banking Services,Wire In - RBC Banking Services,BANK_STMT_2026_03_04
BK-S000587-B1,ACC2001,Operating Cash - USD,2026-04-10,2026-04-10,USD,524.07,credit,Interest,,,Evergreen Custody,Interest - Evergreen Custody,BANK_STMT_2026_03_04
BK-S000588-B1,ACC2001,Operating Cash - USD,,,USD,13974.02,credit,Interest,REF000588,REF000588,North Ridge Treasury,Interest - North Ridge Treasury,BANK_STMT_2026_03_04
BK-S000589-B1,ACC3001,Fee Collection - CAD,2026-04-07,2026-04-07,CAD,NOT_AVAILABLE,debit,Wire Out,REF000589,REF000589,RBC Banking Services,Wire Out - RBC Banking Services,BANK_STMT_2026_03_04
BK-S000590-B1,ACC3001,Fee Collection - CAD,2026-03-06,2026-03-06,CAD,NOT_AVAILABLE,debit,Wire Out,REF000590,REF000590,North Ridge Treasury,Wire Out - North Ridge Treasury,BANK_STMT_2026_03_04
BK-S000591-B1,ACC3001,Fee Collection - CAD,2026-03-23,2026-03-23,CAD,NOT_AVAILABLE,debit,Wire Out,REF000591,REF000591,Summit Client Account,Wire Out - Summit Client Account,BANK_STMT_2026_03_04
BK-S000592-B1,ACC2001,Operating Cash - USD,,,USD,14157.09,credit,Deposit,REF000592,REF000592,Lakeview Partners,Deposit - Lakeview Partners,BANK_STMT_2026_03_04
BK-S000593-B1,ACC1002,Client Money - CAD,,,CAD,10080.59,debit,Withdrawal,REF000593,REF000593,North Ridge Treasury,Withdrawal - North Ridge Treasury,BANK_STMT_2026_03_04
BK-S000594-B1,ACC3001,Fee Collection - CAD,2026-04-14,2026-04-14,,7832.24,credit,Deposit,REF000594,REF000594,North Ridge Treasury,Deposit - North Ridge Treasury,BANK_STMT_2026_03_04
BK-S000595-B1,ACC1002,Client Money - CAD,,,CAD,459.81,debit,Wire Out,REF000595,REF000595,Summit Client Account,Wire Out - Summit Client Account,BANK_STMT_2026_03_04
BK-S000596-B1,ACC1001,Operating Cash - CAD,2026-03-04,2026-03-04,CAD,NOT_AVAILABLE,debit,Wire Out,REF000596,REF000596,Cedar Prime LP,Wire Out - Cedar Prime LP,BANK_STMT_2026_03_04
BK-S000597-B1,ACC2002,Treasury Account - USD,2026-03-01,2026-03-01,USD,NOT_AVAILABLE,debit,Withdrawal,REF000597,REF000597,Summit Client Account,Withdrawal - Summit Client Account,BANK_STMT_2026_03_04
BK-S000598-B1,ACC2002,Treasury Account - USD,2026-03-30,2026-03-30,USD,1761.69,debit,Fee,,,Cedar Prime LP,Fee - Cedar Prime LP,BANK_STMT_2026_03_04
BK-S000599-B1,ACC1001,Operating Cash - CAD,2026-03-31,2026-03-31,CAD,22496.78,credit,Deposit,,,North Ridge Treasury,Deposit - North Ridge Treasury,BANK_STMT_2026_03_04
BK-S000600-B1,ACC1002,Client Money - CAD,2026-03-29,2026-03-29,CAD,24868.85,credit,Interest,,,Lakeview Partners,Interest - Lakeview Partners,BANK_STMT_2026_03_04
BK-S000601-B1,ACC1002,Client Money - CAD,2026-03-25,2026-03-25,CAD,8490.62,credit,Interest,,,Pinebridge Vendor Services,Interest - Pinebridge Vendor Services,BANK_STMT_2026_03_04
BK-S000602-B1,ACC3001,Fee Collection - CAD,2026-03-17,2026-03-17,,8171.51,credit,Wire In,REF000602,REF000602,Pinebridge Vendor Services,Wire In - Pinebridge Vendor Services,BANK_STMT_2026_03_04
BK-S000603-B1,ACC2002,Treasury Account - USD,2026-03-01,2026-03-01,,7626.40,debit,Fee,REF000603,REF000603,Cedar Prime LP,Fee - Cedar Prime LP,BANK_STMT_2026_03_04
BK-S000604-B1,ACC3001,Fee Collection - CAD,2026-03-31,2026-03-31,,4719.81,debit,Withdrawal,REF000604,REF000604,Cedar Prime LP,Withdrawal - Cedar Prime LP,BANK_STMT_2026_03_04
BK-S000605-B1,ACC3001,Fee Collection - CAD,2026-04-10,2026-04-10,CAD,369.97,debit,Fee,,,Evergreen Custody,Fee - Evergreen Custody,BANK_STMT_2026_03_04
BK-S000606-B1,ACC1002,Client Money - CAD,2026-04-05,2026-04-05,,19160.74,debit,Fee,REF000606,REF000606,Summit Client Account,Fee - Summit Client Account,BANK_STMT_2026_03_04
BK-S000607-B1,ACC2002,Treasury Account - USD,2026-03-09,2026-03-09,USD,NOT_AVAILABLE,debit,Fee,REF000607,REF000607,Summit Client Account,Fee - Summit Client Account,BANK_STMT_2026_03_04
BK-S000608-B1,ACC2002,Treasury Account - USD,2026-04-06,2026-04-06,,9343.95,debit,Wire Out,REF000608,REF000608,Summit Client Account,Wire Out - Summit Client Account,BANK_STMT_2026_03_04
BK-S000609-B1,ACC1002,Client Money - CAD,,,CAD,13998.54,credit,Interest,REF000609,REF000609,Summit Client Account,Interest - Summit Client Account,BANK_STMT_2026_03_04
BK-S000610-B1,ACC1001,Operating Cash - CAD,,,CAD,6730.88,credit,Deposit,REF000610,REF000610,Cedar Prime LP,Deposit - Cedar Prime LP,BANK_STMT_2026_03_04
