ledger_transaction_id,account_id,entity,ledger_date,value_date,currency,amount,direction,transaction_type,reference_id,raw_reference,counterparty,description,source_system,batch_id,created_by
LD-S000001-L1,ACC1001,Maple Operations Ltd,2026-03-18,2026-03-18,CAD,4348.91,credit,Wire In,REF000001,REF000001,Cedar Prime LP,Wire In - Cedar Prime LP,InternalCashLedger,BATCH-858,batch_loader
LD-S000002-L1,ACC1001,Maple Operations Ltd,2026-03-28,2026-03-28,CAD,134.33,credit,Deposit,REF000002,REF000002,Lakeview Partners,Deposit - Lakeview Partners,InternalCashLedger,BATCH-716,system_feed
LD-S000003-L1,ACC3001,Harbour Fund Services,2026-04-15,2026-04-15,CAD,14078.60,debit,Wire Out,REF000003,REF000003,Lakeview Partners,Wire Out - Lakeview Partners,InternalCashLedger,BATCH-703,ops_user
LD-S000004-L1,ACC1001,Harbour Fund Services,2026-04-14,2026-04-14,CAD,7668.91,debit,Wire Out,REF000004,REF000004,Lakeview Partners,Wire Out - Lakeview Partners,InternalCashLedger,BATCH-204,system_feed
LD-S000005-L1,ACC2002,Maple Operations Ltd,2026-03-23,2026-03-23,USD,15489.42,credit,Wire In,REF000005,REF000005,Bluewater Holdings,Wire In - Bluewater Holdings,InternalCashLedger,BATCH-570,batch_loader
LD-S000006-L1,ACC1001,Maple Operations Ltd,2026-03-06,2026-03-06,CAD,20905.71,credit,Interest,REF000006,REF000006,Pinebridge Vendor Services,Interest - Pinebridge Vendor Services,InternalCashLedger,BATCH-296,batch_loader
LD-S000007-L1,ACC1001,Northstar Capital,2026-04-12,2026-04-12,CAD,7945.31,credit,Wire In,REF000007,REF000007,Cedar Prime LP,Wire In - Cedar Prime LP,InternalCashLedger,BATCH-987,system_feed
LD-S000008-L1,ACC2002,Harbour Fund Services,2026-03-30,2026-03-30,USD,9755.97,debit,Fee,REF000008,REF000008,Pinebridge Vendor Services,Fee - Pinebridge Vendor Services,InternalCashLedger,BATCH-314,batch_loader
LD-S000009-L1,ACC2001,Maple Operations Ltd,2026-04-13,2026-04-13,USD,15619.14,debit,Withdrawal,REF000009,REF000009,Evergreen Custody,Withdrawal - Evergreen Custody,InternalCashLedger,BATCH-846,system_feed
LD-S000010-L1,ACC1002,Maple Operations Ltd,2026-03-25,2026-03-25,CAD,23209.39,credit,Interest,REF000010,REF000010,Lakeview Partners,Interest - Lakeview Partners,InternalCashLedger,BATCH-432,system_feed
LD-S000011-L1,ACC1002,Northstar Capital,2026-03-21,2026-03-21,CAD,2588.53,credit,Wire In,REF000011,REF000011,Pinebridge Vendor Services,Wire In - Pinebridge Vendor Services,InternalCashLedger,BATCH-771,ops_user
LD-S000012-L1,ACC2002,Maple Operations Ltd,2026-03-30,2026-03-30,USD,175.67,debit,Withdrawal,REF000012,REF000012,North Ridge Treasury,Withdrawal - North Ridge Treasury,InternalCashLedger,BATCH-698,ops_user
LD-S000013-L1,ACC3001,Northstar Capital,2026-03-24,2026-03-24,CAD,24940.90,credit,Interest,REF000013,REF000013,Summit Client Account,Interest - Summit Client Account,InternalCashLedger,BATCH-873,system_feed
LD-S000014-L1,ACC1001,Harbour Fund Services,2026-04-10,2026-04-10,CAD,17331.55,debit,Wire Out,REF000014,REF000014,Cedar Prime LP,Wire Out - Cedar Prime LP,InternalCashLedger,BATCH-490,batch_loader
LD-S000015-L1,ACC2002,Maple Operations Ltd,2026-03-17,2026-03-17,USD,21658.71,credit,Deposit,REF000015,REF000015,Bluewater Holdings,Deposit - Bluewater Holdings,InternalCashLedger,BATCH-838,system_feed
LD-S000016-L1,ACC3001,Harbour Fund Services,2026-04-11,2026-04-11,CAD,8044.00,debit,Fee,REF000016,REF000016,Evergreen Custody,Fee - Evergreen Custody,InternalCashLedger,BATCH-103,batch_loader
LD-S000017-L1,ACC2001,Maple Operations Ltd,2026-03-12,2026-03-12,USD,3553.86,credit,Deposit,REF000017,REF000017,North Ridge Treasury,Deposit - North Ridge Treasury,InternalCashLedger,BATCH-619,batch_loader
LD-S000018-L1,ACC1002,Maple Operations Ltd,2026-03-24,2026-03-24,CAD,13945.10,debit,Wire Out,REF000018,REF000018,Bluewater Holdings,Wire Out - Bluewater Holdings,InternalCashLedger,BATCH-431,ops_user
LD-S000019-L1,ACC1001,Northstar Capital,2026-03-24,2026-03-24,CAD,20959.97,credit,Wire In,REF000019,REF000019,North Ridge Treasury,Wire In - North Ridge Treasury,InternalCashLedger,BATCH-159,system_feed
LD-S000020-L1,ACC3001,Northstar Capital,2026-03-06,2026-03-06,CAD,20584.56,credit,Wire In,REF000020,REF000020,Evergreen Custody,Wire In - Evergreen Custody,InternalCashLedger,BATCH-775,ops_user
LD-S000021-L1,ACC3001,Maple Operations Ltd,2026-03-17,2026-03-17,CAD,15558.25,debit,Wire Out,REF000021,REF000021,Lakeview Partners,Wire Out - Lakeview Partners,InternalCashLedger,BATCH-873,batch_loader
LD-S000022-L1,ACC1002,Harbour Fund Services,2026-03-20,2026-03-20,CAD,17120.49,debit,Withdrawal,REF000022,REF000022,Pinebridge Vendor Services,Withdrawal - Pinebridge Vendor Services,InternalCashLedger,BATCH-629,ops_user
LD-S000023-L1,ACC1001,Maple Operations Ltd,2026-03-15,2026-03-15,CAD,68.93,debit,Wire Out,REF000023,REF000023,Lakeview Partners,Wire Out - Lakeview Partners,InternalCashLedger,BATCH-325,system_feed
LD-S000024-L1,ACC1001,Harbour Fund Services,2026-04-10,2026-04-10,CAD,110.66,debit,Withdrawal,REF000024,REF000024,Bluewater Holdings,Withdrawal - Bluewater Holdings,InternalCashLedger,BATCH-172,batch_loader
LD-S000025-L1,ACC1002,Northstar Capital,2026-04-12,2026-04-12,CAD,13941.61,debit,Fee,REF000025,REF000025,Summit Client Account,Fee - Summit Client Account,InternalCashLedger,BATCH-903,ops_user
LD-S000026-L1,ACC2002,Harbour Fund Services,2026-03-07,2026-03-07,USD,437.95,debit,Wire Out,REF000026,REF000026,RBC Banking Services,Wire Out - RBC Banking Services,InternalCashLedger,BATCH-578,batch_loader
LD-S000027-L1,ACC1001,Maple Operations Ltd,2026-04-11,2026-04-11,CAD,3362.03,debit,Withdrawal,REF000027,REF000027,RBC Banking Services,Withdrawal - RBC Banking Services,InternalCashLedger,BATCH-447,system_feed
LD-S000028-L1,ACC1002,Harbour Fund Services,2026-03-13,2026-03-13,CAD,4364.38,debit,Wire Out,REF000028,REF000028,Evergreen Custody,Wire Out - Evergreen Custody,InternalCashLedger,BATCH-573,system_feed
LD-S000029-L1,ACC1001,Northstar Capital,2026-04-05,2026-04-05,CAD,636.93,credit,Interest,REF000029,REF000029,Bluewater Holdings,Interest - Bluewater Holdings,InternalCashLedger,BATCH-871,system_feed
LD-S000030-L1,ACC1002,Northstar Capital,2026-04-01,2026-04-01,CAD,21751.61,credit,Interest,REF000030,REF000030,Bluewater Holdings,Interest - Bluewater Holdings,InternalCashLedger,BATCH-488,system_feed
LD-S000031-L1,ACC2002,Northstar Capital,2026-03-30,2026-03-30,USD,17718.20,debit,Fee,REF000031,REF000031,Summit Client Account,Fee - Summit Client Account,InternalCashLedger,BATCH-294,ops_user
LD-S000032-L1,ACC1002,Northstar Capital,2026-04-07,2026-04-07,CAD,2462.98,credit,Wire In,REF000032,REF000032,Pinebridge Vendor Services,Wire In - Pinebridge Vendor Services,InternalCashLedger,BATCH-151,batch_loader
LD-S000033-L1,ACC2002,Northstar Capital,2026-04-03,2026-04-03,USD,24058.69,credit,Deposit,REF000033,REF000033,Cedar Prime LP,Deposit - Cedar Prime LP,InternalCashLedger,BATCH-170,batch_loader
LD-S000034-L1,ACC1001,Maple Operations Ltd,2026-03-16,2026-03-16,CAD,23598.31,debit,Withdrawal,REF000034,REF000034,Lakeview Partners,Withdrawal - Lakeview Partners,InternalCashLedger,BATCH-708,system_feed
LD-S000035-L1,ACC3001,Harbour Fund Services,2026-03-27,2026-03-27,CAD,14565.45,credit,Wire In,REF000035,REF000035,Pinebridge Vendor Services,Wire In - Pinebridge Vendor Services,InternalCashLedger,BATCH-309,batch_loader
LD-S000036-L1,ACC2001,Harbour Fund Services,2026-03-17,2026-03-17,USD,17120.57,debit,Wire Out,REF000036,REF000036,North Ridge Treasury,Wire Out - North Ridge Treasury,InternalCashLedger,BATCH-423,system_feed
LD-S000037-L1,ACC1001,Maple Operations Ltd,2026-04-09,2026-04-09,CAD,24906.31,credit,Interest,REF000037,REF000037,Cedar Prime LP,Interest - Cedar Prime LP,InternalCashLedger,BATCH-318,batch_loader
LD-S000038-L1,ACC2001,Harbour Fund Services,2026-03-23,2026-03-23,USD,22102.49,debit,Wire Out,REF000038,REF000038,Pinebridge Vendor Services,Wire Out - Pinebridge Vendor Services,InternalCashLedger,BATCH-261,ops_user
LD-S000039-L1,ACC3001,Maple Operations Ltd,2026-03-20,2026-03-20,CAD,24693.59,debit,Withdrawal,REF000039,REF000039,Bluewater Holdings,Withdrawal - Bluewater Holdings,InternalCashLedger,BATCH-936,batch_loader
LD-S000040-L1,ACC2001,Northstar Capital,2026-03-07,2026-03-07,USD,4222.99,debit,Withdrawal,REF000040,REF000040,Cedar Prime LP,Withdrawal - Cedar Prime LP,InternalCashLedger,BATCH-860,batch_loader
LD-S000041-L1,ACC1002,Maple Operations Ltd,2026-03-19,2026-03-19,CAD,18222.69,debit,Fee,REF000041,REF000041,Lakeview Partners,Fee - Lakeview Partners,InternalCashLedger,BATCH-749,ops_user
LD-S000042-L1,ACC3001,Maple Operations Ltd,2026-03-17,2026-03-17,CAD,21306.49,credit,Interest,REF000042,REF000042,Cedar Prime LP,Interest - Cedar Prime LP,InternalCashLedger,BATCH-533,ops_user
LD-S000043-L1,ACC1001,Northstar Capital,2026-03-22,2026-03-22,CAD,16290.72,credit,Wire In,REF000043,REF000043,North Ridge Treasury,Wire In - North Ridge Treasury,InternalCashLedger,BATCH-859,ops_user
LD-S000044-L1,ACC3001,Maple Operations Ltd,2026-03-28,2026-03-28,CAD,3684.97,debit,Withdrawal,REF000044,REF000044,Evergreen Custody,Withdrawal - Evergreen Custody,InternalCashLedger,BATCH-136,ops_user
LD-S000045-L1,ACC3001,Northstar Capital,2026-03-10,2026-03-10,CAD,2003.89,credit,Deposit,REF000045,REF000045,Pinebridge Vendor Services,Deposit - Pinebridge Vendor Services,InternalCashLedger,BATCH-466,system_feed
LD-S000046-L1,ACC1002,Maple Operations Ltd,2026-03-07,2026-03-07,CAD,14437.20,debit,Withdrawal,REF000046,REF000046,RBC Banking Services,Withdrawal - RBC Banking Services,InternalCashLedger,BATCH-867,system_feed
LD-S000047-L1,ACC1002,Harbour Fund Services,2026-03-12,2026-03-12,CAD,1594.87,debit,Wire Out,REF000047,REF000047,Pinebridge Vendor Services,Wire Out - Pinebridge Vendor Services,InternalCashLedger,BATCH-921,batch_loader
LD-S000048-L1,ACC1002,Harbour Fund Services,2026-03-11,2026-03-11,CAD,3594.30,debit,Fee,REF000048,REF000048,Bluewater Holdings,Fee - Bluewater Holdings,InternalCashLedger,BATCH-327,system_feed
LD-S000049-L1,ACC2002,Northstar Capital,2026-03-20,2026-03-20,USD,21911.75,debit,Fee,REF000049,REF000049,Lakeview Partners,Fee - Lakeview Partners,InternalCashLedger,BATCH-775,system_feed
LD-S000050-L1,ACC2002,Harbour Fund Services,2026-03-18,2026-03-18,USD,24205.34,debit,Fee,REF000050,REF000050,North Ridge Treasury,Fee - North Ridge Treasury,InternalCashLedger,BATCH-756,batch_loader
LD-S000051-L1,ACC2002,Northstar Capital,2026-04-04,2026-04-04,USD,1662.41,debit,Withdrawal,REF000051,REF000051,North Ridge Treasury,Withdrawal - North Ridge Treasury,InternalCashLedger,BATCH-694,ops_user
LD-S000052-L1,ACC1001,Harbour Fund Services,2026-04-08,2026-04-08,CAD,18485.08,credit,Wire In,REF000052,REF000052,Pinebridge Vendor Services,Wire In - Pinebridge Vendor Services,InternalCashLedger,BATCH-720,batch_loader
LD-S000053-L1,ACC1001,Northstar Capital,2026-04-06,2026-04-06,CAD,2065.28,credit,Interest,REF000053,REF000053,RBC Banking Services,Interest - RBC Banking Services,InternalCashLedger,BATCH-632,batch_loader
LD-S000054-L1,ACC1002,Maple Operations Ltd,2026-03-28,2026-03-28,CAD,647.81,debit,Fee,REF000054,REF000054,Pinebridge Vendor Services,Fee - Pinebridge Vendor Services,InternalCashLedger,BATCH-421,batch_loader
LD-S000055-L1,ACC1001,Harbour Fund Services,2026-03-20,2026-03-20,CAD,17005.43,debit,Withdrawal,REF000055,REF000055,Pinebridge Vendor Services,Withdrawal - Pinebridge Vendor Services,InternalCashLedger,BATCH-813,ops_user
LD-S000056-L1,ACC3001,Maple Operations Ltd,2026-03-13,2026-03-13,CAD,23568.73,debit,Wire Out,REF000056,REF000056,Evergreen Custody,Wire Out - Evergreen Custody,InternalCashLedger,BATCH-682,ops_user
LD-S000057-L1,ACC2002,Harbour Fund Services,2026-03-01,2026-03-01,USD,6044.38,credit,Deposit,REF000057,REF000057,Pinebridge Vendor Services,Deposit - Pinebridge Vendor Services,InternalCashLedger,BATCH-552,ops_user
LD-S000058-L1,ACC1002,Maple Operations Ltd,2026-03-31,2026-03-31,CAD,24035.97,credit,Deposit,REF000058,REF000058,Evergreen Custody,Deposit - Evergreen Custody,InternalCashLedger,BATCH-186,ops_user
LD-S000059-L1,ACC3001,Maple Operations Ltd,2026-04-10,2026-04-10,CAD,3241.29,debit,Withdrawal,REF000059,REF000059,Lakeview Partners,Withdrawal - Lakeview Partners,InternalCashLedger,BATCH-417,system_feed
LD-S000060-L1,ACC1002,Harbour Fund Services,2026-03-02,2026-03-02,CAD,935.54,debit,Wire Out,REF000060,REF000060,Cedar Prime LP,Wire Out - Cedar Prime LP,InternalCashLedger,BATCH-524,batch_loader
LD-S000061-L1,ACC3001,Northstar Capital,2026-04-15,2026-04-15,CAD,12865.05,debit,Wire Out,REF000061,REF000061,Lakeview Partners,Wire Out - Lakeview Partners,InternalCashLedger,BATCH-771,batch_loader
LD-S000062-L1,ACC1001,Northstar Capital,2026-03-28,2026-03-28,CAD,20298.64,credit,Wire In,REF000062,REF000062,Summit Client Account,Wire In - Summit Client Account,InternalCashLedger,BATCH-670,system_feed
LD-S000063-L1,ACC1001,Harbour Fund Services,2026-03-09,2026-03-09,CAD,17021.87,credit,Interest,REF000063,REF000063,Pinebridge Vendor Services,Interest - Pinebridge Vendor Services,InternalCashLedger,BATCH-727,batch_loader
LD-S000064-L1,ACC3001,Harbour Fund Services,2026-04-05,2026-04-05,CAD,4819.79,credit,Interest,REF000064,REF000064,Summit Client Account,Interest - Summit Client Account,InternalCashLedger,BATCH-365,system_feed
LD-S000065-L1,ACC2001,Maple Operations Ltd,2026-04-01,2026-04-01,USD,7590.34,credit,Deposit,REF000065,REF000065,Cedar Prime LP,Deposit - Cedar Prime LP,InternalCashLedger,BATCH-392,system_feed
LD-S000066-L1,ACC2001,Northstar Capital,2026-03-21,2026-03-21,USD,2933.86,debit,Fee,REF000066,REF000066,Evergreen Custody,Fee - Evergreen Custody,InternalCashLedger,BATCH-492,batch_loader
LD-S000067-L1,ACC1002,Harbour Fund Services,2026-03-14,2026-03-14,CAD,416.84,debit,Withdrawal,REF000067,REF000067,Summit Client Account,Withdrawal - Summit Client Account,InternalCashLedger,BATCH-163,system_feed
LD-S000068-L1,ACC2002,Harbour Fund Services,2026-04-07,2026-04-07,USD,1468.77,credit,Interest,REF000068,REF000068,RBC Banking Services,Interest - RBC Banking Services,InternalCashLedger,BATCH-106,ops_user
LD-S000069-L1,ACC2001,Harbour Fund Services,2026-03-27,2026-03-27,USD,18631.22,credit,Interest,REF000069,REF000069,Lakeview Partners,Interest - Lakeview Partners,InternalCashLedger,BATCH-324,ops_user
LD-S000070-L1,ACC2002,Maple Operations Ltd,2026-03-02,2026-03-02,USD,17052.97,credit,Interest,REF000070,REF000070,RBC Banking Services,Interest - RBC Banking Services,InternalCashLedger,BATCH-269,ops_user
LD-S000071-L1,ACC1002,Northstar Capital,2026-04-04,2026-04-04,CAD,404.62,credit,Deposit,REF000071,REF000071,Bluewater Holdings,Deposit - Bluewater Holdings,InternalCashLedger,BATCH-758,ops_user
LD-S000072-L1,ACC1002,Harbour Fund Services,2026-03-12,2026-03-12,CAD,391.19,credit,Interest,REF000072,REF000072,Lakeview Partners,Interest - Lakeview Partners,InternalCashLedger,BATCH-434,ops_user
LD-S000073-L1,ACC2002,Maple Operations Ltd,2026-03-27,2026-03-27,USD,2965.75,debit,Fee,REF000073,REF000073,Bluewater Holdings,Fee - Bluewater Holdings,InternalCashLedger,BATCH-652,system_feed
LD-S000074-L1,ACC2001,Northstar Capital,2026-04-11,2026-04-11,USD,911.56,debit,Wire Out,REF000074,REF000074,Bluewater Holdings,Wire Out - Bluewater Holdings,InternalCashLedger,BATCH-353,system_feed
LD-S000075-L1,ACC1001,Maple Operations Ltd,2026-03-10,2026-03-10,CAD,12365.47,credit,Deposit,REF000075,REF000075,Cedar Prime LP,Deposit - Cedar Prime LP,InternalCashLedger,BATCH-323,ops_user
LD-S000076-L1,ACC2001,Northstar Capital,2026-03-11,2026-03-11,USD,24129.63,debit,Fee,REF000076,REF000076,Cedar Prime LP,Fee - Cedar Prime LP,InternalCashLedger,BATCH-418,system_feed
LD-S000077-L1,ACC3001,Harbour Fund Services,2026-03-20,2026-03-20,CAD,22792.63,credit,Wire In,REF000077,REF000077,RBC Banking Services,Wire In - RBC Banking Services,InternalCashLedger,BATCH-832,system_feed
LD-S000078-L1,ACC1001,Maple Operations Ltd,2026-04-14,2026-04-14,CAD,6828.39,credit,Deposit,REF000078,REF000078,North Ridge Treasury,Deposit - North Ridge Treasury,InternalCashLedger,BATCH-714,system_feed
LD-S000079-L1,ACC3001,Maple Operations Ltd,2026-03-23,2026-03-23,CAD,16876.51,credit,Wire In,REF000079,REF000079,Cedar Prime LP,Wire In - Cedar Prime LP,InternalCashLedger,BATCH-763,ops_user
LD-S000080-L1,ACC1001,Maple Operations Ltd,2026-04-01,2026-04-01,CAD,914.71,credit,Interest,REF000080,REF000080,Summit Client Account,Interest - Summit Client Account,InternalCashLedger,BATCH-256,ops_user
LD-S000081-L1,ACC1002,Harbour Fund Services,2026-04-03,2026-04-03,CAD,7481.98,debit,Withdrawal,REF000081,REF000081,Summit Client Account,Withdrawal - Summit Client Account,InternalCashLedger,BATCH-546,batch_loader
LD-S000082-L1,ACC3001,Harbour Fund Services,2026-03-21,2026-03-21,CAD,20937.54,debit,Fee,REF000082,REF000082,Cedar Prime LP,Fee - Cedar Prime LP,InternalCashLedger,BATCH-561,system_feed
LD-S000083-L1,ACC2002,Harbour Fund Services,2026-04-09,2026-04-09,USD,9073.52,credit,Deposit,REF000083,REF000083,Summit Client Account,Deposit - Summit Client Account,InternalCashLedger,BATCH-286,ops_user
LD-S000084-L1,ACC1002,Maple Operations Ltd,2026-03-17,2026-03-17,CAD,22127.68,debit,Fee,REF000084,REF000084,North Ridge Treasury,Fee - North Ridge Treasury,InternalCashLedger,BATCH-110,batch_loader
LD-S000085-L1,ACC1002,Maple Operations Ltd,2026-03-16,2026-03-16,CAD,12725.87,credit,Wire In,REF000085,REF000085,Lakeview Partners,Wire In - Lakeview Partners,InternalCashLedger,BATCH-587,batch_loader
LD-S000086-L1,ACC2002,Harbour Fund Services,2026-03-02,2026-03-02,USD,249.44,credit,Interest,REF000086,REF000086,Lakeview Partners,Interest - Lakeview Partners,InternalCashLedger,BATCH-779,batch_loader
LD-S000087-L1,ACC2001,Harbour Fund Services,2026-04-05,2026-04-05,USD,11212.09,credit,Interest,REF000087,REF000087,Pinebridge Vendor Services,Interest - Pinebridge Vendor Services,InternalCashLedger,BATCH-819,ops_user
LD-S000088-L1,ACC2001,Northstar Capital,2026-03-17,2026-03-17,USD,18310.82,debit,Fee,REF000088,REF000088,Pinebridge Vendor Services,Fee - Pinebridge Vendor Services,InternalCashLedger,BATCH-860,batch_loader
LD-S000089-L1,ACC1002,Northstar Capital,2026-03-14,2026-03-14,CAD,7635.99,debit,Wire Out,REF000089,REF000089,North Ridge Treasury,Wire Out - North Ridge Treasury,InternalCashLedger,BATCH-952,system_feed
LD-S000090-L1,ACC2001,Harbour Fund Services,2026-03-24,2026-03-24,USD,1339.56,debit,Wire Out,REF000090,REF000090,Evergreen Custody,Wire Out - Evergreen Custody,InternalCashLedger,BATCH-146,system_feed
LD-S000091-L1,ACC3001,Northstar Capital,2026-04-14,2026-04-14,CAD,16308.87,debit,Fee,REF000091,REF000091,Summit Client Account,Fee - Summit Client Account,InternalCashLedger,BATCH-993,system_feed
LD-S000092-L1,ACC3001,Harbour Fund Services,2026-03-31,2026-03-31,CAD,9176.94,debit,Fee,REF000092,REF000092,Bluewater Holdings,Fee - Bluewater Holdings,InternalCashLedger,BATCH-982,ops_user
LD-S000093-L1,ACC1001,Northstar Capital,2026-03-26,2026-03-26,CAD,14848.51,credit,Wire In,REF000093,REF000093,Bluewater Holdings,Wire In - Bluewater Holdings,InternalCashLedger,BATCH-252,batch_loader
LD-S000094-L1,ACC2001,Maple Operations Ltd,2026-03-16,2026-03-16,USD,738.00,credit,Wire In,REF000094,REF000094,Lakeview Partners,Wire In - Lakeview Partners,InternalCashLedger,BATCH-489,ops_user
LD-S000095-L1,ACC2002,Maple Operations Ltd,2026-04-07,2026-04-07,USD,8329.13,debit,Fee,REF000095,REF000095,Bluewater Holdings,Fee - Bluewater Holdings,InternalCashLedger,BATCH-857,system_feed
LD-S000096-L1,ACC1002,Northstar Capital,2026-03-14,2026-03-14,CAD,2948.50,debit,Withdrawal,REF000096,REF000096,Lakeview Partners,Withdrawal - Lakeview Partners,InternalCashLedger,BATCH-665,system_feed
LD-S000097-L1,ACC1002,Northstar Capital,2026-03-27,2026-03-27,CAD,15251.47,credit,Wire In,REF000097,REF000097,North Ridge Treasury,Wire In - North Ridge Treasury,InternalCashLedger,BATCH-337,ops_user
LD-S000098-L1,ACC2001,Maple Operations Ltd,2026-03-30,2026-03-30,USD,260.08,debit,Withdrawal,REF000098,REF000098,North Ridge Treasury,Withdrawal - North Ridge Treasury,InternalCashLedger,BATCH-703,batch_loader
LD-S000099-L1,ACC1002,Northstar Capital,2026-03-08,2026-03-08,CAD,16543.23,credit,Interest,REF000099,REF000099,North Ridge Treasury,Interest - North Ridge Treasury,InternalCashLedger,BATCH-173,system_feed
LD-S000100-L1,ACC1002,Harbour Fund Services,2026-04-08,2026-04-08,CAD,14660.97,debit,Fee,REF000100,REF000100,North Ridge Treasury,Fee - North Ridge Treasury,InternalCashLedger,BATCH-227,ops_user
LD-S000101-L1,ACC2001,Harbour Fund Services,2026-03-26,2026-03-26,USD,13011.33,debit,Withdrawal,REF000101,REF000101,Summit Client Account,Withdrawal - Summit Client Account,InternalCashLedger,BATCH-182,batch_loader
LD-S000102-L1,ACC1001,Maple Operations Ltd,2026-03-21,2026-03-21,CAD,1620.76,credit,Interest,REF000102,REF000102,Lakeview Partners,Interest - Lakeview Partners,InternalCashLedger,BATCH-956,batch_loader
LD-S000103-L1,ACC3001,Harbour Fund Services,2026-04-13,2026-04-13,CAD,14829.93,credit,Wire In,REF000103,REF000103,Evergreen Custody,Wire In - Evergreen Custody,InternalCashLedger,BATCH-631,batch_loader
LD-S000104-L1,ACC2002,Northstar Capital,2026-03-12,2026-03-12,USD,11461.24,debit,Fee,REF000104,REF000104,Summit Client Account,Fee - Summit Client Account,InternalCashLedger,BATCH-581,ops_user
LD-S000105-L1,ACC2002,Harbour Fund Services,2026-03-21,2026-03-21,USD,21585.59,debit,Fee,REF000105,REF000105,Pinebridge Vendor Services,Fee - Pinebridge Vendor Services,InternalCashLedger,BATCH-810,ops_user
LD-S000106-L1,ACC2001,Northstar Capital,2026-03-26,2026-03-26,USD,14202.32,debit,Withdrawal,REF000106,REF000106,Summit Client Account,Withdrawal - Summit Client Account,InternalCashLedger,BATCH-422,ops_user
LD-S000107-L1,ACC2001,Maple Operations Ltd,2026-03-26,2026-03-26,USD,20798.25,credit,Wire In,REF000107,REF000107,Bluewater Holdings,Wire In - Bluewater Holdings,InternalCashLedger,BATCH-990,batch_loader
LD-S000108-L1,ACC2002,Maple Operations Ltd,2026-03-04,2026-03-04,USD,9682.70,credit,Interest,REF000108,REF000108,Summit Client Account,Interest - Summit Client Account,InternalCashLedger,BATCH-552,system_feed
LD-S000109-L1,ACC1002,Northstar Capital,2026-04-05,2026-04-05,CAD,309.23,debit,Fee,REF000109,REF000109,Summit Client Account,Fee - Summit Client Account,InternalCashLedger,BATCH-129,batch_loader
LD-S000110-L1,ACC3001,Northstar Capital,2026-04-15,2026-04-15,CAD,14220.14,debit,Wire Out,REF000110,REF000110,RBC Banking Services,Wire Out - RBC Banking Services,InternalCashLedger,BATCH-330,system_feed
LD-S000111-L1,ACC2002,Maple Operations Ltd,2026-04-11,2026-04-11,USD,12961.01,credit,Wire In,REF000111,REF000111,North Ridge Treasury,Wire In - North Ridge Treasury,InternalCashLedger,BATCH-822,ops_user
LD-S000112-L1,ACC2002,Northstar Capital,2026-03-31,2026-03-31,USD,14230.36,credit,Interest,REF000112,REF000112,RBC Banking Services,Interest - RBC Banking Services,InternalCashLedger,BATCH-713,batch_loader
LD-S000113-L1,ACC1002,Maple Operations Ltd,2026-03-18,2026-03-18,CAD,21505.90,credit,Wire In,REF000113,REF000113,Pinebridge Vendor Services,Wire In - Pinebridge Vendor Services,InternalCashLedger,BATCH-373,system_feed
LD-S000114-L1,ACC2001,Northstar Capital,2026-03-20,2026-03-20,USD,14918.16,debit,Withdrawal,REF000114,REF000114,Summit Client Account,Withdrawal - Summit Client Account,InternalCashLedger,BATCH-557,batch_loader
LD-S000115-L1,ACC2002,Harbour Fund Services,2026-03-22,2026-03-22,USD,14042.32,debit,Fee,REF000115,REF000115,Summit Client Account,Fee - Summit Client Account,InternalCashLedger,BATCH-990,system_feed
LD-S000116-L1,ACC1002,Harbour Fund Services,2026-03-25,2026-03-25,CAD,19613.07,credit,Deposit,REF000116,REF000116,Bluewater Holdings,Deposit - Bluewater Holdings,InternalCashLedger,BATCH-862,ops_user
LD-S000117-L1,ACC2002,Harbour Fund Services,2026-04-12,2026-04-12,USD,16648.46,credit,Interest,REF000117,REF000117,Evergreen Custody,Interest - Evergreen Custody,InternalCashLedger,BATCH-137,system_feed
LD-S000118-L1,ACC3001,Northstar Capital,2026-03-22,2026-03-22,CAD,21980.57,credit,Deposit,REF000118,REF000118,Summit Client Account,Deposit - Summit Client Account,InternalCashLedger,BATCH-638,ops_user
LD-S000119-L1,ACC1001,Northstar Capital,2026-03-10,2026-03-10,CAD,16714.75,debit,Withdrawal,REF000119,REF000119,Evergreen Custody,Withdrawal - Evergreen Custody,InternalCashLedger,BATCH-580,ops_user
LD-S000120-L1,ACC2001,Maple Operations Ltd,2026-04-14,2026-04-14,USD,2927.57,credit,Deposit,REF000120,REF000120,Pinebridge Vendor Services,Deposit - Pinebridge Vendor Services,InternalCashLedger,BATCH-979,batch_loader
LD-S000121-L1,ACC2002,Maple Operations Ltd,2026-04-10,2026-04-10,USD,19225.64,debit,Fee,REF000121,REF000121,Bluewater Holdings,Fee - Bluewater Holdings,InternalCashLedger,BATCH-170,system_feed
LD-S000122-L1,ACC2001,Harbour Fund Services,2026-03-06,2026-03-06,USD,3362.64,debit,Wire Out,REF000122,REF000122,Cedar Prime LP,Wire Out - Cedar Prime LP,InternalCashLedger,BATCH-270,batch_loader
LD-S000123-L1,ACC2001,Harbour Fund Services,2026-03-03,2026-03-03,USD,2346.86,credit,Wire In,REF000123,REF000123,Pinebridge Vendor Services,Wire In - Pinebridge Vendor Services,InternalCashLedger,BATCH-541,system_feed
LD-S000124-L1,ACC1002,Northstar Capital,2026-03-27,2026-03-27,CAD,20020.47,credit,Deposit,REF000124,REF000124,Evergreen Custody,Deposit - Evergreen Custody,InternalCashLedger,BATCH-180,batch_loader
LD-S000125-L1,ACC2002,Northstar Capital,2026-04-13,2026-04-13,USD,22907.90,credit,Deposit,REF000125,REF000125,Evergreen Custody,Deposit - Evergreen Custody,InternalCashLedger,BATCH-572,batch_loader
LD-S000126-L1,ACC2001,Harbour Fund Services,2026-03-17,2026-03-17,USD,22573.80,credit,Interest,REF000126,REF000126,Summit Client Account,Interest - Summit Client Account,InternalCashLedger,BATCH-793,batch_loader
LD-S000127-L1,ACC1002,Maple Operations Ltd,2026-03-29,2026-03-29,CAD,24703.64,credit,Wire In,REF000127,REF000127,North Ridge Treasury,Wire In - North Ridge Treasury,InternalCashLedger,BATCH-534,batch_loader
LD-S000128-L1,ACC2001,Northstar Capital,2026-03-20,2026-03-20,USD,10232.64,credit,Interest,REF000128,REF000128,Summit Client Account,Interest - Summit Client Account,InternalCashLedger,BATCH-342,ops_user
LD-S000129-L1,ACC3001,Maple Operations Ltd,2026-04-06,2026-04-06,CAD,17782.70,debit,Fee,REF000129,REF000129,Bluewater Holdings,Fee - Bluewater Holdings,InternalCashLedger,BATCH-505,ops_user
LD-S000130-L1,ACC1001,Harbour Fund Services,2026-04-13,2026-04-13,CAD,24366.47,credit,Deposit,REF000130,REF000130,Summit Client Account,Deposit - Summit Client Account,InternalCashLedger,BATCH-894,system_feed
LD-S000131-L1,ACC3001,Maple Operations Ltd,2026-03-15,2026-03-15,CAD,15901.39,debit,Fee,REF000131,REF000131,Evergreen Custody,Fee - Evergreen Custody,InternalCashLedger,BATCH-199,batch_loader
LD-S000132-L1,ACC1001,Northstar Capital,2026-03-29,2026-03-29,CAD,378.38,debit,Fee,REF000132,REF000132,Evergreen Custody,Fee - Evergreen Custody,InternalCashLedger,BATCH-402,ops_user
LD-S000133-L1,ACC2002,Maple Operations Ltd,2026-03-13,2026-03-13,USD,535.47,debit,Wire Out,REF000133,REF000133,Pinebridge Vendor Services,Wire Out - Pinebridge Vendor Services,InternalCashLedger,BATCH-613,ops_user
LD-S000134-L1,ACC1002,Northstar Capital,2026-03-31,2026-03-31,CAD,8083.39,debit,Fee,REF000134,REF000134,Pinebridge Vendor Services,Fee - Pinebridge Vendor Services,InternalCashLedger,BATCH-579,system_feed
LD-S000135-L1,ACC1002,Northstar Capital,2026-04-13,2026-04-13,CAD,24518.61,debit,Wire Out,REF000135,REF000135,Pinebridge Vendor Services,Wire Out - Pinebridge Vendor Services,InternalCashLedger,BATCH-909,ops_user
LD-S000136-L1,ACC1001,Maple Operations Ltd,2026-04-04,2026-04-04,CAD,381.73,debit,Fee,REF000136,REF000136,North Ridge Treasury,Fee - North Ridge Treasury,InternalCashLedger,BATCH-490,batch_loader
LD-S000137-L1,ACC2001,Maple Operations Ltd,2026-04-13,2026-04-13,USD,1600.59,credit,Wire In,REF000137,REF000137,Pinebridge Vendor Services,Wire In - Pinebridge Vendor Services,InternalCashLedger,BATCH-326,batch_loader
LD-S000138-L1,ACC1001,Northstar Capital,2026-03-30,2026-03-30,CAD,8252.56,debit,Withdrawal,REF000138,REF000138,RBC Banking Services,Withdrawal - RBC Banking Services,InternalCashLedger,BATCH-243,system_feed
LD-S000139-L1,ACC1001,Harbour Fund Services,2026-04-01,2026-04-01,CAD,261.32,debit,Fee,REF000139,REF000139,Evergreen Custody,Fee - Evergreen Custody,InternalCashLedger,BATCH-564,ops_user
LD-S000140-L1,ACC3001,Maple Operations Ltd,2026-04-07,2026-04-07,CAD,4708.55,credit,Interest,REF000140,REF000140,RBC Banking Services,Interest - RBC Banking Services,InternalCashLedger,BATCH-201,ops_user
LD-S000141-L1,ACC3001,Harbour Fund Services,2026-03-18,2026-03-18,CAD,383.48,credit,Interest,REF000141,REF000141,Summit Client Account,Interest - Summit Client Account,InternalCashLedger,BATCH-341,ops_user
LD-S000142-L1,ACC1001,Northstar Capital,2026-03-24,2026-03-24,CAD,24468.22,debit,Withdrawal,REF000142,REF000142,Pinebridge Vendor Services,Withdrawal - Pinebridge Vendor Services,InternalCashLedger,BATCH-507,ops_user
LD-S000143-L1,ACC1002,Northstar Capital,2026-03-30,2026-03-30,CAD,240.90,credit,Wire In,REF000143,REF000143,Bluewater Holdings,Wire In - Bluewater Holdings,InternalCashLedger,BATCH-905,ops_user
LD-S000144-L1,ACC1002,Maple Operations Ltd,2026-04-06,2026-04-06,CAD,20915.63,debit,Wire Out,REF000144,REF000144,Lakeview Partners,Wire Out - Lakeview Partners,InternalCashLedger,BATCH-321,system_feed
LD-S000145-L1,ACC2001,Northstar Capital,2026-04-08,2026-04-08,USD,822.57,debit,Wire Out,REF000145,REF000145,Evergreen Custody,Wire Out - Evergreen Custody,InternalCashLedger,BATCH-653,ops_user
LD-S000146-L1,ACC1002,Northstar Capital,2026-04-12,2026-04-12,CAD,4163.28,credit,Wire In,REF000146,REF000146,Pinebridge Vendor Services,Wire In - Pinebridge Vendor Services,InternalCashLedger,BATCH-702,ops_user
LD-S000147-L1,ACC1001,Maple Operations Ltd,2026-03-17,2026-03-17,CAD,717.55,debit,Wire Out,REF000147,REF000147,Cedar Prime LP,Wire Out - Cedar Prime LP,InternalCashLedger,BATCH-165,ops_user
LD-S000148-L1,ACC2002,Maple Operations Ltd,2026-04-02,2026-04-02,USD,11848.13,debit,Fee,REF000148,REF000148,Lakeview Partners,Fee - Lakeview Partners,InternalCashLedger,BATCH-144,batch_loader
LD-S000149-L1,ACC3001,Harbour Fund Services,2026-03-30,2026-03-30,CAD,1747.62,debit,Fee,REF000149,REF000149,Summit Client Account,Fee - Summit Client Account,InternalCashLedger,BATCH-536,batch_loader
LD-S000150-L1,ACC1001,Harbour Fund Services,2026-04-15,2026-04-15,CAD,2763.78,credit,Interest,REF000150,REF000150,Cedar Prime LP,Interest - Cedar Prime LP,InternalCashLedger,BATCH-722,system_feed
LD-S000151-L1,ACC1001,Harbour Fund Services,2026-03-18,2026-03-18,CAD,15048.75,debit,Wire Out,REF000151,REF000151,Pinebridge Vendor Services,Wire Out - Pinebridge Vendor Services,InternalCashLedger,BATCH-711,batch_loader
LD-S000152-L1,ACC2001,Maple Operations Ltd,2026-04-02,2026-04-02,USD,3380.28,credit,Interest,REF000152,REF000152,Cedar Prime LP,Interest - Cedar Prime LP,InternalCashLedger,BATCH-766,batch_loader
LD-S000153-L1,ACC1002,Harbour Fund Services,2026-03-29,2026-03-29,CAD,10931.53,credit,Interest,REF000153,REF000153,Summit Client Account,Interest - Summit Client Account,InternalCashLedger,BATCH-525,batch_loader
LD-S000154-L1,ACC1001,Maple Operations Ltd,2026-03-28,2026-03-28,CAD,7117.36,debit,Fee,REF000154,REF000154,Evergreen Custody,Fee - Evergreen Custody,InternalCashLedger,BATCH-585,system_feed
LD-S000155-L1,ACC1001,Northstar Capital,2026-03-06,2026-03-06,CAD,18870.14,credit,Wire In,REF000155,REF000155,Pinebridge Vendor Services,Wire In - Pinebridge Vendor Services,InternalCashLedger,BATCH-669,system_feed
LD-S000156-L1,ACC3001,Maple Operations Ltd,2026-04-05,2026-04-05,CAD,3933.55,credit,Deposit,REF000156,REF000156,Pinebridge Vendor Services,Deposit - Pinebridge Vendor Services,InternalCashLedger,BATCH-868,ops_user
LD-S000157-L1,ACC1001,Northstar Capital,2026-04-08,2026-04-08,CAD,3486.41,debit,Fee,REF000157,REF000157,Lakeview Partners,Fee - Lakeview Partners,InternalCashLedger,BATCH-772,ops_user
LD-S000158-L1,ACC1002,Maple Operations Ltd,2026-03-23,2026-03-23,CAD,9821.47,credit,Wire In,REF000158,REF000158,North Ridge Treasury,Wire In - North Ridge Treasury,InternalCashLedger,BATCH-331,ops_user
LD-S000159-L1,ACC3001,Northstar Capital,2026-04-09,2026-04-09,CAD,14361.75,credit,Deposit,REF000159,REF000159,North Ridge Treasury,Deposit - North Ridge Treasury,InternalCashLedger,BATCH-284,ops_user
LD-S000160-L1,ACC2001,Northstar Capital,2026-03-23,2026-03-23,USD,832.88,debit,Fee,REF000160,REF000160,RBC Banking Services,Fee - RBC Banking Services,InternalCashLedger,BATCH-245,batch_loader
LD-S000161-L1,ACC1001,Northstar Capital,2026-04-03,2026-04-03,CAD,11075.98,credit,Wire In,REF000161,REF000161,Pinebridge Vendor Services,Wire In - Pinebridge Vendor Services,InternalCashLedger,BATCH-478,ops_user
LD-S000162-L1,ACC2001,Maple Operations Ltd,2026-04-08,2026-04-08,USD,97.35,credit,Deposit,REF000162,REF000162,Evergreen Custody,Deposit - Evergreen Custody,InternalCashLedger,BATCH-150,batch_loader
LD-S000163-L1,ACC1001,Harbour Fund Services,2026-03-29,2026-03-29,CAD,12655.88,debit,Fee,REF000163,REF000163,Summit Client Account,Fee - Summit Client Account,InternalCashLedger,BATCH-379,system_feed
LD-S000164-L1,ACC3001,Maple Operations Ltd,2026-03-23,2026-03-23,CAD,7797.92,credit,Wire In,REF000164,REF000164,Summit Client Account,Wire In - Summit Client Account,InternalCashLedger,BATCH-783,ops_user
LD-S000165-L1,ACC1001,Harbour Fund Services,2026-03-26,2026-03-26,CAD,2314.77,debit,Wire Out,REF000165,REF000165,Lakeview Partners,Wire Out - Lakeview Partners,InternalCashLedger,BATCH-316,system_feed
LD-S000166-L1,ACC2001,Northstar Capital,2026-03-21,2026-03-21,USD,497.65,debit,Fee,REF000166,REF000166,RBC Banking Services,Fee - RBC Banking Services,InternalCashLedger,BATCH-232,ops_user
LD-S000167-L1,ACC3001,Northstar Capital,2026-03-15,2026-03-15,CAD,21000.50,debit,Withdrawal,REF000167,REF000167,Pinebridge Vendor Services,Withdrawal - Pinebridge Vendor Services,InternalCashLedger,BATCH-506,batch_loader
LD-S000168-L1,ACC1001,Maple Operations Ltd,2026-03-02,2026-03-02,CAD,2868.70,credit,Interest,REF000168,REF000168,Pinebridge Vendor Services,Interest - Pinebridge Vendor Services,InternalCashLedger,BATCH-539,batch_loader
LD-S000169-L1,ACC2002,Harbour Fund Services,2026-04-10,2026-04-10,USD,3764.16,debit,Withdrawal,REF000169,REF000169,Bluewater Holdings,Withdrawal - Bluewater Holdings,InternalCashLedger,BATCH-275,batch_loader
LD-S000170-L1,ACC2002,Harbour Fund Services,2026-03-24,2026-03-24,USD,810.04,debit,Withdrawal,REF000170,REF000170,Lakeview Partners,Withdrawal - Lakeview Partners,InternalCashLedger,BATCH-703,ops_user
LD-S000171-L1,ACC3001,Harbour Fund Services,2026-03-26,2026-03-26,CAD,18899.32,credit,Wire In,REF000171,REF000171,Lakeview Partners,Wire In - Lakeview Partners,InternalCashLedger,BATCH-897,system_feed
LD-S000172-L1,ACC1001,Harbour Fund Services,2026-04-10,2026-04-10,CAD,508.96,credit,Deposit,REF000172,REF000172,Pinebridge Vendor Services,Deposit - Pinebridge Vendor Services,InternalCashLedger,BATCH-844,batch_loader
LD-S000173-L1,ACC1002,Maple Operations Ltd,2026-03-07,2026-03-07,CAD,227.54,debit,Wire Out,REF000173,REF000173,Evergreen Custody,Wire Out - Evergreen Custody,InternalCashLedger,BATCH-177,system_feed
LD-S000174-L1,ACC2002,Maple Operations Ltd,2026-04-06,2026-04-06,USD,11773.73,credit,Interest,REF000174,REF000174,Pinebridge Vendor Services,Interest - Pinebridge Vendor Services,InternalCashLedger,BATCH-423,system_feed
LD-S000175-L1,ACC2002,Maple Operations Ltd,2026-03-31,2026-03-31,USD,8267.69,credit,Wire In,REF000175,REF000175,North Ridge Treasury,Wire In - North Ridge Treasury,InternalCashLedger,BATCH-157,ops_user
LD-S000176-L1,ACC3001,Harbour Fund Services,2026-03-20,2026-03-20,CAD,1902.57,credit,Wire In,REF000176,REF000176,Pinebridge Vendor Services,Wire In - Pinebridge Vendor Services,InternalCashLedger,BATCH-178,batch_loader
LD-S000177-L1,ACC1001,Harbour Fund Services,2026-04-08,2026-04-08,CAD,12105.08,credit,Deposit,REF000177,REF000177,Bluewater Holdings,Deposit - Bluewater Holdings,InternalCashLedger,BATCH-929,batch_loader
LD-S000178-L1,ACC1002,Harbour Fund Services,2026-04-08,2026-04-08,CAD,4620.67,debit,Fee,REF000178,REF000178,Bluewater Holdings,Fee - Bluewater Holdings,InternalCashLedger,BATCH-205,ops_user
LD-S000179-L1,ACC1001,Harbour Fund Services,2026-04-11,2026-04-11,CAD,6945.85,credit,Deposit,REF000179,REF000179,Summit Client Account,Deposit - Summit Client Account,InternalCashLedger,BATCH-636,batch_loader
LD-S000180-L1,ACC3001,Harbour Fund Services,2026-03-24,2026-03-24,CAD,7789.45,debit,Wire Out,REF000180,REF000180,RBC Banking Services,Wire Out - RBC Banking Services,InternalCashLedger,BATCH-795,batch_loader
LD-S000181-L1,ACC1001,Harbour Fund Services,2026-04-11,2026-04-11,CAD,8912.58,debit,Withdrawal,REF000181,REF000181,RBC Banking Services,Withdrawal - RBC Banking Services,InternalCashLedger,BATCH-358,batch_loader
LD-S000182-L1,ACC3001,Harbour Fund Services,2026-03-22,2026-03-22,CAD,647.25,debit,Wire Out,REF000182,REF000182,Pinebridge Vendor Services,Wire Out - Pinebridge Vendor Services,InternalCashLedger,BATCH-771,batch_loader
LD-S000183-L1,ACC2002,Maple Operations Ltd,2026-04-08,2026-04-08,USD,3033.26,debit,Wire Out,REF000183,REF000183,RBC Banking Services,Wire Out - RBC Banking Services,InternalCashLedger,BATCH-910,ops_user
LD-S000184-L1,ACC1002,Maple Operations Ltd,2026-04-14,2026-04-14,CAD,18730.59,debit,Withdrawal,REF000184,REF000184,Cedar Prime LP,Withdrawal - Cedar Prime LP,InternalCashLedger,BATCH-786,ops_user
LD-S000185-L1,ACC3001,Harbour Fund Services,2026-03-02,2026-03-02,CAD,5326.31,debit,Fee,REF000185,REF000185,Lakeview Partners,Fee - Lakeview Partners,InternalCashLedger,BATCH-884,ops_user
LD-S000186-L1,ACC1002,Maple Operations Ltd,2026-03-09,2026-03-09,CAD,8099.01,debit,Wire Out,REF000186,REF000186,Cedar Prime LP,Wire Out - Cedar Prime LP,InternalCashLedger,BATCH-889,batch_loader
LD-S000187-L1,ACC3001,Maple Operations Ltd,2026-04-12,2026-04-12,CAD,19391.38,credit,Wire In,REF000187,REF000187,Evergreen Custody,Wire In - Evergreen Custody,InternalCashLedger,BATCH-485,system_feed
LD-S000188-L1,ACC1002,Maple Operations Ltd,2026-04-14,2026-04-14,CAD,20417.05,debit,Wire Out,REF000188,REF000188,Evergreen Custody,Wire Out - Evergreen Custody,InternalCashLedger,BATCH-548,system_feed
LD-S000189-L1,ACC2002,Maple Operations Ltd,2026-04-13,2026-04-13,USD,24270.13,debit,Fee,REF000189,REF000189,North Ridge Treasury,Fee - North Ridge Treasury,InternalCashLedger,BATCH-902,ops_user
LD-S000190-L1,ACC1002,Northstar Capital,2026-03-16,2026-03-16,CAD,20406.97,credit,Deposit,REF000190,REF000190,Summit Client Account,Deposit - Summit Client Account,InternalCashLedger,BATCH-476,batch_loader
LD-S000191-L1,ACC3001,Northstar Capital,2026-03-30,2026-03-30,CAD,19674.98,credit,Interest,REF000191,REF000191,RBC Banking Services,Interest - RBC Banking Services,InternalCashLedger,BATCH-936,system_feed
LD-S000192-L1,ACC3001,Maple Operations Ltd,2026-03-17,2026-03-17,CAD,482.53,debit,Wire Out,REF000192,REF000192,Pinebridge Vendor Services,Wire Out - Pinebridge Vendor Services,InternalCashLedger,BATCH-205,batch_loader
LD-S000193-L1,ACC3001,Maple Operations Ltd,2026-03-19,2026-03-19,CAD,194.28,credit,Wire In,REF000193,REF000193,Summit Client Account,Wire In - Summit Client Account,InternalCashLedger,BATCH-250,ops_user
LD-S000194-L1,ACC1001,Northstar Capital,2026-03-29,2026-03-29,CAD,23331.33,debit,Wire Out,REF000194,REF000194,RBC Banking Services,Wire Out - RBC Banking Services,InternalCashLedger,BATCH-505,batch_loader
LD-S000195-L1,ACC2001,Harbour Fund Services,2026-03-25,2026-03-25,USD,9997.90,debit,Wire Out,REF000195,REF000195,Bluewater Holdings,Wire Out - Bluewater Holdings,InternalCashLedger,BATCH-201,batch_loader
LD-S000196-L1,ACC2001,Maple Operations Ltd,2026-03-09,2026-03-09,USD,875.66,debit,Wire Out,REF000196,REF000196,Summit Client Account,Wire Out - Summit Client Account,InternalCashLedger,BATCH-951,system_feed
LD-S000197-L1,ACC2002,Northstar Capital,2026-04-09,2026-04-09,USD,121.30,credit,Interest,REF000197,REF000197,North Ridge Treasury,Interest - North Ridge Treasury,InternalCashLedger,BATCH-955,system_feed
LD-S000198-L1,ACC3001,Northstar Capital,2026-04-08,2026-04-08,CAD,3668.48,debit,Withdrawal,REF000198,REF000198,North Ridge Treasury,Withdrawal - North Ridge Treasury,InternalCashLedger,BATCH-408,system_feed
LD-S000199-L1,ACC1001,Northstar Capital,2026-03-27,2026-03-27,CAD,15947.45,debit,Wire Out,REF000199,REF000199,Cedar Prime LP,Wire Out - Cedar Prime LP,InternalCashLedger,BATCH-956,ops_user
LD-S000200-L1,ACC3001,Harbour Fund Services,2026-03-02,2026-03-02,CAD,14801.14,credit,Deposit,REF000200,REF000200,Evergreen Custody,Deposit - Evergreen Custody,InternalCashLedger,BATCH-539,system_feed
LD-S000201-L1,ACC3001,Maple Operations Ltd,2026-03-16,2026-03-16,CAD,5495.53,debit,Fee,REF000201,REF000201,Cedar Prime LP,Fee - Cedar Prime LP,InternalCashLedger,BATCH-469,system_feed
LD-S000202-L1,ACC3001,Harbour Fund Services,2026-04-02,2026-04-02,CAD,13182.94,credit,Deposit,REF000202,REF000202,Bluewater Holdings,Deposit - Bluewater Holdings,InternalCashLedger,BATCH-994,ops_user
LD-S000203-L1,ACC1001,Harbour Fund Services,2026-03-25,2026-03-25,CAD,7087.61,debit,Withdrawal,REF000203,REF000203,Bluewater Holdings,Withdrawal - Bluewater Holdings,InternalCashLedger,BATCH-907,system_feed
LD-S000204-L1,ACC2001,Northstar Capital,2026-04-12,2026-04-12,USD,19516.03,debit,Wire Out,REF000204,REF000204,Pinebridge Vendor Services,Wire Out - Pinebridge Vendor Services,InternalCashLedger,BATCH-145,ops_user
LD-S000205-L1,ACC3001,Maple Operations Ltd,2026-04-11,2026-04-11,CAD,19699.42,debit,Fee,REF000205,REF000205,Summit Client Account,Fee - Summit Client Account,InternalCashLedger,BATCH-590,batch_loader
LD-S000206-L1,ACC1002,Harbour Fund Services,2026-03-05,2026-03-05,CAD,23646.52,debit,Wire Out,REF000206,REF000206,Bluewater Holdings,Wire Out - Bluewater Holdings,InternalCashLedger,BATCH-306,system_feed
LD-S000207-L1,ACC1002,Harbour Fund Services,2026-03-21,2026-03-21,CAD,13369.21,credit,Wire In,REF000207,REF000207,Summit Client Account,Wire In - Summit Client Account,InternalCashLedger,BATCH-137,batch_loader
LD-S000208-L1,ACC1002,Harbour Fund Services,2026-03-23,2026-03-23,CAD,2147.30,debit,Fee,REF000208,REF000208,Pinebridge Vendor Services,Fee - Pinebridge Vendor Services,InternalCashLedger,BATCH-227,ops_user
LD-S000209-L1,ACC2002,Harbour Fund Services,2026-03-29,2026-03-29,USD,10279.47,credit,Interest,REF000209,REF000209,Evergreen Custody,Interest - Evergreen Custody,InternalCashLedger,BATCH-808,ops_user
LD-S000210-L1,ACC2001,Harbour Fund Services,2026-03-18,2026-03-18,USD,18449.95,credit,Deposit,REF000210,REF000210,Cedar Prime LP,Deposit - Cedar Prime LP,InternalCashLedger,BATCH-716,system_feed
LD-S000211-L1,ACC3001,Harbour Fund Services,2026-03-21,2026-03-21,CAD,345.13,debit,Fee,REF000211,REF000211,North Ridge Treasury,Fee - North Ridge Treasury,InternalCashLedger,BATCH-556,batch_loader
LD-S000212-L1,ACC2002,Maple Operations Ltd,2026-04-14,2026-04-14,USD,11731.11,debit,Wire Out,REF000212,REF000212,Pinebridge Vendor Services,Wire Out - Pinebridge Vendor Services,InternalCashLedger,BATCH-545,ops_user
LD-S000213-L1,ACC1001,Northstar Capital,2026-04-12,2026-04-12,CAD,9719.47,credit,Wire In,REF000213,REF000213,Evergreen Custody,Wire In - Evergreen Custody,InternalCashLedger,BATCH-246,batch_loader
LD-S000214-L1,ACC2002,Harbour Fund Services,2026-03-09,2026-03-09,USD,750.66,credit,Wire In,REF000214,REF000214,Pinebridge Vendor Services,Wire In - Pinebridge Vendor Services,InternalCashLedger,BATCH-492,batch_loader
LD-S000215-L1,ACC1001,Harbour Fund Services,2026-03-10,2026-03-10,CAD,23771.76,credit,Deposit,REF000215,REF000215,Pinebridge Vendor Services,Deposit - Pinebridge Vendor Services,InternalCashLedger,BATCH-881,system_feed
LD-S000216-L1,ACC3001,Northstar Capital,2026-04-03,2026-04-03,CAD,8545.25,debit,Wire Out,REF000216,REF000216,North Ridge Treasury,Wire Out - North Ridge Treasury,InternalCashLedger,BATCH-216,system_feed
LD-S000217-L1,ACC1002,Harbour Fund Services,2026-04-03,2026-04-03,CAD,14480.15,credit,Interest,REF000217,REF000217,North Ridge Treasury,Interest - North Ridge Treasury,InternalCashLedger,BATCH-820,ops_user
LD-S000218-L1,ACC1002,Northstar Capital,2026-03-19,2026-03-19,CAD,24967.09,credit,Deposit,REF000218,REF000218,Lakeview Partners,Deposit - Lakeview Partners,InternalCashLedger,BATCH-238,system_feed
LD-S000219-L1,ACC2002,Maple Operations Ltd,2026-04-15,2026-04-15,USD,3106.98,debit,Wire Out,REF000219,REF000219,Pinebridge Vendor Services,Wire Out - Pinebridge Vendor Services,InternalCashLedger,BATCH-455,batch_loader
LD-S000220-L1,ACC1001,Maple Operations Ltd,2026-04-04,2026-04-04,CAD,8198.96,credit,Deposit,REF000220,REF000220,Evergreen Custody,Deposit - Evergreen Custody,InternalCashLedger,BATCH-826,batch_loader
LD-S000221-L1,ACC1002,Northstar Capital,2026-04-02,2026-04-02,CAD,24643.18,debit,Fee,REF000221,REF000221,Evergreen Custody,Fee - Evergreen Custody,InternalCashLedger,BATCH-909,ops_user
LD-S000222-L1,ACC1001,Maple Operations Ltd,2026-04-05,2026-04-05,CAD,12217.74,debit,Fee,REF000222,REF000222,Evergreen Custody,Fee - Evergreen Custody,InternalCashLedger,BATCH-188,system_feed
LD-S000223-L1,ACC2001,Maple Operations Ltd,2026-04-15,2026-04-15,USD,13616.70,credit,Interest,REF000223,REF000223,RBC Banking Services,Interest - RBC Banking Services,InternalCashLedger,BATCH-175,system_feed
LD-S000224-L1,ACC2001,Northstar Capital,2026-03-05,2026-03-05,USD,17322.62,debit,Withdrawal,REF000224,REF000224,Pinebridge Vendor Services,Withdrawal - Pinebridge Vendor Services,InternalCashLedger,BATCH-999,batch_loader
LD-S000225-L1,ACC3001,Northstar Capital,2026-03-09,2026-03-09,CAD,22857.09,debit,Wire Out,REF000225,REF000225,Bluewater Holdings,Wire Out - Bluewater Holdings,InternalCashLedger,BATCH-630,system_feed
LD-S000226-L1,ACC2001,Maple Operations Ltd,2026-03-11,2026-03-11,USD,18023.97,debit,Wire Out,REF000226,REF000226,Pinebridge Vendor Services,Wire Out - Pinebridge Vendor Services,InternalCashLedger,BATCH-390,system_feed
LD-S000227-L1,ACC2001,Maple Operations Ltd,2026-04-10,2026-04-10,USD,7586.82,debit,Wire Out,REF000227,REF000227,North Ridge Treasury,Wire Out - North Ridge Treasury,InternalCashLedger,BATCH-646,system_feed
LD-S000228-L1,ACC3001,Maple Operations Ltd,2026-03-11,2026-03-11,CAD,14935.52,debit,Withdrawal,REF000228,REF000228,Evergreen Custody,Withdrawal - Evergreen Custody,InternalCashLedger,BATCH-739,batch_loader
LD-S000229-L1,ACC3001,Northstar Capital,2026-04-06,2026-04-06,CAD,827.40,debit,Fee,REF000229,REF000229,Cedar Prime LP,Fee - Cedar Prime LP,InternalCashLedger,BATCH-756,batch_loader
LD-S000230-L1,ACC2001,Harbour Fund Services,2026-03-14,2026-03-14,USD,10998.08,debit,Withdrawal,REF000230,REF000230,Bluewater Holdings,Withdrawal - Bluewater Holdings,InternalCashLedger,BATCH-742,batch_loader
LD-S000231-L1,ACC2001,Harbour Fund Services,2026-03-20,2026-03-20,USD,20312.52,debit,Withdrawal,REF000231,REF000231,RBC Banking Services,Withdrawal - RBC Banking Services,InternalCashLedger,BATCH-564,system_feed
LD-S000232-L1,ACC1001,Maple Operations Ltd,2026-03-29,2026-03-29,CAD,12146.61,debit,Wire Out,REF000232,REF000232,Pinebridge Vendor Services,Wire Out - Pinebridge Vendor Services,InternalCashLedger,BATCH-247,ops_user
LD-S000233-L1,ACC2001,Maple Operations Ltd,2026-03-23,2026-03-23,USD,4138.39,debit,Withdrawal,REF000233,REF000233,Pinebridge Vendor Services,Withdrawal - Pinebridge Vendor Services,InternalCashLedger,BATCH-675,system_feed
LD-S000234-L1,ACC2001,Northstar Capital,2026-03-30,2026-03-30,USD,454.64,debit,Wire Out,REF000234,REF000234,Evergreen Custody,Wire Out - Evergreen Custody,InternalCashLedger,BATCH-151,ops_user
LD-S000235-L1,ACC2002,Harbour Fund Services,2026-03-27,2026-03-27,USD,21767.38,credit,Deposit,REF000235,REF000235,Evergreen Custody,Deposit - Evergreen Custody,InternalCashLedger,BATCH-691,batch_loader
LD-S000236-L1,ACC2001,Harbour Fund Services,2026-03-11,2026-03-11,USD,13353.40,debit,Wire Out,REF000236,REF000236,Summit Client Account,Wire Out - Summit Client Account,InternalCashLedger,BATCH-609,system_feed
LD-S000237-L1,ACC1001,Northstar Capital,2026-04-02,2026-04-02,CAD,6777.49,credit,Interest,REF000237,REF000237,Pinebridge Vendor Services,Interest - Pinebridge Vendor Services,InternalCashLedger,BATCH-151,ops_user
LD-S000238-L1,ACC2002,Northstar Capital,2026-04-11,2026-04-11,USD,7857.96,credit,Deposit,REF000238,REF000238,Bluewater Holdings,Deposit - Bluewater Holdings,InternalCashLedger,BATCH-541,system_feed
LD-S000239-L1,ACC2001,Northstar Capital,2026-03-24,2026-03-24,USD,9782.50,debit,Withdrawal,REF000239,REF000239,RBC Banking Services,Withdrawal - RBC Banking Services,InternalCashLedger,BATCH-683,batch_loader
LD-S000240-L1,ACC1002,Maple Operations Ltd,2026-04-05,2026-04-05,CAD,10272.37,debit,Fee,REF000240,REF000240,Summit Client Account,Fee - Summit Client Account,InternalCashLedger,BATCH-386,batch_loader
LD-S000241-L1,ACC3001,Maple Operations Ltd,2026-03-09,2026-03-09,CAD,10453.69,credit,Wire In,REF000241,REF000241,Pinebridge Vendor Services,Wire In - Pinebridge Vendor Services,InternalCashLedger,BATCH-474,system_feed
LD-S000242-L1,ACC1002,Northstar Capital,2026-04-02,2026-04-02,CAD,1966.12,credit,Deposit,REF000242,REF000242,Bluewater Holdings,Deposit - Bluewater Holdings,InternalCashLedger,BATCH-830,ops_user
LD-S000243-L1,ACC2002,Harbour Fund Services,2026-03-30,2026-03-30,USD,853.82,credit,Deposit,REF000243,REF000243,Evergreen Custody,Deposit - Evergreen Custody,InternalCashLedger,BATCH-727,ops_user
LD-S000244-L1,ACC1002,Maple Operations Ltd,2026-04-09,2026-04-09,CAD,8181.62,credit,Interest,REF000244,REF000244,Pinebridge Vendor Services,Interest - Pinebridge Vendor Services,InternalCashLedger,BATCH-948,batch_loader
LD-S000245-L1,ACC3001,Harbour Fund Services,2026-04-15,2026-04-15,CAD,12397.42,credit,Interest,REF000245,REF000245,Bluewater Holdings,Interest - Bluewater Holdings,InternalCashLedger,BATCH-439,batch_loader
LD-S000246-L1,ACC1001,Maple Operations Ltd,2026-04-07,2026-04-07,CAD,22570.41,credit,Interest,REF000246,REF000246,Bluewater Holdings,Interest - Bluewater Holdings,InternalCashLedger,BATCH-585,ops_user
LD-S000247-L1,ACC3001,Maple Operations Ltd,2026-03-15,2026-03-15,CAD,15004.56,credit,Deposit,REF000247,REF000247,Evergreen Custody,Deposit - Evergreen Custody,InternalCashLedger,BATCH-744,batch_loader
LD-S000248-L1,ACC3001,Northstar Capital,2026-03-10,2026-03-10,CAD,6812.72,credit,Interest,REF000248,REF000248,Cedar Prime LP,Interest - Cedar Prime LP,InternalCashLedger,BATCH-119,ops_user
LD-S000249-L1,ACC2001,Maple Operations Ltd,2026-03-10,2026-03-10,USD,5893.40,credit,Interest,REF000249,REF000249,Summit Client Account,Interest - Summit Client Account,InternalCashLedger,BATCH-844,system_feed
LD-S000250-L1,ACC1002,Maple Operations Ltd,2026-03-14,2026-03-14,CAD,24954.95,credit,Deposit,REF000250,REF000250,Summit Client Account,Deposit - Summit Client Account,InternalCashLedger,BATCH-485,ops_user
LD-S000251-L1,ACC1002,Maple Operations Ltd,2026-04-06,2026-04-06,CAD,9502.89,credit,Interest,REF000251,REF000251,North Ridge Treasury,Interest - North Ridge Treasury,InternalCashLedger,BATCH-296,system_feed
LD-S000252-L1,ACC2001,Harbour Fund Services,2026-03-21,2026-03-21,USD,24349.86,credit,Deposit,REF000252,REF000252,North Ridge Treasury,Deposit - North Ridge Treasury,InternalCashLedger,BATCH-806,batch_loader
LD-S000253-L1,ACC2002,Harbour Fund Services,2026-04-01,2026-04-01,USD,23408.81,debit,Fee,REF000253,REF000253,North Ridge Treasury,Fee - North Ridge Treasury,InternalCashLedger,BATCH-687,batch_loader
LD-S000254-L1,ACC3001,Harbour Fund Services,2026-03-27,2026-03-27,CAD,23910.61,credit,Interest,REF000254,REF000254,Evergreen Custody,Interest - Evergreen Custody,InternalCashLedger,BATCH-394,batch_loader
LD-S000255-L1,ACC1001,Northstar Capital,2026-03-31,2026-03-31,CAD,18936.12,debit,Fee,REF000255,REF000255,Lakeview Partners,Fee - Lakeview Partners,InternalCashLedger,BATCH-675,batch_loader
LD-S000256-L1,ACC2001,Northstar Capital,2026-03-08,2026-03-08,USD,15083.93,debit,Wire Out,REF000256,REF000256,Lakeview Partners,Wire Out - Lakeview Partners,InternalCashLedger,BATCH-753,system_feed
LD-S000257-L1,ACC1001,Northstar Capital,2026-03-28,2026-03-28,CAD,12337.69,credit,Wire In,REF000257,REF000257,Evergreen Custody,Wire In - Evergreen Custody,InternalCashLedger,BATCH-516,batch_loader
LD-S000258-L1,ACC2002,Harbour Fund Services,2026-04-12,2026-04-12,USD,24133.94,credit,Interest,REF000258,REF000258,Pinebridge Vendor Services,Interest - Pinebridge Vendor Services,InternalCashLedger,BATCH-887,system_feed
LD-S000259-L1,ACC3001,Northstar Capital,2026-04-06,2026-04-06,CAD,21407.99,debit,Wire Out,REF000259,REF000259,Bluewater Holdings,Wire Out - Bluewater Holdings,InternalCashLedger,BATCH-957,system_feed
LD-S000260-L1,ACC1001,Northstar Capital,2026-04-02,2026-04-02,CAD,18976.08,credit,Interest,REF000260,REF000260,North Ridge Treasury,Interest - North Ridge Treasury,InternalCashLedger,BATCH-405,batch_loader
LD-S000261-L1,ACC3001,Northstar Capital,2026-03-24,2026-03-24,CAD,24738.39,credit,Wire In,REF000261,REF000261,Summit Client Account,Wire In - Summit Client Account,InternalCashLedger,BATCH-379,system_feed
LD-S000262-L1,ACC1001,Northstar Capital,2026-03-13,2026-03-13,CAD,16558.85,debit,Fee,REF000262,REF000262,Evergreen Custody,Fee - Evergreen Custody,InternalCashLedger,BATCH-909,ops_user
LD-S000263-L1,ACC3001,Harbour Fund Services,2026-03-15,2026-03-15,CAD,21547.52,debit,Withdrawal,REF000263,REF000263,RBC Banking Services,Withdrawal - RBC Banking Services,InternalCashLedger,BATCH-188,ops_user
LD-S000264-L1,ACC1001,Harbour Fund Services,2026-03-11,2026-03-11,CAD,23459.81,debit,Wire Out,REF000264,REF000264,Bluewater Holdings,Wire Out - Bluewater Holdings,InternalCashLedger,BATCH-341,ops_user
LD-S000265-L1,ACC2001,Maple Operations Ltd,2026-03-22,2026-03-22,USD,14749.06,debit,Fee,REF000265,REF000265,North Ridge Treasury,Fee - North Ridge Treasury,InternalCashLedger,BATCH-809,system_feed
LD-S000266-L1,ACC1001,Maple Operations Ltd,2026-03-09,2026-03-09,CAD,4833.20,debit,Withdrawal,REF000266,REF000266,North Ridge Treasury,Withdrawal - North Ridge Treasury,InternalCashLedger,BATCH-754,ops_user
LD-S000267-L1,ACC2001,Harbour Fund Services,2026-03-17,2026-03-17,USD,4205.65,credit,Deposit,REF000267,REF000267,Evergreen Custody,Deposit - Evergreen Custody,InternalCashLedger,BATCH-525,batch_loader
LD-S000268-L1,ACC3001,Maple Operations Ltd,2026-04-05,2026-04-05,CAD,20814.48,credit,Interest,REF000268,REF000268,Lakeview Partners,Interest - Lakeview Partners,InternalCashLedger,BATCH-638,ops_user
LD-S000269-L1,ACC3001,Maple Operations Ltd,2026-03-25,2026-03-25,CAD,557.75,debit,Withdrawal,REF000269,REF000269,Bluewater Holdings,Withdrawal - Bluewater Holdings,InternalCashLedger,BATCH-686,batch_loader
LD-S000270-L1,ACC1002,Maple Operations Ltd,2026-03-23,2026-03-23,CAD,11604.17,debit,Wire Out,REF000270,REF000270,Lakeview Partners,Wire Out - Lakeview Partners,InternalCashLedger,BATCH-193,batch_loader
LD-S000271-L1,ACC2002,Maple Operations Ltd,2026-04-01,2026-04-01,USD,423.88,credit,Wire In,REF000271,REF000271,Bluewater Holdings,Wire In - Bluewater Holdings,InternalCashLedger,BATCH-788,ops_user
LD-S000272-L1,ACC1001,Northstar Capital,2026-03-19,2026-03-19,CAD,18899.31,credit,Interest,REF000272,REF000272,Cedar Prime LP,Interest - Cedar Prime LP,InternalCashLedger,BATCH-452,batch_loader
LD-S000273-L1,ACC1001,Northstar Capital,2026-03-06,2026-03-06,CAD,2656.46,credit,Deposit,REF000273,REF000273,Summit Client Account,Deposit - Summit Client Account,InternalCashLedger,BATCH-518,system_feed
LD-S000274-L1,ACC1002,Harbour Fund Services,2026-04-13,2026-04-13,CAD,9987.06,debit,Withdrawal,REF000274,REF000274,RBC Banking Services,Withdrawal - RBC Banking Services,InternalCashLedger,BATCH-484,system_feed
LD-S000275-L1,ACC3001,Maple Operations Ltd,2026-04-12,2026-04-12,CAD,3847.20,debit,Wire Out,REF000275,REF000275,RBC Banking Services,Wire Out - RBC Banking Services,InternalCashLedger,BATCH-845,system_feed
LD-S000276-L1,ACC1001,Maple Operations Ltd,2026-03-22,2026-03-22,CAD,18258.26,credit,Wire In,REF000276,REF000276,RBC Banking Services,Wire In - RBC Banking Services,InternalCashLedger,BATCH-943,system_feed
LD-S000277-L1,ACC1002,Northstar Capital,2026-03-25,2026-03-25,CAD,5523.53,credit,Interest,REF000277,REF000277,Cedar Prime LP,Interest - Cedar Prime LP,InternalCashLedger,BATCH-729,system_feed
LD-S000278-L1,ACC1002,Northstar Capital,2026-03-06,2026-03-06,CAD,80.22,debit,Wire Out,REF000278,REF000278,Bluewater Holdings,Wire Out - Bluewater Holdings,InternalCashLedger,BATCH-511,ops_user
LD-S000279-L1,ACC1002,Maple Operations Ltd,2026-03-16,2026-03-16,CAD,19625.53,credit,Deposit,REF000279,REF000279,Evergreen Custody,Deposit - Evergreen Custody,InternalCashLedger,BATCH-339,batch_loader
LD-S000280-L1,ACC3001,Northstar Capital,2026-04-08,2026-04-08,CAD,17140.77,debit,Fee,REF000280,REF000280,Pinebridge Vendor Services,Fee - Pinebridge Vendor Services,InternalCashLedger,BATCH-997,system_feed
LD-S000281-L1,ACC3001,Maple Operations Ltd,2026-03-29,2026-03-29,CAD,2462.98,debit,Wire Out,REF000281,REF000281,Evergreen Custody,Wire Out - Evergreen Custody,InternalCashLedger,BATCH-669,ops_user
LD-S000282-L1,ACC1001,Maple Operations Ltd,2026-04-13,2026-04-13,CAD,19859.31,debit,Fee,REF000282,REF000282,Pinebridge Vendor Services,Fee - Pinebridge Vendor Services,InternalCashLedger,BATCH-518,system_feed
LD-S000283-L1,ACC2001,Harbour Fund Services,2026-03-13,2026-03-13,USD,12364.45,credit,Interest,REF000283,REF000283,Lakeview Partners,Interest - Lakeview Partners,InternalCashLedger,BATCH-925,ops_user
LD-S000284-L1,ACC1001,Harbour Fund Services,2026-03-28,2026-03-28,CAD,14374.88,credit,Deposit,REF000284,REF000284,Evergreen Custody,Deposit - Evergreen Custody,InternalCashLedger,BATCH-361,system_feed
LD-S000285-L1,ACC2001,Maple Operations Ltd,2026-03-07,2026-03-07,USD,21331.20,debit,Withdrawal,REF000285,REF000285,Cedar Prime LP,Withdrawal - Cedar Prime LP,InternalCashLedger,BATCH-152,ops_user
LD-S000286-L1,ACC2002,Maple Operations Ltd,2026-04-09,2026-04-09,USD,21966.89,debit,Withdrawal,REF000286,REF000286,Lakeview Partners,Withdrawal - Lakeview Partners,InternalCashLedger,BATCH-590,system_feed
LD-S000287-L1,ACC2001,Maple Operations Ltd,2026-03-03,2026-03-03,USD,5560.57,debit,Fee,REF000287,REF000287,Cedar Prime LP,Fee - Cedar Prime LP,InternalCashLedger,BATCH-348,batch_loader
LD-S000288-L1,ACC3001,Harbour Fund Services,2026-03-16,2026-03-16,CAD,6743.94,debit,Withdrawal,REF000288,REF000288,Pinebridge Vendor Services,Withdrawal - Pinebridge Vendor Services,InternalCashLedger,BATCH-577,batch_loader
LD-S000289-L1,ACC2001,Northstar Capital,2026-03-19,2026-03-19,USD,22187.49,debit,Fee,REF000289,REF000289,Summit Client Account,Fee - Summit Client Account,InternalCashLedger,BATCH-879,ops_user
LD-S000290-L1,ACC1002,Maple Operations Ltd,2026-03-22,2026-03-22,CAD,14500.59,debit,Fee,REF000290,REF000290,Lakeview Partners,Fee - Lakeview Partners,InternalCashLedger,BATCH-116,ops_user
LD-S000291-L1,ACC3001,Harbour Fund Services,2026-04-08,2026-04-08,CAD,8084.61,credit,Deposit,REF000291,REF000291,Lakeview Partners,Deposit - Lakeview Partners,InternalCashLedger,BATCH-488,batch_loader
LD-S000292-L1,ACC1002,Harbour Fund Services,2026-04-07,2026-04-07,CAD,17436.32,credit,Interest,REF000292,REF000292,North Ridge Treasury,Interest - North Ridge Treasury,InternalCashLedger,BATCH-571,system_feed
LD-S000293-L1,ACC2001,Maple Operations Ltd,2026-03-10,2026-03-10,USD,12719.59,debit,Wire Out,REF000293,REF000293,Bluewater Holdings,Wire Out - Bluewater Holdings,InternalCashLedger,BATCH-959,system_feed
LD-S000294-L1,ACC1001,Maple Operations Ltd,2026-03-28,2026-03-28,CAD,617.63,credit,Wire In,REF000294,REF000294,Cedar Prime LP,Wire In - Cedar Prime LP,InternalCashLedger,BATCH-109,system_feed
LD-S000295-L1,ACC3001,Maple Operations Ltd,2026-03-26,2026-03-26,CAD,623.96,credit,Interest,REF000295,REF000295,Summit Client Account,Interest - Summit Client Account,InternalCashLedger,BATCH-116,system_feed
LD-S000296-L1,ACC3001,Maple Operations Ltd,2026-03-29,2026-03-29,CAD,526.48,credit,Deposit,REF000296,REF000296,North Ridge Treasury,Deposit - North Ridge Treasury,InternalCashLedger,BATCH-117,batch_loader
LD-S000297-L1,ACC2002,Northstar Capital,2026-03-09,2026-03-09,USD,13585.25,debit,Wire Out,REF000297,REF000297,Lakeview Partners,Wire Out - Lakeview Partners,InternalCashLedger,BATCH-934,ops_user
LD-S000298-L1,ACC2001,Maple Operations Ltd,2026-03-07,2026-03-07,USD,10744.66,credit,Interest,REF000298,REF000298,Lakeview Partners,Interest - Lakeview Partners,InternalCashLedger,BATCH-407,batch_loader
LD-S000299-L1,ACC1001,Harbour Fund Services,2026-04-13,2026-04-13,CAD,3244.01,debit,Withdrawal,REF000299,REF000299,RBC Banking Services,Withdrawal - RBC Banking Services,InternalCashLedger,BATCH-157,batch_loader
LD-S000300-L1,ACC1001,Maple Operations Ltd,2026-03-12,2026-03-12,CAD,810.80,debit,Withdrawal,REF000300,REF000300,Pinebridge Vendor Services,Withdrawal - Pinebridge Vendor Services,InternalCashLedger,BATCH-640,system_feed
LD-S000301-L1,ACC1002,Northstar Capital,2026-04-16,2026-04-16,CAD,12412.01,debit,Wire Out,REF000301,REF000301,Bluewater Holdings,Wire Out - Bluewater Holdings,InternalCashLedger,BATCH-656,batch_loader
LD-S000302-L1,ACC1001,Maple Operations Ltd,2026-03-23,2026-03-23,CAD,236.44,debit,Wire Out,REF000302,REF000302,Evergreen Custody,Wire Out - Evergreen Custody,InternalCashLedger,BATCH-178,ops_user
LD-S000303-L1,ACC1002,Harbour Fund Services,2026-03-17,2026-03-17,CAD,21386.62,credit,Deposit,REF000303,REF000303,Pinebridge Vendor Services,Deposit - Pinebridge Vendor Services,InternalCashLedger,BATCH-909,batch_loader
LD-S000304-L1,ACC1001,Harbour Fund Services,2026-03-25,2026-03-25,CAD,443.38,credit,Deposit,REF000304,REF000304,Cedar Prime LP,Deposit - Cedar Prime LP,InternalCashLedger,BATCH-892,ops_user
LD-S000305-L1,ACC1001,Harbour Fund Services,2026-03-20,2026-03-20,CAD,11813.20,debit,Withdrawal,REF000305,REF000305,Lakeview Partners,Withdrawal - Lakeview Partners,InternalCashLedger,BATCH-542,system_feed
LD-S000306-L1,ACC3001,Maple Operations Ltd,2026-03-26,2026-03-26,CAD,606.75,debit,Withdrawal,REF000306,REF000306,Lakeview Partners,Withdrawal - Lakeview Partners,InternalCashLedger,BATCH-184,ops_user
LD-S000307-L1,ACC1002,Harbour Fund Services,2026-04-17,2026-04-17,CAD,4702.65,credit,Interest,REF000307,REF000307,RBC Banking Services,Interest - RBC Banking Services,InternalCashLedger,BATCH-209,system_feed
LD-S000308-L1,ACC1001,Northstar Capital,2026-03-30,2026-03-30,CAD,7474.39,debit,Fee,REF000308,REF000308,Evergreen Custody,Fee - Evergreen Custody,InternalCashLedger,BATCH-541,ops_user
LD-S000309-L1,ACC3001,Maple Operations Ltd,2026-04-03,2026-04-03,CAD,1630.29,credit,Deposit,REF000309,REF000309,Pinebridge Vendor Services,Deposit - Pinebridge Vendor Services,InternalCashLedger,BATCH-711,batch_loader
LD-S000310-L1,ACC2001,Maple Operations Ltd,2026-03-02,2026-03-02,USD,10307.19,credit,Interest,REF000310,REF000310,Cedar Prime LP,Interest - Cedar Prime LP,InternalCashLedger,BATCH-685,batch_loader
LD-S000311-L1,ACC1002,Harbour Fund Services,2026-03-26,2026-03-26,CAD,7454.06,debit,Withdrawal,REF000311,REF000311,North Ridge Treasury,Withdrawal - North Ridge Treasury,InternalCashLedger,BATCH-164,system_feed
LD-S000312-L1,ACC2002,Harbour Fund Services,2026-03-28,2026-03-28,USD,19784.00,debit,Fee,REF000312,REF000312,Pinebridge Vendor Services,Fee - Pinebridge Vendor Services,InternalCashLedger,BATCH-838,batch_loader
LD-S000313-L1,ACC2002,Northstar Capital,2026-04-11,2026-04-11,USD,3567.34,credit,Deposit,REF000313,REF000313,North Ridge Treasury,Deposit - North Ridge Treasury,InternalCashLedger,BATCH-440,batch_loader
LD-S000314-L1,ACC2002,Harbour Fund Services,2026-03-31,2026-03-31,USD,20571.41,debit,Fee,REF000314,REF000314,Evergreen Custody,Fee - Evergreen Custody,InternalCashLedger,BATCH-717,batch_loader
LD-S000315-L1,ACC1002,Harbour Fund Services,2026-03-23,2026-03-23,CAD,10557.75,credit,Interest,REF000315,REF000315,Pinebridge Vendor Services,Interest - Pinebridge Vendor Services,InternalCashLedger,BATCH-689,system_feed
LD-S000316-L1,ACC2001,Maple Operations Ltd,2026-03-19,2026-03-19,USD,10430.44,credit,Interest,REF000316,REF000316,Cedar Prime LP,Interest - Cedar Prime LP,InternalCashLedger,BATCH-706,batch_loader
LD-S000317-L1,ACC1002,Harbour Fund Services,2026-04-07,2026-04-07,CAD,704.49,debit,Withdrawal,REF000317,REF000317,Lakeview Partners,Withdrawal - Lakeview Partners,InternalCashLedger,BATCH-951,batch_loader
LD-S000318-L1,ACC1001,Harbour Fund Services,2026-04-14,2026-04-14,CAD,16200.06,credit,Interest,REF000318,REF000318,Lakeview Partners,Interest - Lakeview Partners,InternalCashLedger,BATCH-832,ops_user
LD-S000319-L1,ACC2002,Maple Operations Ltd,2026-03-31,2026-03-31,USD,12501.63,credit,Wire In,REF000319,REF000319,RBC Banking Services,Wire In - RBC Banking Services,InternalCashLedger,BATCH-656,system_feed
LD-S000320-L1,ACC2001,Northstar Capital,2026-04-06,2026-04-06,USD,22945.63,debit,Withdrawal,REF000320,REF000320,Cedar Prime LP,Withdrawal - Cedar Prime LP,InternalCashLedger,BATCH-270,batch_loader
LD-S000321-L1,ACC3001,Harbour Fund Services,2026-04-08,2026-04-08,CAD,17259.33,credit,Wire In,REF000321,REF000321,RBC Banking Services,Wire In - RBC Banking Services,InternalCashLedger,BATCH-208,system_feed
LD-S000322-L1,ACC1001,Harbour Fund Services,2026-03-17,2026-03-17,CAD,13451.15,debit,Fee,REF000322,REF000322,Lakeview Partners,Fee - Lakeview Partners,InternalCashLedger,BATCH-500,ops_user
LD-S000323-L1,ACC3001,Northstar Capital,2026-04-04,2026-04-04,CAD,24944.87,debit,Withdrawal,REF000323,REF000323,Summit Client Account,Withdrawal - Summit Client Account,InternalCashLedger,BATCH-525,system_feed
LD-S000324-L1,ACC1001,Maple Operations Ltd,2026-03-12,2026-03-12,CAD,9233.60,debit,Withdrawal,REF000324,REF000324,Lakeview Partners,Withdrawal - Lakeview Partners,InternalCashLedger,BATCH-456,ops_user
LD-S000325-L1,ACC1001,Maple Operations Ltd,2026-04-15,2026-04-15,CAD,2612.18,credit,Interest,REF000325,REF000325,Bluewater Holdings,Interest - Bluewater Holdings,InternalCashLedger,BATCH-123,ops_user
LD-S000326-L1,ACC1001,Maple Operations Ltd,2026-03-12,2026-03-12,CAD,18771.75,debit,Withdrawal,REF000326,REF000326,Evergreen Custody,Withdrawal - Evergreen Custody,InternalCashLedger,BATCH-438,batch_loader
LD-S000327-L1,ACC2002,Maple Operations Ltd,2026-03-17,2026-03-17,USD,16114.25,credit,Interest,REF000327,REF000327,Evergreen Custody,Interest - Evergreen Custody,InternalCashLedger,BATCH-505,system_feed
LD-S000328-L1,ACC3001,Northstar Capital,2026-03-31,2026-03-31,CAD,10332.06,debit,Wire Out,REF000328,REF000328,Lakeview Partners,Wire Out - Lakeview Partners,InternalCashLedger,BATCH-870,batch_loader
LD-S000329-L1,ACC1001,Harbour Fund Services,2026-03-08,2026-03-08,CAD,13885.34,credit,Deposit,REF000329,REF000329,Pinebridge Vendor Services,Deposit - Pinebridge Vendor Services,InternalCashLedger,BATCH-568,system_feed
LD-S000330-L1,ACC2001,Maple Operations Ltd,2026-04-03,2026-04-03,USD,16338.61,debit,Withdrawal,REF000330,REF000330,RBC Banking Services,Withdrawal - RBC Banking Services,InternalCashLedger,BATCH-701,system_feed
LD-S000331-L1,ACC2001,Maple Operations Ltd,2026-03-30,2026-03-30,USD,20529.72,debit,Fee,REF000331,REF000331,North Ridge Treasury,Fee - North Ridge Treasury,InternalCashLedger,BATCH-704,system_feed
LD-S000332-L1,ACC1002,Maple Operations Ltd,2026-03-08,2026-03-08,CAD,3806.77,debit,Fee,REF000332,REF000332,Pinebridge Vendor Services,Fee - Pinebridge Vendor Services,InternalCashLedger,BATCH-244,batch_loader
LD-S000333-L1,ACC2002,Harbour Fund Services,2026-04-08,2026-04-08,USD,395.34,credit,Interest,REF000333,REF000333,Evergreen Custody,Interest - Evergreen Custody,InternalCashLedger,BATCH-750,batch_loader
LD-S000334-L1,ACC1002,Harbour Fund Services,2026-03-11,2026-03-11,CAD,4367.12,credit,Deposit,REF000334,REF000334,Pinebridge Vendor Services,Deposit - Pinebridge Vendor Services,InternalCashLedger,BATCH-734,system_feed
LD-S000335-L1,ACC2001,Harbour Fund Services,2026-04-01,2026-04-01,USD,783.69,credit,Wire In,REF000335,REF000335,Summit Client Account,Wire In - Summit Client Account,InternalCashLedger,BATCH-801,ops_user
LD-S000336-L1,ACC2002,Northstar Capital,2026-03-29,2026-03-29,USD,2984.10,debit,Withdrawal,REF000336,REF000336,Bluewater Holdings,Withdrawal - Bluewater Holdings,InternalCashLedger,BATCH-399,system_feed
LD-S000337-L1,ACC2001,Maple Operations Ltd,2026-04-04,2026-04-04,USD,19737.76,debit,Wire Out,REF000337,REF000337,Summit Client Account,Wire Out - Summit Client Account,InternalCashLedger,BATCH-623,system_feed
LD-S000338-L1,ACC3001,Maple Operations Ltd,2026-03-18,2026-03-18,CAD,20758.79,credit,Wire In,REF000338,REF000338,Pinebridge Vendor Services,Wire In - Pinebridge Vendor Services,InternalCashLedger,BATCH-942,system_feed
LD-S000339-L1,ACC2002,Harbour Fund Services,2026-03-14,2026-03-14,USD,3457.99,credit,Deposit,REF000339,REF000339,Lakeview Partners,Deposit - Lakeview Partners,InternalCashLedger,BATCH-995,system_feed
LD-S000340-L1,ACC2002,Northstar Capital,2026-03-23,2026-03-23,USD,3087.59,debit,Fee,REF000340,REF000340,Cedar Prime LP,Fee - Cedar Prime LP,InternalCashLedger,BATCH-314,batch_loader
LD-S000341-L1,ACC3001,Northstar Capital,2026-03-23,2026-03-23,CAD,15646.28,debit,Withdrawal,REF000341,REF000341,RBC Banking Services,Withdrawal - RBC Banking Services,InternalCashLedger,BATCH-730,system_feed
LD-S000342-L1,ACC1002,Harbour Fund Services,2026-03-04,2026-03-04,CAD,13774.74,debit,Wire Out,REF000342,REF000342,Evergreen Custody,Wire Out - Evergreen Custody,InternalCashLedger,BATCH-820,ops_user
LD-S000343-L1,ACC2001,Northstar Capital,2026-03-18,2026-03-18,USD,13345.96,credit,Deposit,REF000343,REF000343,Cedar Prime LP,Deposit - Cedar Prime LP,InternalCashLedger,BATCH-868,ops_user
LD-S000344-L1,ACC1001,Northstar Capital,2026-04-11,2026-04-11,CAD,829.47,debit,Fee,REF000344,REF000344,Lakeview Partners,Fee - Lakeview Partners,InternalCashLedger,BATCH-828,ops_user
LD-S000345-L1,ACC1002,Maple Operations Ltd,2026-03-26,2026-03-26,CAD,14858.21,debit,Withdrawal,REF000345,REF000345,North Ridge Treasury,Withdrawal - North Ridge Treasury,InternalCashLedger,BATCH-524,ops_user
LD-S000346-L1,ACC2002,Maple Operations Ltd,2026-04-10,2026-04-10,USD,19453.22,credit,Wire In,REF000346,REF000346,RBC Banking Services,Wire In - RBC Banking Services,InternalCashLedger,BATCH-867,ops_user
LD-S000347-L1,ACC2001,Maple Operations Ltd,2026-04-01,2026-04-01,USD,1059.35,credit,Interest,REF000347,REF000347,Cedar Prime LP,Interest - Cedar Prime LP,InternalCashLedger,BATCH-569,batch_loader
LD-S000348-L1,ACC2001,Harbour Fund Services,2026-04-04,2026-04-04,USD,24235.09,credit,Wire In,REF000348,REF000348,Lakeview Partners,Wire In - Lakeview Partners,InternalCashLedger,BATCH-374,ops_user
LD-S000349-L1,ACC2001,Harbour Fund Services,2026-04-05,2026-04-05,USD,14587.41,debit,Fee,REF000349,REF000349,Summit Client Account,Fee - Summit Client Account,InternalCashLedger,BATCH-798,system_feed
LD-S000350-L1,ACC1001,Northstar Capital,2026-04-10,2026-04-10,CAD,12029.96,credit,Wire In,REF000350,REF000350,Cedar Prime LP,Wire In - Cedar Prime LP,InternalCashLedger,BATCH-551,ops_user
LD-S000351-L1,ACC1001,Northstar Capital,2026-03-13,2026-03-13,CAD,22825.77,credit,Interest,REF000351,REF000351,North Ridge Treasury,Interest - North Ridge Treasury,InternalCashLedger,BATCH-995,ops_user
LD-S000352-L1,ACC1001,Northstar Capital,2026-03-24,2026-03-24,CAD,9924.25,debit,Withdrawal,REF000352,REF000352,Evergreen Custody,Withdrawal - Evergreen Custody,InternalCashLedger,BATCH-505,batch_loader
LD-S000353-L1,ACC2001,Maple Operations Ltd,2026-04-14,2026-04-14,USD,11301.54,debit,Withdrawal,REF000353,REF000353,Cedar Prime LP,Withdrawal - Cedar Prime LP,InternalCashLedger,BATCH-197,system_feed
LD-S000354-L1,ACC1002,Northstar Capital,2026-03-05,2026-03-05,CAD,253.57,credit,Interest,REF000354,REF000354,Summit Client Account,Interest - Summit Client Account,InternalCashLedger,BATCH-108,batch_loader
LD-S000355-L1,ACC2001,Harbour Fund Services,2026-03-28,2026-03-28,USD,12464.81,credit,Wire In,REF000355,REF000355,Lakeview Partners,Wire In - Lakeview Partners,InternalCashLedger,BATCH-191,batch_loader
LD-S000356-L1,ACC1001,Northstar Capital,2026-03-21,2026-03-21,CAD,8182.13,credit,Wire In,REF000356,REF000356,RBC Banking Services,Wire In - RBC Banking Services,InternalCashLedger,BATCH-756,batch_loader
LD-S000357-L1,ACC1002,Harbour Fund Services,2026-04-03,2026-04-03,CAD,15647.66,credit,Wire In,REF000357,REF000357,Evergreen Custody,Wire In - Evergreen Custody,InternalCashLedger,BATCH-459,batch_loader
LD-S000358-L1,ACC1002,Northstar Capital,2026-03-10,2026-03-10,CAD,15785.82,debit,Withdrawal,REF000358,REF000358,Summit Client Account,Withdrawal - Summit Client Account,InternalCashLedger,BATCH-188,system_feed
LD-S000359-L1,ACC1002,Harbour Fund Services,2026-04-07,2026-04-07,CAD,9436.86,credit,Wire In,REF000359,REF000359,RBC Banking Services,Wire In - RBC Banking Services,InternalCashLedger,BATCH-910,system_feed
LD-S000360-L1,ACC1002,Maple Operations Ltd,2026-04-11,2026-04-11,CAD,548.06,debit,Fee,REF000360,REF000360,North Ridge Treasury,Fee - North Ridge Treasury,InternalCashLedger,BATCH-127,batch_loader
LD-S000361-L1,ACC2001,Harbour Fund Services,2026-04-03,2026-04-03,USD,5527.52,debit,Wire Out,REF000361,REF000361,RBC Banking Services,Wire Out - RBC Banking Services,InternalCashLedger,BATCH-761,system_feed
LD-S000362-L1,ACC1002,Maple Operations Ltd,2026-03-25,2026-03-25,CAD,499.62,credit,Interest,REF000362,REF000362,Cedar Prime LP,Interest - Cedar Prime LP,InternalCashLedger,BATCH-112,ops_user
LD-S000363-L1,ACC2001,Maple Operations Ltd,2026-03-25,2026-03-25,USD,14641.13,debit,Wire Out,REF000363,REF000363,Pinebridge Vendor Services,Wire Out - Pinebridge Vendor Services,InternalCashLedger,BATCH-799,system_feed
LD-S000364-L1,ACC2002,Northstar Capital,2026-03-02,2026-03-02,USD,1331.04,credit,Wire In,REF000364,REF000364,Lakeview Partners,Wire In - Lakeview Partners,InternalCashLedger,BATCH-161,ops_user
LD-S000365-L1,ACC3001,Maple Operations Ltd,2026-04-10,2026-04-10,CAD,19410.64,debit,Fee,REF000365,REF000365,RBC Banking Services,Fee - RBC Banking Services,InternalCashLedger,BATCH-511,system_feed
LD-S000366-L1,ACC3001,Maple Operations Ltd,2026-04-09,2026-04-09,CAD,3006.33,credit,Deposit,REF000366,REF000366,Cedar Prime LP,Deposit - Cedar Prime LP,InternalCashLedger,BATCH-308,system_feed
LD-S000367-L1,ACC3001,Harbour Fund Services,2026-03-26,2026-03-26,CAD,19317.38,debit,Fee,REF000367,REF000367,Cedar Prime LP,Fee - Cedar Prime LP,InternalCashLedger,BATCH-815,ops_user
LD-S000368-L1,ACC1002,Maple Operations Ltd,2026-03-16,2026-03-16,CAD,441.04,credit,Wire In,REF000368,REF000368,Summit Client Account,Wire In - Summit Client Account,InternalCashLedger,BATCH-723,system_feed
LD-S000369-L1,ACC2001,Maple Operations Ltd,2026-04-12,2026-04-12,USD,3866.63,debit,Withdrawal,REF000369,REF000369,Evergreen Custody,Withdrawal - Evergreen Custody,InternalCashLedger,BATCH-111,system_feed
LD-S000370-L1,ACC2002,Northstar Capital,2026-04-03,2026-04-03,USD,20740.16,debit,Fee,REF000370,REF000370,North Ridge Treasury,Fee - North Ridge Treasury,InternalCashLedger,BATCH-480,system_feed
LD-S000371-L1,ACC2001,Harbour Fund Services,2026-03-08,2026-03-08,USD,1704.55,debit,Withdrawal,REF000371,REF000371,RBC Banking Services,Withdrawal - RBC Banking Services,InternalCashLedger,BATCH-636,system_feed
LD-S000372-L1,ACC2001,Northstar Capital,2026-04-06,2026-04-06,USD,12907.54,debit,Withdrawal,REF000372,REF000372,Pinebridge Vendor Services,Withdrawal - Pinebridge Vendor Services,InternalCashLedger,BATCH-611,batch_loader
LD-S000373-L1,ACC1002,Northstar Capital,2026-03-11,2026-03-11,CAD,3469.72,debit,Fee,REF000373,REF000373,Cedar Prime LP,Fee - Cedar Prime LP,InternalCashLedger,BATCH-858,batch_loader
LD-S000374-L1,ACC1001,Northstar Capital,2026-03-01,2026-03-01,CAD,12322.35,credit,Wire In,REF000374,REF000374,RBC Banking Services,Wire In - RBC Banking Services,InternalCashLedger,BATCH-283,system_feed
LD-S000375-L1,ACC3001,Maple Operations Ltd,2026-04-11,2026-04-11,CAD,8723.25,debit,Withdrawal,REF000375,REF000375,RBC Banking Services,Withdrawal - RBC Banking Services,InternalCashLedger,BATCH-427,ops_user
LD-S000421-L1,ACC1001,Harbour Fund Services,2026-03-25,2026-03-25,CAD,11196.68,credit,Wire In,REF000421,REF000421,Evergreen Custody,Wire In - Evergreen Custody,InternalCashLedger,BATCH-487,ops_user
LD-S000422-L1,ACC3001,Northstar Capital,2026-03-07,2026-03-07,CAD,20054.52,credit,Interest,REF000422,REF000422,Lakeview Partners,Interest - Lakeview Partners,InternalCashLedger,BATCH-175,system_feed
LD-S000423-L1,ACC2001,Northstar Capital,2026-03-21,2026-03-21,USD,3638.40,credit,Wire In,REF000423,REF000423,Pinebridge Vendor Services,Wire In - Pinebridge Vendor Services,InternalCashLedger,BATCH-264,batch_loader
LD-S000424-L1,ACC1001,Maple Operations Ltd,2026-03-06,2026-03-06,CAD,24621.63,credit,Deposit,REF000424,REF000424,Summit Client Account,Deposit - Summit Client Account,InternalCashLedger,BATCH-541,batch_loader
LD-S000425-L1,ACC1002,Northstar Capital,2026-03-28,2026-03-28,CAD,3555.19,credit,Deposit,REF000425,REF000425,Lakeview Partners,Deposit - Lakeview Partners,InternalCashLedger,BATCH-813,batch_loader
LD-S000426-L1,ACC3001,Harbour Fund Services,2026-04-12,2026-04-12,CAD,6826.16,debit,Fee,REF000426,REF000426,Bluewater Holdings,Fee - Bluewater Holdings,InternalCashLedger,BATCH-257,system_feed
LD-S000427-L1,ACC2001,Northstar Capital,2026-03-28,2026-03-28,USD,766.51,credit,Wire In,REF000427,REF000427,Summit Client Account,Wire In - Summit Client Account,InternalCashLedger,BATCH-126,system_feed
LD-S000428-L1,ACC1002,Harbour Fund Services,2026-03-19,2026-03-19,CAD,12490.70,debit,Withdrawal,REF000428,REF000428,Cedar Prime LP,Withdrawal - Cedar Prime LP,InternalCashLedger,BATCH-582,ops_user
LD-S000429-L1,ACC2001,Harbour Fund Services,2026-04-11,2026-04-11,USD,5387.15,credit,Wire In,REF000429,REF000429,RBC Banking Services,Wire In - RBC Banking Services,InternalCashLedger,BATCH-556,system_feed
LD-S000430-L1,ACC2001,Northstar Capital,2026-03-30,2026-03-30,USD,21064.89,credit,Interest,REF000430,REF000430,Bluewater Holdings,Interest - Bluewater Holdings,InternalCashLedger,BATCH-187,batch_loader
LD-S000431-L1,ACC2001,Harbour Fund Services,2026-03-27,2026-03-27,USD,15278.43,credit,Deposit,REF000431,REF000431,Bluewater Holdings,Deposit - Bluewater Holdings,InternalCashLedger,BATCH-648,batch_loader
LD-S000432-L1,ACC2002,Maple Operations Ltd,2026-03-16,2026-03-16,USD,2844.92,credit,Deposit,REF000432,REF000432,Bluewater Holdings,Deposit - Bluewater Holdings,InternalCashLedger,BATCH-223,ops_user
LD-S000433-L1,ACC1002,Northstar Capital,2026-03-14,2026-03-14,CAD,4153.46,debit,Wire Out,REF000433,REF000433,RBC Banking Services,Wire Out - RBC Banking Services,InternalCashLedger,BATCH-306,batch_loader
LD-S000434-L1,ACC1002,Northstar Capital,2026-03-17,2026-03-17,CAD,18575.47,credit,Deposit,REF000434,REF000434,Cedar Prime LP,Deposit - Cedar Prime LP,InternalCashLedger,BATCH-669,ops_user
LD-S000435-L1,ACC3001,Maple Operations Ltd,2026-03-18,2026-03-18,CAD,23136.89,debit,Fee,REF000435,REF000435,Bluewater Holdings,Fee - Bluewater Holdings,InternalCashLedger,BATCH-215,ops_user
LD-S000436-L1,ACC1002,Northstar Capital,2026-04-06,2026-04-06,CAD,19176.06,debit,Wire Out,REF000436,REF000436,Cedar Prime LP,Wire Out - Cedar Prime LP,InternalCashLedger,BATCH-904,ops_user
LD-S000437-L1,ACC3001,Northstar Capital,2026-03-27,2026-03-27,CAD,16664.90,debit,Fee,REF000437,REF000437,Summit Client Account,Fee - Summit Client Account,InternalCashLedger,BATCH-382,ops_user
LD-S000438-L1,ACC1002,Harbour Fund Services,2026-04-08,2026-04-08,CAD,10591.28,credit,Deposit,REF000438,REF000438,RBC Banking Services,Deposit - RBC Banking Services,InternalCashLedger,BATCH-150,batch_loader
LD-S000439-L1,ACC2002,Harbour Fund Services,2026-03-24,2026-03-24,USD,860.65,debit,Fee,REF000439,REF000439,North Ridge Treasury,Fee - North Ridge Treasury,InternalCashLedger,BATCH-963,ops_user
LD-S000440-L1,ACC1001,Harbour Fund Services,2026-03-09,2026-03-09,CAD,18974.37,debit,Wire Out,REF000440,REF000440,Pinebridge Vendor Services,Wire Out - Pinebridge Vendor Services,InternalCashLedger,BATCH-719,batch_loader
LD-S000441-L1,ACC1001,Maple Operations Ltd,2026-03-29,2026-03-29,CAD,20850.27,debit,Wire Out,REF000441,REF000441,Summit Client Account,Wire Out - Summit Client Account,InternalCashLedger,BATCH-940,system_feed
LD-S000442-L1,ACC3001,Maple Operations Ltd,2026-03-05,2026-03-05,CAD,13138.09,debit,Wire Out,REF000442,REF000442,Evergreen Custody,Wire Out - Evergreen Custody,InternalCashLedger,BATCH-277,system_feed
LD-S000443-L1,ACC1002,Maple Operations Ltd,2026-03-16,2026-03-16,CAD,45.50,credit,Wire In,REF000443,REF000443,Pinebridge Vendor Services,Wire In - Pinebridge Vendor Services,InternalCashLedger,BATCH-380,ops_user
LD-S000444-L1,ACC2002,Northstar Capital,2026-03-26,2026-03-26,USD,4047.95,credit,Deposit,REF000444,REF000444,Bluewater Holdings,Deposit - Bluewater Holdings,InternalCashLedger,BATCH-600,batch_loader
LD-S000445-L1,ACC2002,Harbour Fund Services,2026-03-31,2026-03-31,USD,9369.24,debit,Wire Out,REF000445,REF000445,Evergreen Custody,Wire Out - Evergreen Custody,InternalCashLedger,BATCH-391,system_feed
LD-S000446-L1,ACC2002,Northstar Capital,2026-03-11,2026-03-11,USD,19665.92,credit,Wire In,REF000446,REF000446,Lakeview Partners,Wire In - Lakeview Partners,InternalCashLedger,BATCH-793,system_feed
LD-S000447-L1,ACC2001,Harbour Fund Services,2026-03-27,2026-03-27,USD,21701.12,debit,Withdrawal,REF000447,REF000447,Bluewater Holdings,Withdrawal - Bluewater Holdings,InternalCashLedger,BATCH-762,system_feed
LD-S000448-L1,ACC3001,Maple Operations Ltd,2026-03-15,2026-03-15,CAD,20397.05,credit,Wire In,REF000448,REF000448,North Ridge Treasury,Wire In - North Ridge Treasury,InternalCashLedger,BATCH-533,ops_user
LD-S000449-L1,ACC2001,Maple Operations Ltd,2026-03-17,2026-03-17,USD,8226.48,credit,Interest,REF000449,REF000449,RBC Banking Services,Interest - RBC Banking Services,InternalCashLedger,BATCH-107,batch_loader
LD-S000450-L1,ACC2001,Harbour Fund Services,2026-04-11,2026-04-11,USD,7759.25,credit,Deposit,REF000450,REF000450,Cedar Prime LP,Deposit - Cedar Prime LP,InternalCashLedger,BATCH-444,ops_user
LD-S000451-L1,ACC2001,Northstar Capital,2026-03-17,2026-03-17,USD,23802.51,debit,Fee,REF000451,REF000451,North Ridge Treasury,Fee - North Ridge Treasury,InternalCashLedger,BATCH-629,system_feed
LD-S000452-L1,ACC1001,Maple Operations Ltd,2026-03-26,2026-03-26,CAD,17463.14,credit,Deposit,REF000452,REF000452,Bluewater Holdings,Deposit - Bluewater Holdings,InternalCashLedger,BATCH-402,ops_user
LD-S000453-L1,ACC2002,Harbour Fund Services,2026-03-25,2026-03-25,USD,14942.57,credit,Interest,REF000453,REF000453,Lakeview Partners,Interest - Lakeview Partners,InternalCashLedger,BATCH-802,batch_loader
LD-S000454-L1,ACC2002,Harbour Fund Services,2026-03-23,2026-03-23,USD,21265.06,debit,Withdrawal,REF000454,REF000454,Evergreen Custody,Withdrawal - Evergreen Custody,InternalCashLedger,BATCH-582,system_feed
LD-S000455-L1,ACC2001,Maple Operations Ltd,2026-04-05,2026-04-05,USD,5368.64,debit,Withdrawal,REF000455,REF000455,Pinebridge Vendor Services,Withdrawal - Pinebridge Vendor Services,InternalCashLedger,BATCH-327,ops_user
LD-S000456-L1,ACC1002,Harbour Fund Services,2026-03-20,2026-03-20,CAD,22359.25,debit,Withdrawal,REF000456,REF000456,Pinebridge Vendor Services,Withdrawal - Pinebridge Vendor Services,InternalCashLedger,BATCH-574,system_feed
LD-S000457-L1,ACC2002,Harbour Fund Services,2026-04-10,2026-04-10,USD,23613.22,credit,Wire In,REF000457,REF000457,Cedar Prime LP,Wire In - Cedar Prime LP,InternalCashLedger,BATCH-612,system_feed
LD-S000458-L1,ACC2002,Northstar Capital,2026-03-20,2026-03-20,USD,21850.38,credit,Deposit,REF000458,REF000458,Evergreen Custody,Deposit - Evergreen Custody,InternalCashLedger,BATCH-450,ops_user
LD-S000459-L1,ACC3001,Harbour Fund Services,2026-03-10,2026-03-10,CAD,18251.04,credit,Interest,REF000459,REF000459,Cedar Prime LP,Interest - Cedar Prime LP,InternalCashLedger,BATCH-746,system_feed
LD-S000460-L1,ACC2001,Maple Operations Ltd,2026-03-04,2026-03-04,USD,246.18,debit,Withdrawal,REF000460,REF000460,Evergreen Custody,Withdrawal - Evergreen Custody,InternalCashLedger,BATCH-601,system_feed
LD-S000461-L1,ACC1002,Harbour Fund Services,2026-03-28,2026-03-28,CAD,10681.44,credit,Deposit,REF000461,REF000461,Summit Client Account,Deposit - Summit Client Account,InternalCashLedger,BATCH-104,system_feed
LD-S000462-L1,ACC3001,Northstar Capital,2026-03-24,2026-03-24,CAD,22408.15,debit,Wire Out,REF000462,REF000462,Lakeview Partners,Wire Out - Lakeview Partners,InternalCashLedger,BATCH-792,system_feed
LD-S000463-L1,ACC1002,Harbour Fund Services,2026-04-14,2026-04-14,CAD,8490.21,debit,Wire Out,REF000463,REF000463,Cedar Prime LP,Wire Out - Cedar Prime LP,InternalCashLedger,BATCH-615,batch_loader
LD-S000464-L1,ACC2001,Harbour Fund Services,2026-03-05,2026-03-05,USD,8156.85,debit,Wire Out,REF000464,REF000464,North Ridge Treasury,Wire Out - North Ridge Treasury,InternalCashLedger,BATCH-845,batch_loader
LD-S000465-L1,ACC3001,Harbour Fund Services,2026-03-22,2026-03-22,CAD,17482.72,credit,Deposit,REF000465,REF000465,Evergreen Custody,Deposit - Evergreen Custody,InternalCashLedger,BATCH-601,ops_user
LD-S000466-L1,ACC1002,Northstar Capital,2026-03-26,2026-03-26,CAD,251.89,debit,Wire Out,REF000466,REF000466,Evergreen Custody,Wire Out - Evergreen Custody,InternalCashLedger,BATCH-851,system_feed
LD-S000467-L1,ACC3001,Harbour Fund Services,2026-03-11,2026-03-11,CAD,690.00,credit,Deposit,REF000467,REF000467,Bluewater Holdings,Deposit - Bluewater Holdings,InternalCashLedger,BATCH-997,batch_loader
LD-S000468-L1,ACC2001,Maple Operations Ltd,2026-04-09,2026-04-09,USD,945.21,credit,Deposit,REF000468,REF000468,Cedar Prime LP,Deposit - Cedar Prime LP,InternalCashLedger,BATCH-956,system_feed
LD-S000469-L1,ACC1001,Harbour Fund Services,2026-03-08,2026-03-08,CAD,10126.09,debit,Withdrawal,REF000469,REF000469,North Ridge Treasury,Withdrawal - North Ridge Treasury,InternalCashLedger,BATCH-818,system_feed
LD-S000470-L1,ACC1002,Maple Operations Ltd,2026-04-13,2026-04-13,CAD,8226.79,debit,Withdrawal,REF000470,REF000470,Cedar Prime LP,Withdrawal - Cedar Prime LP,InternalCashLedger,BATCH-632,ops_user
LD-S000471-L1,ACC3001,Maple Operations Ltd,2026-04-14,2026-04-14,CAD,797.59,credit,Deposit,REF000471,REF000471,Cedar Prime LP,Deposit - Cedar Prime LP,InternalCashLedger,BATCH-836,batch_loader
LD-S000472-L1,ACC1001,Harbour Fund Services,2026-03-08,2026-03-08,CAD,12945.74,debit,Fee,REF000472,REF000472,Lakeview Partners,Fee - Lakeview Partners,InternalCashLedger,BATCH-951,batch_loader
LD-S000473-L1,ACC1002,Northstar Capital,2026-04-15,2026-04-15,CAD,4848.97,debit,Fee,REF000473,REF000473,Summit Client Account,Fee - Summit Client Account,InternalCashLedger,BATCH-804,ops_user
LD-S000474-L1,ACC2001,Maple Operations Ltd,2026-03-01,2026-03-01,USD,130.10,debit,Wire Out,REF000474,REF000474,Cedar Prime LP,Wire Out - Cedar Prime LP,InternalCashLedger,BATCH-785,ops_user
LD-S000475-L1,ACC1002,Maple Operations Ltd,2026-04-02,2026-04-02,CAD,701.22,credit,Wire In,REF000475,REF000475,North Ridge Treasury,Wire In - North Ridge Treasury,InternalCashLedger,BATCH-336,ops_user
LD-S000476-L1,ACC2001,Harbour Fund Services,2026-03-30,2026-03-30,USD,781.86,debit,Fee,REF000476,REF000476,Bluewater Holdings,Fee - Bluewater Holdings,InternalCashLedger,BATCH-468,batch_loader
LD-S000477-L1,ACC2001,Northstar Capital,2026-03-08,2026-03-08,USD,732.38,credit,Interest,REF000477,REF000477,Bluewater Holdings,Interest - Bluewater Holdings,InternalCashLedger,BATCH-972,system_feed
LD-S000478-L1,ACC1002,Maple Operations Ltd,2026-03-23,2026-03-23,CAD,23922.14,debit,Fee,REF000478,REF000478,North Ridge Treasury,Fee - North Ridge Treasury,InternalCashLedger,BATCH-195,ops_user
LD-S000479-L1,ACC2001,Harbour Fund Services,2026-03-08,2026-03-08,USD,24095.44,debit,Wire Out,REF000479,REF000479,North Ridge Treasury,Wire Out - North Ridge Treasury,InternalCashLedger,BATCH-806,ops_user
LD-S000480-L1,ACC2002,Northstar Capital,2026-03-11,2026-03-11,USD,676.55,debit,Withdrawal,REF000480,REF000480,Bluewater Holdings,Withdrawal - Bluewater Holdings,InternalCashLedger,BATCH-206,ops_user
LD-S000481-L1,ACC3001,Harbour Fund Services,2026-04-06,2026-04-06,CAD,5350.25,credit,Interest,REF000481,REF000481,RBC Banking Services,Interest - RBC Banking Services,InternalCashLedger,BATCH-726,system_feed
LD-S000481-L2,ACC3001,Harbour Fund Services,2026-04-06,2026-04-06,CAD,5350.25,credit,Interest,REF000481,REF000481,RBC Banking Services,Interest - RBC Banking Services,InternalCashLedger,BATCH-726,system_feed
LD-S000482-L1,ACC1002,Northstar Capital,2026-04-01,2026-04-01,CAD,420.16,credit,Interest,REF000482,REF000482,Bluewater Holdings,Interest - Bluewater Holdings,InternalCashLedger,BATCH-367,batch_loader
LD-S000482-L2,ACC1002,Northstar Capital,2026-04-01,2026-04-01,CAD,420.16,credit,Interest,REF000482,REF000482,Bluewater Holdings,Interest - Bluewater Holdings,InternalCashLedger,BATCH-367,batch_loader
LD-S000483-L1,ACC2001,Maple Operations Ltd,2026-04-15,2026-04-15,USD,13595.63,credit,Wire In,REF000483,REF000483,Lakeview Partners,Wire In - Lakeview Partners,InternalCashLedger,BATCH-994,ops_user
LD-S000483-L2,ACC2001,Maple Operations Ltd,2026-04-15,2026-04-15,USD,13595.63,credit,Wire In,REF000483,REF000483,Lakeview Partners,Wire In - Lakeview Partners,InternalCashLedger,BATCH-994,ops_user
LD-S000484-L1,ACC3001,Harbour Fund Services,2026-04-14,2026-04-14,CAD,3285.81,credit,Deposit,REF000484,REF000484,Lakeview Partners,Deposit - Lakeview Partners,InternalCashLedger,BATCH-454,batch_loader
LD-S000484-L2,ACC3001,Harbour Fund Services,2026-04-14,2026-04-14,CAD,3285.81,credit,Deposit,REF000484,REF000484,Lakeview Partners,Deposit - Lakeview Partners,InternalCashLedger,BATCH-454,batch_loader
LD-S000485-L1,ACC2002,Maple Operations Ltd,2026-04-05,2026-04-05,USD,15709.94,debit,Wire Out,REF000485,REF000485,Bluewater Holdings,Wire Out - Bluewater Holdings,InternalCashLedger,BATCH-260,batch_loader
LD-S000485-L2,ACC2002,Maple Operations Ltd,2026-04-05,2026-04-05,USD,15709.94,debit,Wire Out,REF000485,REF000485,Bluewater Holdings,Wire Out - Bluewater Holdings,InternalCashLedger,BATCH-260,batch_loader
LD-S000486-L1,ACC2002,Harbour Fund Services,2026-03-11,2026-03-11,USD,492.48,credit,Interest,REF000486,REF000486,Lakeview Partners,Interest - Lakeview Partners,InternalCashLedger,BATCH-384,system_feed
LD-S000486-L2,ACC2002,Harbour Fund Services,2026-03-11,2026-03-11,USD,492.48,credit,Interest,REF000486,REF000486,Lakeview Partners,Interest - Lakeview Partners,InternalCashLedger,BATCH-384,system_feed
LD-S000487-L1,ACC3001,Northstar Capital,2026-04-05,2026-04-05,CAD,10678.65,debit,Wire Out,REF000487,REF000487,Lakeview Partners,Wire Out - Lakeview Partners,InternalCashLedger,BATCH-570,ops_user
LD-S000487-L2,ACC3001,Northstar Capital,2026-04-05,2026-04-05,CAD,10678.65,debit,Wire Out,REF000487,REF000487,Lakeview Partners,Wire Out - Lakeview Partners,InternalCashLedger,BATCH-570,ops_user
LD-S000488-L1,ACC3001,Harbour Fund Services,2026-03-06,2026-03-06,CAD,11729.63,credit,Interest,REF000488,REF000488,Cedar Prime LP,Interest - Cedar Prime LP,InternalCashLedger,BATCH-863,batch_loader
LD-S000488-L2,ACC3001,Harbour Fund Services,2026-03-06,2026-03-06,CAD,11729.63,credit,Interest,REF000488,REF000488,Cedar Prime LP,Interest - Cedar Prime LP,InternalCashLedger,BATCH-863,batch_loader
LD-S000489-L1,ACC1001,Northstar Capital,2026-03-26,2026-03-26,CAD,14371.14,credit,Wire In,REF000489,REF000489,Bluewater Holdings,Wire In - Bluewater Holdings,InternalCashLedger,BATCH-910,batch_loader
LD-S000489-L2,ACC1001,Northstar Capital,2026-03-26,2026-03-26,CAD,14371.14,credit,Wire In,REF000489,REF000489,Bluewater Holdings,Wire In - Bluewater Holdings,InternalCashLedger,BATCH-910,batch_loader
LD-S000490-L1,ACC3001,Harbour Fund Services,2026-03-20,2026-03-20,CAD,14495.98,debit,Withdrawal,REF000490,REF000490,Summit Client Account,Withdrawal - Summit Client Account,InternalCashLedger,BATCH-472,system_feed
LD-S000490-L2,ACC3001,Harbour Fund Services,2026-03-20,2026-03-20,CAD,14495.98,debit,Withdrawal,REF000490,REF000490,Summit Client Account,Withdrawal - Summit Client Account,InternalCashLedger,BATCH-472,system_feed
LD-S000491-L1,ACC1002,Maple Operations Ltd,2026-03-22,2026-03-22,CAD,15874.19,credit,Interest,REF000491,REF000491,Summit Client Account,Interest - Summit Client Account,InternalCashLedger,BATCH-772,ops_user
LD-S000491-L2,ACC1002,Maple Operations Ltd,2026-03-22,2026-03-22,CAD,15874.19,credit,Interest,REF000491,REF000491,Summit Client Account,Interest - Summit Client Account,InternalCashLedger,BATCH-772,ops_user
LD-S000492-L1,ACC2002,Harbour Fund Services,2026-03-07,2026-03-07,USD,6321.93,credit,Wire In,REF000492,REF000492,Pinebridge Vendor Services,Wire In - Pinebridge Vendor Services,InternalCashLedger,BATCH-949,batch_loader
LD-S000492-L2,ACC2002,Harbour Fund Services,2026-03-07,2026-03-07,USD,6321.93,credit,Wire In,REF000492,REF000492,Pinebridge Vendor Services,Wire In - Pinebridge Vendor Services,InternalCashLedger,BATCH-949,batch_loader
LD-S000493-L1,ACC2001,Harbour Fund Services,2026-04-03,2026-04-03,USD,3551.73,credit,Deposit,REF000493,REF000493,Evergreen Custody,Deposit - Evergreen Custody,InternalCashLedger,BATCH-243,batch_loader
LD-S000493-L2,ACC2001,Harbour Fund Services,2026-04-03,2026-04-03,USD,3551.73,credit,Deposit,REF000493,REF000493,Evergreen Custody,Deposit - Evergreen Custody,InternalCashLedger,BATCH-243,batch_loader
LD-S000494-L1,ACC2002,Northstar Capital,2026-03-17,2026-03-17,USD,5501.04,credit,Wire In,REF000494,REF000494,RBC Banking Services,Wire In - RBC Banking Services,InternalCashLedger,BATCH-568,system_feed
LD-S000494-L2,ACC2002,Northstar Capital,2026-03-17,2026-03-17,USD,5501.04,credit,Wire In,REF000494,REF000494,RBC Banking Services,Wire In - RBC Banking Services,InternalCashLedger,BATCH-568,system_feed
LD-S000495-L1,ACC2001,Harbour Fund Services,2026-03-27,2026-03-27,USD,619.92,credit,Wire In,REF000495,REF000495,Cedar Prime LP,Wire In - Cedar Prime LP,InternalCashLedger,BATCH-568,batch_loader
LD-S000495-L2,ACC2001,Harbour Fund Services,2026-03-27,2026-03-27,USD,619.92,credit,Wire In,REF000495,REF000495,Cedar Prime LP,Wire In - Cedar Prime LP,InternalCashLedger,BATCH-568,batch_loader
LD-S000496-L1,ACC3001,Maple Operations Ltd,2026-03-09,2026-03-09,CAD,1104.10,credit,Deposit,REF000496,REF000496,Bluewater Holdings,Deposit - Bluewater Holdings,InternalCashLedger,BATCH-543,batch_loader
LD-S000496-L2,ACC3001,Maple Operations Ltd,2026-03-09,2026-03-09,CAD,1104.10,credit,Deposit,REF000496,REF000496,Bluewater Holdings,Deposit - Bluewater Holdings,InternalCashLedger,BATCH-543,batch_loader
LD-S000497-L1,ACC2002,Northstar Capital,2026-03-12,2026-03-12,USD,5167.61,credit,Deposit,REF000497,REF000497,Evergreen Custody,Deposit - Evergreen Custody,InternalCashLedger,BATCH-496,batch_loader
LD-S000497-L2,ACC2002,Northstar Capital,2026-03-12,2026-03-12,USD,5167.61,credit,Deposit,REF000497,REF000497,Evergreen Custody,Deposit - Evergreen Custody,InternalCashLedger,BATCH-496,batch_loader
LD-S000498-L1,ACC3001,Harbour Fund Services,2026-03-21,2026-03-21,CAD,10231.90,credit,Deposit,REF000498,REF000498,Lakeview Partners,Deposit - Lakeview Partners,InternalCashLedger,BATCH-507,ops_user
LD-S000498-L2,ACC3001,Harbour Fund Services,2026-03-21,2026-03-21,CAD,10231.90,credit,Deposit,REF000498,REF000498,Lakeview Partners,Deposit - Lakeview Partners,InternalCashLedger,BATCH-507,ops_user
LD-S000499-L1,ACC2001,Maple Operations Ltd,2026-03-09,2026-03-09,USD,592.27,credit,Interest,REF000499,REF000499,North Ridge Treasury,Interest - North Ridge Treasury,InternalCashLedger,BATCH-660,ops_user
LD-S000499-L2,ACC2001,Maple Operations Ltd,2026-03-09,2026-03-09,USD,592.27,credit,Interest,REF000499,REF000499,North Ridge Treasury,Interest - North Ridge Treasury,InternalCashLedger,BATCH-660,ops_user
LD-S000500-L1,ACC3001,Maple Operations Ltd,2026-03-14,2026-03-14,CAD,15980.02,debit,Withdrawal,REF000500,REF000500,North Ridge Treasury,Withdrawal - North Ridge Treasury,InternalCashLedger,BATCH-453,batch_loader
LD-S000500-L2,ACC3001,Maple Operations Ltd,2026-03-14,2026-03-14,CAD,15980.02,debit,Withdrawal,REF000500,REF000500,North Ridge Treasury,Withdrawal - North Ridge Treasury,InternalCashLedger,BATCH-453,batch_loader
LD-S000501-L1,ACC1002,Maple Operations Ltd,2026-04-11,2026-04-11,CAD,5267.50,debit,Withdrawal,REF000501,REF000501,Pinebridge Vendor Services,Withdrawal - Pinebridge Vendor Services,InternalCashLedger,BATCH-879,ops_user
LD-S000502-L1,ACC3001,Maple Operations Ltd,2026-04-07,2026-04-07,CAD,17011.77,credit,Interest,REF000502,REF000502,RBC Banking Services,Interest - RBC Banking Services,InternalCashLedger,BATCH-392,ops_user
LD-S000503-L1,ACC1001,Northstar Capital,2026-03-07,2026-03-07,CAD,180.79,credit,Deposit,REF000503,REF000503,Bluewater Holdings,Deposit - Bluewater Holdings,InternalCashLedger,BATCH-868,system_feed
LD-S000504-L1,ACC2001,Northstar Capital,2026-03-17,2026-03-17,USD,105.83,debit,Withdrawal,REF000504,REF000504,North Ridge Treasury,Withdrawal - North Ridge Treasury,InternalCashLedger,BATCH-133,ops_user
LD-S000505-L1,ACC2002,Maple Operations Ltd,2026-04-09,2026-04-09,USD,18747.82,credit,Wire In,REF000505,REF000505,Lakeview Partners,Wire In - Lakeview Partners,InternalCashLedger,BATCH-498,system_feed
LD-S000506-L1,ACC3001,Harbour Fund Services,2026-03-19,2026-03-19,CAD,2127.52,debit,Withdrawal,REF000506,REF000506,RBC Banking Services,Withdrawal - RBC Banking Services,InternalCashLedger,BATCH-907,batch_loader
LD-S000507-L1,ACC2001,Northstar Capital,2026-03-04,2026-03-04,USD,276.21,credit,Deposit,REF000507,REF000507,Summit Client Account,Deposit - Summit Client Account,InternalCashLedger,BATCH-873,batch_loader
LD-S000508-L1,ACC3001,Harbour Fund Services,2026-04-08,2026-04-08,CAD,18397.95,debit,Withdrawal,REF000508,REF000508,Lakeview Partners,Withdrawal - Lakeview Partners,InternalCashLedger,BATCH-281,batch_loader
LD-S000509-L1,ACC1001,Harbour Fund Services,2026-03-12,2026-03-12,CAD,3864.49,debit,Wire Out,REF000509,REF000509,Bluewater Holdings,Wire Out - Bluewater Holdings,InternalCashLedger,BATCH-669,ops_user
LD-S000510-L1,ACC1002,Maple Operations Ltd,2026-04-07,2026-04-07,CAD,1135.48,debit,Wire Out,REF000510,REF000510,Summit Client Account,Wire Out - Summit Client Account,InternalCashLedger,BATCH-140,system_feed
LD-S000511-L1,ACC2001,Harbour Fund Services,2026-03-04,2026-03-04,USD,16008.80,credit,Deposit,REF000511,REF000511,North Ridge Treasury,Deposit - North Ridge Treasury,InternalCashLedger,BATCH-663,ops_user
LD-S000512-L1,ACC1001,Maple Operations Ltd,2026-03-21,2026-03-21,CAD,23967.71,debit,Withdrawal,REF000512,REF000512,Cedar Prime LP,Withdrawal - Cedar Prime LP,InternalCashLedger,BATCH-525,batch_loader
LD-S000513-L1,ACC3001,Harbour Fund Services,2026-03-06,2026-03-06,CAD,22201.52,credit,Interest,REF000513,REF000513,Pinebridge Vendor Services,Interest - Pinebridge Vendor Services,InternalCashLedger,BATCH-400,system_feed
LD-S000514-L1,ACC3001,Northstar Capital,2026-03-31,2026-03-31,CAD,20768.52,credit,Deposit,REF000514,REF000514,Bluewater Holdings,Deposit - Bluewater Holdings,InternalCashLedger,BATCH-556,system_feed
LD-S000515-L1,ACC3001,Harbour Fund Services,2026-03-16,2026-03-16,CAD,17381.23,credit,Deposit,REF000515,REF000515,Pinebridge Vendor Services,Deposit - Pinebridge Vendor Services,InternalCashLedger,BATCH-495,ops_user
LD-S000516-L1,ACC3001,Maple Operations Ltd,2026-03-19,2026-03-19,CAD,515.18,debit,Withdrawal,REF000516,REF000516,Pinebridge Vendor Services,Withdrawal - Pinebridge Vendor Services,InternalCashLedger,BATCH-556,ops_user
LD-S000517-L1,ACC1001,Northstar Capital,2026-04-11,2026-04-11,CAD,13333.47,debit,Fee,REF000517,REF000517,Cedar Prime LP,Fee - Cedar Prime LP,InternalCashLedger,BATCH-646,system_feed
LD-S000518-L1,ACC1001,Northstar Capital,2026-04-12,2026-04-12,CAD,6116.20,debit,Wire Out,REF000518,REF000518,RBC Banking Services,Wire Out - RBC Banking Services,InternalCashLedger,BATCH-650,batch_loader
LD-S000519-L1,ACC2002,Maple Operations Ltd,2026-03-05,2026-03-05,USD,4690.11,debit,Withdrawal,REF000519,REF000519,Summit Client Account,Withdrawal - Summit Client Account,InternalCashLedger,BATCH-138,system_feed
LD-S000520-L1,ACC1001,Harbour Fund Services,2026-03-12,2026-03-12,CAD,14394.02,credit,Wire In,REF000520,REF000520,Lakeview Partners,Wire In - Lakeview Partners,InternalCashLedger,BATCH-497,ops_user
LD-S000521-L1,ACC2002,Maple Operations Ltd,2026-03-21,2026-03-21,USD,655.97,credit,Interest,REF000521,REF000521,Bluewater Holdings,Interest - Bluewater Holdings,InternalCashLedger,BATCH-164,batch_loader
LD-S000522-L1,ACC3001,Harbour Fund Services,2026-04-14,2026-04-14,CAD,9584.80,credit,Wire In,REF000522,REF000522,Cedar Prime LP,Wire In - Cedar Prime LP,InternalCashLedger,BATCH-721,system_feed
LD-S000523-L1,ACC2001,Northstar Capital,2026-03-25,2026-03-25,USD,16857.36,credit,Interest,REF000523,REF000523,Summit Client Account,Interest - Summit Client Account,InternalCashLedger,BATCH-325,system_feed
LD-S000524-L1,ACC2002,Northstar Capital,2026-03-19,2026-03-19,USD,4457.81,credit,Deposit,REF000524,REF000524,Pinebridge Vendor Services,Deposit - Pinebridge Vendor Services,InternalCashLedger,BATCH-995,batch_loader
LD-S000525-L1,ACC1002,Harbour Fund Services,2026-03-03,2026-03-03,CAD,586.99,credit,Wire In,REF000525,REF000525,Cedar Prime LP,Wire In - Cedar Prime LP,InternalCashLedger,BATCH-866,batch_loader
LD-S000526-L1,ACC2001,Northstar Capital,2026-03-27,2026-03-27,USD,21435.01,debit,Wire Out,REF000526,REF000526,Evergreen Custody,Wire Out - Evergreen Custody,InternalCashLedger,BATCH-326,batch_loader
LD-S000527-L1,ACC2001,Maple Operations Ltd,2026-03-08,2026-03-08,USD,20191.84,debit,Wire Out,REF000527,REF000527,Bluewater Holdings,Wire Out - Bluewater Holdings,InternalCashLedger,BATCH-760,batch_loader
LD-S000528-L1,ACC1001,Harbour Fund Services,2026-04-12,2026-04-12,CAD,138.38,debit,Fee,REF000528,REF000528,Summit Client Account,Fee - Summit Client Account,InternalCashLedger,BATCH-231,batch_loader
LD-S000529-L1,ACC1002,Harbour Fund Services,2026-03-19,2026-03-19,CAD,22602.85,credit,Wire In,REF000529,REF000529,Pinebridge Vendor Services,Wire In - Pinebridge Vendor Services,InternalCashLedger,BATCH-436,batch_loader
LD-S000530-L1,ACC2001,Harbour Fund Services,2026-04-07,2026-04-07,USD,14604.69,debit,Withdrawal,REF000530,REF000530,Pinebridge Vendor Services,Withdrawal - Pinebridge Vendor Services,InternalCashLedger,BATCH-104,ops_user
LD-S000531-L1,ACC1002,Northstar Capital,2026-04-15,2026-04-15,CAD,11466.98,debit,Wire Out,REF000531,REF000531,Pinebridge Vendor Services,Wire Out - Pinebridge Vendor Services,InternalCashLedger,BATCH-998,ops_user
LD-S000532-L1,ACC2002,Northstar Capital,2026-03-23,2026-03-23,USD,12687.31,credit,Interest,REF000532,REF000532,Cedar Prime LP,Interest - Cedar Prime LP,InternalCashLedger,BATCH-183,ops_user
LD-S000533-L1,ACC1002,Maple Operations Ltd,2026-03-13,2026-03-13,CAD,22272.06,credit,Deposit,REF000533,REF000533,Cedar Prime LP,Deposit - Cedar Prime LP,InternalCashLedger,BATCH-119,batch_loader
LD-S000534-L1,ACC1001,Maple Operations Ltd,2026-04-07,2026-04-07,CAD,15160.87,credit,Deposit,REF000534,REF000534,Bluewater Holdings,Deposit - Bluewater Holdings,InternalCashLedger,BATCH-656,batch_loader
LD-S000535-L1,ACC2002,Northstar Capital,2026-03-10,2026-03-10,USD,6359.36,debit,Withdrawal,REF000535,REF000535,North Ridge Treasury,Withdrawal - North Ridge Treasury,InternalCashLedger,BATCH-613,batch_loader
LD-S000536-L1,ACC1001,Maple Operations Ltd,2026-03-27,2026-03-27,CAD,16904.28,credit,Interest,REF000536,REF000536-ALT,Evergreen Custody,Interest - Evergreen Custody - manually adjusted,InternalCashLedger,BATCH-263,system_feed
LD-S000537-L1,ACC3001,Harbour Fund Services,2026-04-14,2026-04-14,CAD,4508.78,credit,Deposit,REF000537,REF000537-ALT,Summit Client Account,Deposit - Summit Client Account - manually adjusted,InternalCashLedger,BATCH-879,ops_user
LD-S000538-L1,ACC1002,Maple Operations Ltd,2026-03-20,2026-03-20,CAD,2027.40,credit,Wire In,REF000538,REF000538-ALT,Lakeview Partners,Wire In - Lakeview Partners - manually adjusted,InternalCashLedger,BATCH-580,ops_user
LD-S000539-L1,ACC1001,Maple Operations Ltd,2026-04-13,2026-04-13,CAD,17889.67,credit,Wire In,REF000539,REF000539-ALT,North Ridge Treasury,Wire In - North Ridge Treasury - manually adjusted,InternalCashLedger,BATCH-485,batch_loader
LD-S000540-L1,ACC2002,Harbour Fund Services,2026-04-10,2026-04-10,USD,21051.26,debit,Fee,REF000540,REF000540-ALT,North Ridge Treasury,Fee - North Ridge Treasury - manually adjusted,InternalCashLedger,BATCH-461,ops_user
LD-S000541-L1,ACC2002,Northstar Capital,2026-04-10,2026-04-10,USD,843.83,credit,Interest,REF000541,REF000541-ALT,Summit Client Account,Interest - Summit Client Account - manually adjusted,InternalCashLedger,BATCH-626,batch_loader
LD-S000542-L1,ACC2001,Maple Operations Ltd,2026-03-13,2026-03-13,USD,9693.35,debit,Wire Out,REF000542,REF000542-ALT,Cedar Prime LP,Wire Out - Cedar Prime LP - manually adjusted,InternalCashLedger,BATCH-930,ops_user
LD-S000543-L1,ACC1001,Maple Operations Ltd,2026-04-15,2026-04-15,CAD,6056.89,credit,Interest,REF000543,REF000543-ALT,Evergreen Custody,Interest - Evergreen Custody - manually adjusted,InternalCashLedger,BATCH-349,system_feed
LD-S000544-L1,ACC1002,Maple Operations Ltd,2026-04-09,2026-04-09,CAD,16108.97,credit,Deposit,REF000544,REF000544-ALT,Bluewater Holdings,Deposit - Bluewater Holdings - manually adjusted,InternalCashLedger,BATCH-270,ops_user
LD-S000545-L1,ACC1002,Maple Operations Ltd,2026-03-28,2026-03-28,CAD,14526.51,credit,Deposit,REF000545,REF000545-ALT,Bluewater Holdings,Deposit - Bluewater Holdings - manually adjusted,InternalCashLedger,BATCH-321,ops_user
LD-S000546-L1,ACC3001,Maple Operations Ltd,2026-04-03,2026-04-03,CAD,20928.73,credit,Interest,REF000546,REF000546-ALT,Evergreen Custody,Interest - Evergreen Custody - manually adjusted,InternalCashLedger,BATCH-271,batch_loader
LD-S000547-L1,ACC2001,Northstar Capital,2026-04-10,2026-04-10,USD,6515.53,credit,Interest,REF000547,REF000547-ALT,RBC Banking Services,Interest - RBC Banking Services - manually adjusted,InternalCashLedger,BATCH-307,batch_loader
LD-S000548-L1,ACC3001,Harbour Fund Services,2026-03-29,2026-03-29,CAD,15532.26,debit,Withdrawal,REF000548,REF000548-ALT,Evergreen Custody,Withdrawal - Evergreen Custody - manually adjusted,InternalCashLedger,BATCH-998,batch_loader
LD-S000549-L1,ACC3001,Maple Operations Ltd,2026-03-09,2026-03-09,CAD,4127.89,credit,Wire In,REF000549,REF000549-ALT,Bluewater Holdings,Wire In - Bluewater Holdings - manually adjusted,InternalCashLedger,BATCH-479,system_feed
LD-S000550-L1,ACC3001,Harbour Fund Services,2026-03-17,2026-03-17,CAD,12570.96,credit,Interest,REF000550,REF000550-ALT,RBC Banking Services,Interest - RBC Banking Services - manually adjusted,InternalCashLedger,BATCH-535,system_feed
LD-S000551-L1,ACC2001,Harbour Fund Services,2026-03-17,2026-03-17,USD,3011.62,credit,Interest,REF000551,REF000551-ALT,RBC Banking Services,Interest - RBC Banking Services - manually adjusted,InternalCashLedger,BATCH-826,batch_loader
LD-S000552-L1,ACC1001,Maple Operations Ltd,2026-04-06,2026-04-06,CAD,56.47,credit,Deposit,REF000552,REF000552-ALT,Lakeview Partners,Deposit - Lakeview Partners - manually adjusted,InternalCashLedger,BATCH-470,system_feed
LD-S000553-L1,ACC1002,Maple Operations Ltd,2026-04-14,2026-04-14,CAD,7271.27,credit,Interest,REF000553,REF000553-ALT,RBC Banking Services,Interest - RBC Banking Services - manually adjusted,InternalCashLedger,BATCH-796,ops_user
LD-S000554-L1,ACC1002,Maple Operations Ltd,2026-04-08,2026-04-08,CAD,12579.23,credit,Interest,REF000554,REF000554-ALT,Pinebridge Vendor Services,Interest - Pinebridge Vendor Services - manually adjusted,InternalCashLedger,BATCH-359,ops_user
LD-S000555-L1,ACC3001,Maple Operations Ltd,2026-04-18,2026-04-18,CAD,4313.64,debit,Fee,REF000555,REF000555-ALT,Cedar Prime LP,Fee - Cedar Prime LP - manually adjusted,InternalCashLedger,BATCH-901,batch_loader
LD-S000556-L1,ACC1002,Northstar Capital,2026-03-16,2026-03-16,CAD,19865.95,credit,Wire In,REF000556,REF000556-ALT,Bluewater Holdings,Wire In - Bluewater Holdings - manually adjusted,InternalCashLedger,BATCH-923,system_feed
LD-S000557-L1,ACC1002,Harbour Fund Services,2026-04-10,2026-04-10,CAD,2537.93,credit,Interest,REF000557,REF000557-ALT,Lakeview Partners,Interest - Lakeview Partners - manually adjusted,InternalCashLedger,BATCH-841,ops_user
LD-S000558-L1,ACC2002,Northstar Capital,2026-04-14,2026-04-14,USD,18078.54,credit,Deposit,REF000558,REF000558-ALT,Bluewater Holdings,Deposit - Bluewater Holdings - manually adjusted,InternalCashLedger,BATCH-110,system_feed
LD-S000559-L1,ACC3001,Maple Operations Ltd,2026-03-15,2026-03-15,CAD,589.56,debit,Fee,REF000559,REF000559-ALT,Lakeview Partners,Fee - Lakeview Partners - manually adjusted,InternalCashLedger,BATCH-468,system_feed
LD-S000560-L1,ACC1001,Maple Operations Ltd,2026-03-09,2026-03-09,CAD,19712.15,debit,Wire Out,REF000560,REF000560-ALT,Pinebridge Vendor Services,Wire Out - Pinebridge Vendor Services - manually adjusted,InternalCashLedger,BATCH-700,system_feed
LD-S000561-L1,ACC3001,Maple Operations Ltd,2026-04-15,2026-04-15,CAD,78.69,credit,Wire In,REF000561,REF000561,North Ridge Treasury,Wire In - North Ridge Treasury - split 1,InternalCashLedger,BATCH-696,ops_user
LD-S000561-L2,ACC3001,Maple Operations Ltd,2026-04-15,2026-04-15,CAD,52.46,credit,Wire In,REF000561,REF000561,North Ridge Treasury,Wire In - North Ridge Treasury - split 2,InternalCashLedger,BATCH-455,ops_user
LD-S000562-L1,ACC1002,Harbour Fund Services,2026-03-13,2026-03-13,CAD,3743.24,credit,Deposit,REF000562,REF000562,Bluewater Holdings,Deposit - Bluewater Holdings - split 1,InternalCashLedger,BATCH-516,batch_loader
LD-S000562-L2,ACC1002,Harbour Fund Services,2026-03-13,2026-03-13,CAD,6951.72,credit,Deposit,REF000562,REF000562,Bluewater Holdings,Deposit - Bluewater Holdings - split 2,InternalCashLedger,BATCH-209,batch_loader
LD-S000563-L1,ACC1001,Maple Operations Ltd,2026-03-19,2026-03-19,CAD,2284.93,credit,Deposit,REF000563,REF000563,North Ridge Treasury,Deposit - North Ridge Treasury - split 1,InternalCashLedger,BATCH-356,batch_loader
LD-S000563-L2,ACC1001,Maple Operations Ltd,2026-03-19,2026-03-19,CAD,1523.29,credit,Deposit,REF000563,REF000563,North Ridge Treasury,Deposit - North Ridge Treasury - split 2,InternalCashLedger,BATCH-553,ops_user
LD-S000564-L1,ACC3001,Maple Operations Ltd,2026-03-16,2026-03-16,CAD,9627.89,credit,Interest,REF000564,REF000564,Summit Client Account,Interest - Summit Client Account - split 1,InternalCashLedger,BATCH-700,system_feed
LD-S000564-L2,ACC3001,Maple Operations Ltd,2026-03-16,2026-03-16,CAD,14441.84,credit,Interest,REF000564,REF000564,Summit Client Account,Interest - Summit Client Account - split 2,InternalCashLedger,BATCH-593,system_feed
LD-S000565-L1,ACC2001,Harbour Fund Services,2026-03-25,2026-03-25,USD,9944.30,credit,Wire In,REF000565,REF000565,Lakeview Partners,Wire In - Lakeview Partners - split 1,InternalCashLedger,BATCH-461,batch_loader
LD-S000565-L2,ACC2001,Harbour Fund Services,2026-03-25,2026-03-25,USD,14916.45,credit,Wire In,REF000565,REF000565,Lakeview Partners,Wire In - Lakeview Partners - split 2,InternalCashLedger,BATCH-648,system_feed
LD-S000566-L1,ACC2001,Northstar Capital,2026-03-19,2026-03-19,USD,393.80,debit,Wire Out,REF000566,REF000566,Pinebridge Vendor Services,Wire Out - Pinebridge Vendor Services - split 1,InternalCashLedger,BATCH-282,ops_user
LD-S000566-L2,ACC2001,Northstar Capital,2026-03-19,2026-03-19,USD,262.53,debit,Wire Out,REF000566,REF000566,Pinebridge Vendor Services,Wire Out - Pinebridge Vendor Services - split 2,InternalCashLedger,BATCH-421,ops_user
LD-S000567-L1,ACC1002,Harbour Fund Services,2026-03-18,2026-03-18,CAD,11344.65,credit,Deposit,REF000567,REF000567,Lakeview Partners,Deposit - Lakeview Partners - split 1,InternalCashLedger,BATCH-304,system_feed
LD-S000567-L2,ACC1002,Harbour Fund Services,2026-03-18,2026-03-18,CAD,7563.10,credit,Deposit,REF000567,REF000567,Lakeview Partners,Deposit - Lakeview Partners - split 2,InternalCashLedger,BATCH-853,system_feed
LD-S000568-L1,ACC2001,Northstar Capital,2026-03-15,2026-03-15,USD,2447.44,debit,Wire Out,REF000568,REF000568,Pinebridge Vendor Services,Wire Out - Pinebridge Vendor Services - split 1,InternalCashLedger,BATCH-222,system_feed
LD-S000568-L2,ACC2001,Northstar Capital,2026-03-15,2026-03-15,USD,4545.25,debit,Wire Out,REF000568,REF000568,Pinebridge Vendor Services,Wire Out - Pinebridge Vendor Services - split 2,InternalCashLedger,BATCH-792,batch_loader
LD-S000569-L1,ACC2002,Harbour Fund Services,2026-03-01,2026-03-01,USD,5598.15,credit,Deposit,REF000569,REF000569,Bluewater Holdings,Deposit - Bluewater Holdings - split 1,InternalCashLedger,BATCH-735,ops_user
LD-S000569-L2,ACC2002,Harbour Fund Services,2026-03-01,2026-03-01,USD,8397.22,credit,Deposit,REF000569,REF000569,Bluewater Holdings,Deposit - Bluewater Holdings - split 2,InternalCashLedger,BATCH-604,batch_loader
LD-S000570-L1,ACC2001,Harbour Fund Services,2026-03-12,2026-03-12,USD,8044.46,credit,Interest,REF000570,REF000570,North Ridge Treasury,Interest - North Ridge Treasury - split 1,InternalCashLedger,BATCH-868,batch_loader
LD-S000570-L2,ACC2001,Harbour Fund Services,2026-03-12,2026-03-12,USD,14939.70,credit,Interest,REF000570,REF000570,North Ridge Treasury,Interest - North Ridge Treasury - split 2,InternalCashLedger,BATCH-231,system_feed
LD-S000571-L1,ACC3001,Harbour Fund Services,2026-03-31,2026-03-31,CAD,1068.90,credit,Interest,REF000571,REF000571,Pinebridge Vendor Services,Interest - Pinebridge Vendor Services - split 1,InternalCashLedger,BATCH-894,system_feed
LD-S000571-L2,ACC3001,Harbour Fund Services,2026-03-31,2026-03-31,CAD,712.60,credit,Interest,REF000571,REF000571,Pinebridge Vendor Services,Interest - Pinebridge Vendor Services - split 2,InternalCashLedger,BATCH-568,system_feed
LD-S000572-L1,ACC3001,Harbour Fund Services,2026-03-21,2026-03-21,CAD,770.21,credit,Interest,REF000572,REF000572,Lakeview Partners,Interest - Lakeview Partners - split 1,InternalCashLedger,BATCH-203,ops_user
LD-S000572-L2,ACC3001,Harbour Fund Services,2026-03-21,2026-03-21,CAD,513.47,credit,Interest,REF000572,REF000572,Lakeview Partners,Interest - Lakeview Partners - split 2,InternalCashLedger,BATCH-470,batch_loader
LD-S000573-L1,ACC2001,Harbour Fund Services,2026-04-05,2026-04-05,USD,2613.03,debit,Wire Out,REF000573,REF000573,Pinebridge Vendor Services,Wire Out - Pinebridge Vendor Services - split 1,InternalCashLedger,BATCH-610,ops_user
LD-S000573-L2,ACC2001,Harbour Fund Services,2026-04-05,2026-04-05,USD,4852.77,debit,Wire Out,REF000573,REF000573,Pinebridge Vendor Services,Wire Out - Pinebridge Vendor Services - split 2,InternalCashLedger,BATCH-315,ops_user
LD-S000574-L1,ACC2001,Maple Operations Ltd,2026-03-26,2026-03-26,USD,3190.40,debit,Fee,REF000574,REF000574,Evergreen Custody,Fee - Evergreen Custody - split 1,InternalCashLedger,BATCH-334,system_feed
LD-S000574-L2,ACC2001,Maple Operations Ltd,2026-03-26,2026-03-26,USD,2126.94,debit,Fee,REF000574,REF000574,Evergreen Custody,Fee - Evergreen Custody - split 2,InternalCashLedger,BATCH-838,ops_user
LD-S000575-L1,ACC1002,Harbour Fund Services,2026-03-28,2026-03-28,CAD,1996.93,credit,Deposit,REF000575,REF000575,Evergreen Custody,Deposit - Evergreen Custody - split 1,InternalCashLedger,BATCH-280,ops_user
LD-S000575-L2,ACC1002,Harbour Fund Services,2026-03-28,2026-03-28,CAD,3708.59,credit,Deposit,REF000575,REF000575,Evergreen Custody,Deposit - Evergreen Custody - split 2,InternalCashLedger,BATCH-611,system_feed
LD-S000576-L1,ACC3001,Harbour Fund Services,2026-03-21,2026-03-21,CAD,8200.82,credit,Deposit,REF000576,REF000576,Bluewater Holdings,Deposit - Bluewater Holdings,InternalCashLedger,BATCH-201,batch_loader
LD-S000577-L1,ACC1002,Harbour Fund Services,2026-03-14,2026-03-14,CAD,12436.95,credit,Wire In,REF000577,REF000577,Cedar Prime LP,Wire In - Cedar Prime LP,InternalCashLedger,BATCH-862,ops_user
LD-S000578-L1,ACC2001,Harbour Fund Services,2026-03-24,2026-03-24,USD,23364.27,debit,Fee,REF000578,REF000578,North Ridge Treasury,Fee - North Ridge Treasury,InternalCashLedger,BATCH-120,ops_user
LD-S000579-L1,ACC1001,Harbour Fund Services,2026-04-13,2026-04-13,CAD,5774.99,debit,Fee,REF000579,REF000579,Evergreen Custody,Fee - Evergreen Custody,InternalCashLedger,BATCH-463,ops_user
LD-S000580-L1,ACC3001,Harbour Fund Services,2026-03-29,2026-03-29,CAD,10145.70,credit,Interest,REF000580,REF000580,North Ridge Treasury,Interest - North Ridge Treasury,InternalCashLedger,BATCH-746,system_feed
LD-S000581-L1,ACC1002,Northstar Capital,2026-03-22,2026-03-22,CAD,15695.44,debit,Withdrawal,REF000581,REF000581,RBC Banking Services,Withdrawal - RBC Banking Services,InternalCashLedger,BATCH-181,system_feed
LD-S000582-L1,ACC2001,Maple Operations Ltd,2026-03-21,2026-03-21,USD,7992.55,debit,Wire Out,REF000582,REF000582,North Ridge Treasury,Wire Out - North Ridge Treasury,InternalCashLedger,BATCH-760,ops_user
LD-S000583-L1,ACC2001,Harbour Fund Services,2026-03-24,2026-03-24,USD,13502.46,credit,Interest,REF000583,REF000583,Summit Client Account,Interest - Summit Client Account,InternalCashLedger,BATCH-271,system_feed
LD-S000584-L1,ACC1001,Northstar Capital,2026-03-16,2026-03-16,CAD,23570.50,debit,Wire Out,REF000584,REF000584,Cedar Prime LP,Wire Out - Cedar Prime LP,InternalCashLedger,BATCH-270,ops_user
LD-S000585-L1,ACC1001,Northstar Capital,2026-03-05,2026-03-05,CAD,12356.46,credit,Wire In,REF000585,REF000585,Bluewater Holdings,Wire In - Bluewater Holdings,InternalCashLedger,BATCH-889,ops_user
LD-S000586-L1,ACC3001,Harbour Fund Services,2026-03-07,2026-03-07,CAD,4726.58,credit,Wire In,REF000586,REF000586,RBC Banking Services,Wire In - RBC Banking Services,InternalCashLedger,BATCH-353,batch_loader
LD-S000587-L1,ACC2001,Northstar Capital,2026-04-10,2026-04-10,USD,524.07,credit,Interest,REF000587,REF000587,Evergreen Custody,Interest - Evergreen Custody,InternalCashLedger,BATCH-779,ops_user
LD-S000588-L1,ACC2001,Maple Operations Ltd,2026-03-30,2026-03-30,USD,13974.02,credit,Interest,REF000588,REF000588,North Ridge Treasury,Interest - North Ridge Treasury,InternalCashLedger,BATCH-238,batch_loader
LD-S000589-L1,ACC3001,Maple Operations Ltd,2026-04-07,2026-04-07,CAD,16145.14,debit,Wire Out,REF000589,REF000589,RBC Banking Services,Wire Out - RBC Banking Services,InternalCashLedger,BATCH-455,ops_user
LD-S000590-L1,ACC3001,Northstar Capital,2026-03-06,2026-03-06,CAD,9778.80,debit,Wire Out,REF000590,REF000590,North Ridge Treasury,Wire Out - North Ridge Treasury,InternalCashLedger,BATCH-110,system_feed
LD-S000591-L1,ACC3001,Harbour Fund Services,2026-03-23,2026-03-23,CAD,13842.37,debit,Wire Out,REF000591,REF000591,Summit Client Account,Wire Out - Summit Client Account,InternalCashLedger,BATCH-109,ops_user
LD-S000592-L1,ACC2001,Harbour Fund Services,2026-03-15,2026-03-15,USD,14157.09,credit,Deposit,REF000592,REF000592,Lakeview Partners,Deposit - Lakeview Partners,InternalCashLedger,BATCH-504,system_feed
LD-S000593-L1,ACC1002,Northstar Capital,2026-04-11,2026-04-11,CAD,10080.59,debit,Withdrawal,REF000593,REF000593,North Ridge Treasury,Withdrawal - North Ridge Treasury,InternalCashLedger,BATCH-740,system_feed
LD-S000594-L1,ACC3001,Harbour Fund Services,2026-04-14,2026-04-14,CAD,7832.24,credit,Deposit,REF000594,REF000594,North Ridge Treasury,Deposit - North Ridge Treasury,InternalCashLedger,BATCH-973,system_feed
LD-S000595-L1,ACC1002,Harbour Fund Services,2026-03-19,2026-03-19,CAD,459.81,debit,Wire Out,REF000595,REF000595,Summit Client Account,Wire Out - Summit Client Account,InternalCashLedger,BATCH-292,ops_user
LD-S000596-L1,ACC1001,Harbour Fund Services,2026-03-04,2026-03-04,CAD,1531.14,debit,Wire Out,REF000596,REF000596,Cedar Prime LP,Wire Out - Cedar Prime LP,InternalCashLedger,BATCH-228,batch_loader
LD-S000597-L1,ACC2002,Northstar Capital,2026-03-01,2026-03-01,USD,4616.41,debit,Withdrawal,REF000597,REF000597,Summit Client Account,Withdrawal - Summit Client Account,InternalCashLedger,BATCH-530,ops_user
LD-S000598-L1,ACC2002,Northstar Capital,2026-03-30,2026-03-30,USD,1761.69,debit,Fee,REF000598,REF000598,Cedar Prime LP,Fee - Cedar Prime LP,InternalCashLedger,BATCH-372,ops_user
LD-S000599-L1,ACC1001,Harbour Fund Services,2026-03-31,2026-03-31,CAD,22496.78,credit,Deposit,REF000599,REF000599,North Ridge Treasury,Deposit - North Ridge Treasury,InternalCashLedger,BATCH-224,batch_loader
LD-S000600-L1,ACC1002,Harbour Fund Services,2026-03-29,2026-03-29,CAD,24868.85,credit,Interest,REF000600,REF000600,Lakeview Partners,Interest - Lakeview Partners,InternalCashLedger,BATCH-633,batch_loader
LD-S000601-L1,ACC1002,Northstar Capital,2026-03-25,2026-03-25,CAD,8490.62,credit,Interest,REF000601,REF000601,Pinebridge Vendor Services,Interest - Pinebridge Vendor Services,InternalCashLedger,BATCH-862,batch_loader
LD-S000602-L1,ACC3001,Northstar Capital,2026-03-17,2026-03-17,CAD,8171.51,credit,Wire In,REF000602,REF000602,Pinebridge Vendor Services,Wire In - Pinebridge Vendor Services,InternalCashLedger,BATCH-215,system_feed
LD-S000603-L1,ACC2002,Harbour Fund Services,2026-03-01,2026-03-01,USD,7626.40,debit,Fee,REF000603,REF000603,Cedar Prime LP,Fee - Cedar Prime LP,InternalCashLedger,BATCH-109,system_feed
LD-S000604-L1,ACC3001,Northstar Capital,2026-03-31,2026-03-31,CAD,4719.81,debit,Withdrawal,REF000604,REF000604,Cedar Prime LP,Withdrawal - Cedar Prime LP,InternalCashLedger,BATCH-611,system_feed
LD-S000605-L1,ACC3001,Maple Operations Ltd,2026-04-10,2026-04-10,CAD,369.97,debit,Fee,REF000605,REF000605,Evergreen Custody,Fee - Evergreen Custody,InternalCashLedger,BATCH-228,ops_user
LD-S000606-L1,ACC1002,Maple Operations Ltd,2026-04-05,2026-04-05,CAD,19160.74,debit,Fee,REF000606,REF000606,Summit Client Account,Fee - Summit Client Account,InternalCashLedger,BATCH-121,batch_loader
LD-S000607-L1,ACC2002,Maple Operations Ltd,2026-03-09,2026-03-09,USD,1947.73,debit,Fee,REF000607,REF000607,Summit Client Account,Fee - Summit Client Account,InternalCashLedger,BATCH-655,batch_loader
LD-S000608-L1,ACC2002,Harbour Fund Services,2026-04-06,2026-04-06,USD,9343.95,debit,Wire Out,REF000608,REF000608,Summit Client Account,Wire Out - Summit Client Account,InternalCashLedger,BATCH-170,batch_loader
LD-S000609-L1,ACC1002,Northstar Capital,2026-03-19,2026-03-19,CAD,13998.54,credit,Interest,REF000609,REF000609,Summit Client Account,Interest - Summit Client Account,InternalCashLedger,BATCH-851,system_feed
LD-S000610-L1,ACC1001,Maple Operations Ltd,2026-03-24,2026-03-24,CAD,6730.88,credit,Deposit,REF000610,REF000610,Cedar Prime LP,Deposit - Cedar Prime LP,InternalCashLedger,BATCH-294,batch_loader
